algorithm,class_id,tau,R,eta,instance,instance_no,elapsed_sec,n_seeds,mean_twt_across_seeds,mean_relative_twt_pct,mean_improvement_pct
DDE,C01,0.3,0.25,0.25,wt_sds_1,1,0,5,2442.0,100.0,0.0
DDE,C01,0.3,0.25,0.25,wt_sds_1,1,1,5,2442.0,100.0,0.0
DDE,C01,0.3,0.25,0.25,wt_sds_1,1,2,5,2442.0,100.0,0.0
DDE,C01,0.3,0.25,0.25,wt_sds_1,1,3,5,2442.0,100.0,0.0
DDE,C01,0.3,0.25,0.25,wt_sds_1,1,4,5,2222.8,91.02375102375103,8.976248976248977
DDE,C01,0.3,0.25,0.25,wt_sds_1,1,5,5,2222.8,91.02375102375103,8.976248976248977
DDE,C01,0.3,0.25,0.25,wt_sds_1,1,6,5,2222.8,91.02375102375103,8.976248976248977
DDE,C01,0.3,0.25,0.25,wt_sds_1,1,7,5,2220.4,90.92547092547093,9.074529074529076
DDE,C01,0.3,0.25,0.25,wt_sds_1,1,8,5,2220.4,90.92547092547093,9.074529074529076
DDE,C01,0.3,0.25,0.25,wt_sds_1,1,9,5,2220.4,90.92547092547093,9.074529074529076
DDE,C01,0.3,0.25,0.25,wt_sds_1,1,10,5,2220.4,90.92547092547093,9.074529074529076
DDE,C01,0.3,0.25,0.25,wt_sds_2,2,0,5,13089.0,100.0,0.0
DDE,C01,0.3,0.25,0.25,wt_sds_2,2,1,5,13089.0,100.0,0.0
DDE,C01,0.3,0.25,0.25,wt_sds_2,2,2,5,13089.0,100.0,0.0
DDE,C01,0.3,0.25,0.25,wt_sds_2,2,3,5,13089.0,100.0,0.0
DDE,C01,0.3,0.25,0.25,wt_sds_2,2,4,5,12084.6,92.32638093055238,7.673619069447628
DDE,C01,0.3,0.25,0.25,wt_sds_2,2,5,5,11956.6,91.34846053938422,8.651539460615783
DDE,C01,0.3,0.25,0.25,wt_sds_2,2,6,5,10475.4,80.0320880128352,19.967911987164797
DDE,C01,0.3,0.25,0.25,wt_sds_2,2,7,5,9814.6,74.98357399342959,25.016426006570406
DDE,C01,0.3,0.25,0.25,wt_sds_2,2,8,5,8597.4,65.68416227366491,34.31583772633509
DDE,C01,0.3,0.25,0.25,wt_sds_2,2,9,5,8597.4,65.68416227366491,34.31583772633509
DDE,C01,0.3,0.25,0.25,wt_sds_2,2,10,5,8597.4,65.68416227366491,34.31583772633509
DDE,C01,0.3,0.25,0.25,wt_sds_3,3,0,5,5053.0,100.0,0.0
DDE,C01,0.3,0.25,0.25,wt_sds_3,3,1,5,5053.0,100.0,0.0
DDE,C01,0.3,0.25,0.25,wt_sds_3,3,2,5,5053.0,100.0,0.0
DDE,C01,0.3,0.25,0.25,wt_sds_3,3,3,5,5053.0,100.0,0.0
DDE,C01,0.3,0.25,0.25,wt_sds_3,3,4,5,4904.4,97.05917276865229,2.940827231347714
DDE,C01,0.3,0.25,0.25,wt_sds_3,3,5,5,4636.2,91.75143479121314,8.24856520878686
DDE,C01,0.3,0.25,0.25,wt_sds_3,3,6,5,4636.2,91.75143479121314,8.24856520878686
DDE,C01,0.3,0.25,0.25,wt_sds_3,3,7,5,4636.2,91.75143479121314,8.24856520878686
DDE,C01,0.3,0.25,0.25,wt_sds_3,3,8,5,4636.2,91.75143479121314,8.24856520878686
DDE,C01,0.3,0.25,0.25,wt_sds_3,3,9,5,4636.2,91.75143479121314,8.24856520878686
DDE,C01,0.3,0.25,0.25,wt_sds_3,3,10,5,4636.2,91.75143479121314,8.24856520878686
DDE,C01,0.3,0.25,0.25,wt_sds_4,4,0,5,16155.0,100.0,0.0
DDE,C01,0.3,0.25,0.25,wt_sds_4,4,1,5,16155.0,100.0,0.0
DDE,C01,0.3,0.25,0.25,wt_sds_4,4,2,5,16155.0,100.0,0.0
DDE,C01,0.3,0.25,0.25,wt_sds_4,4,3,5,16155.0,100.0,0.0
DDE,C01,0.3,0.25,0.25,wt_sds_4,4,4,5,15234.8,94.3039306716187,5.696069328381304
DDE,C01,0.3,0.25,0.25,wt_sds_4,4,5,5,13029.2,80.6511915815537,19.348808418446303
DDE,C01,0.3,0.25,0.25,wt_sds_4,4,6,5,11438.6,70.80532342927886,29.19467657072114
DDE,C01,0.3,0.25,0.25,wt_sds_4,4,7,5,11438.6,70.80532342927886,29.19467657072114
DDE,C01,0.3,0.25,0.25,wt_sds_4,4,8,5,11438.6,70.80532342927886,29.19467657072114
DDE,C01,0.3,0.25,0.25,wt_sds_4,4,9,5,11438.6,70.80532342927886,29.19467657072114
DDE,C01,0.3,0.25,0.25,wt_sds_4,4,10,5,11438.6,70.80532342927886,29.19467657072114
DDE,C01,0.3,0.25,0.25,wt_sds_5,5,0,5,10127.0,100.0,0.0
DDE,C01,0.3,0.25,0.25,wt_sds_5,5,1,5,10127.0,100.0,0.0
DDE,C01,0.3,0.25,0.25,wt_sds_5,5,2,5,10127.0,100.0,0.0
DDE,C01,0.3,0.25,0.25,wt_sds_5,5,3,5,9983.6,98.58398341068431,1.4160165893156915
DDE,C01,0.3,0.25,0.25,wt_sds_5,5,4,5,9191.0,90.75738125802312,9.242618741976894
DDE,C01,0.3,0.25,0.25,wt_sds_5,5,5,5,8540.8,84.33692110200454,15.663078897995458
DDE,C01,0.3,0.25,0.25,wt_sds_5,5,6,5,8221.0,81.17902636516244,18.820973634837564
DDE,C01,0.3,0.25,0.25,wt_sds_5,5,7,5,7644.4,75.48533622988052,24.514663770119483
DDE,C01,0.3,0.25,0.25,wt_sds_5,5,8,5,7644.4,75.48533622988052,24.514663770119483
DDE,C01,0.3,0.25,0.25,wt_sds_5,5,9,5,7644.4,75.48533622988052,24.514663770119483
DDE,C01,0.3,0.25,0.25,wt_sds_5,5,10,5,7644.4,75.48533622988052,24.514663770119483
DDE,C02,0.3,0.25,0.75,wt_sds_11,11,0,5,16772.0,100.0,0.0
DDE,C02,0.3,0.25,0.75,wt_sds_11,11,1,5,16772.0,100.0,0.0
DDE,C02,0.3,0.25,0.75,wt_sds_11,11,2,5,16772.0,100.0,0.0
DDE,C02,0.3,0.25,0.75,wt_sds_11,11,3,5,16550.6,98.67994276174576,1.3200572382542333
DDE,C02,0.3,0.25,0.75,wt_sds_11,11,4,5,14955.8,89.1712377772478,10.828762222752207
DDE,C02,0.3,0.25,0.75,wt_sds_11,11,5,5,12837.0,76.53827808251847,23.46172191748152
DDE,C02,0.3,0.25,0.75,wt_sds_11,11,6,5,11757.6,70.1025518721679,29.897448127832103
DDE,C02,0.3,0.25,0.75,wt_sds_11,11,7,5,11578.8,69.0364893870737,30.963510612926306
DDE,C02,0.3,0.25,0.75,wt_sds_11,11,8,5,10619.2,63.31504889100883,36.68495110899117
DDE,C02,0.3,0.25,0.75,wt_sds_11,11,9,5,10619.2,63.31504889100883,36.68495110899117
DDE,C02,0.3,0.25,0.75,wt_sds_11,11,10,5,10619.2,63.31504889100883,36.68495110899117
DDE,C02,0.3,0.25,0.75,wt_sds_12,12,0,5,751.0,100.0,0.0
DDE,C02,0.3,0.25,0.75,wt_sds_12,12,1,5,751.0,100.0,0.0
DDE,C02,0.3,0.25,0.75,wt_sds_12,12,2,5,751.0,100.0,0.0
DDE,C02,0.3,0.25,0.75,wt_sds_12,12,3,5,751.0,100.0,0.0
DDE,C02,0.3,0.25,0.75,wt_sds_12,12,4,5,603.8,80.3994673768309,19.60053262316911
DDE,C02,0.3,0.25,0.75,wt_sds_12,12,5,5,224.6,29.906790945406122,70.09320905459387
DDE,C02,0.3,0.25,0.75,wt_sds_12,12,6,5,224.6,29.906790945406122,70.09320905459387
DDE,C02,0.3,0.25,0.75,wt_sds_12,12,7,5,224.6,29.906790945406122,70.09320905459387
DDE,C02,0.3,0.25,0.75,wt_sds_12,12,8,5,224.6,29.906790945406122,70.09320905459387
DDE,C02,0.3,0.25,0.75,wt_sds_12,12,9,5,224.6,29.906790945406122,70.09320905459387
DDE,C02,0.3,0.25,0.75,wt_sds_12,12,10,5,224.6,29.906790945406122,70.09320905459387
DDE,C02,0.3,0.25,0.75,wt_sds_13,13,0,5,11556.0,100.0,0.0
DDE,C02,0.3,0.25,0.75,wt_sds_13,13,1,5,11556.0,100.0,0.0
DDE,C02,0.3,0.25,0.75,wt_sds_13,13,2,5,11556.0,100.0,0.0
DDE,C02,0.3,0.25,0.75,wt_sds_13,13,3,5,11556.0,100.0,0.0
DDE,C02,0.3,0.25,0.75,wt_sds_13,13,4,5,11454.4,99.12080304603668,0.8791969539633072
DDE,C02,0.3,0.25,0.75,wt_sds_13,13,5,5,11113.6,96.17168570439598,3.8283142956040166
DDE,C02,0.3,0.25,0.75,wt_sds_13,13,6,5,11113.6,96.17168570439598,3.8283142956040166
DDE,C02,0.3,0.25,0.75,wt_sds_13,13,7,5,11113.6,96.17168570439598,3.8283142956040166
DDE,C02,0.3,0.25,0.75,wt_sds_13,13,8,5,11113.6,96.17168570439598,3.8283142956040166
DDE,C02,0.3,0.25,0.75,wt_sds_13,13,9,5,11113.6,96.17168570439598,3.8283142956040166
DDE,C02,0.3,0.25,0.75,wt_sds_13,13,10,5,11113.6,96.17168570439598,3.8283142956040166
DDE,C02,0.3,0.25,0.75,wt_sds_14,14,0,5,15307.0,100.0,0.0
DDE,C02,0.3,0.25,0.75,wt_sds_14,14,1,5,15307.0,100.0,0.0
DDE,C02,0.3,0.25,0.75,wt_sds_14,14,2,5,15307.0,100.0,0.0
DDE,C02,0.3,0.25,0.75,wt_sds_14,14,3,5,15307.0,100.0,0.0
DDE,C02,0.3,0.25,0.75,wt_sds_14,14,4,5,15307.0,100.0,0.0
DDE,C02,0.3,0.25,0.75,wt_sds_14,14,5,5,13708.4,89.55641209903965,10.443587900960344
DDE,C02,0.3,0.25,0.75,wt_sds_14,14,6,5,9705.6,63.4062847063435,36.5937152936565
DDE,C02,0.3,0.25,0.75,wt_sds_14,14,7,5,8170.2,53.375579800091465,46.624420199908535
DDE,C02,0.3,0.25,0.75,wt_sds_14,14,8,5,8170.2,53.375579800091465,46.624420199908535
DDE,C02,0.3,0.25,0.75,wt_sds_14,14,9,5,8170.2,53.375579800091465,46.624420199908535
DDE,C02,0.3,0.25,0.75,wt_sds_14,14,10,5,8170.2,53.375579800091465,46.624420199908535
DDE,C02,0.3,0.25,0.75,wt_sds_15,15,0,5,7572.0,100.0,0.0
DDE,C02,0.3,0.25,0.75,wt_sds_15,15,1,5,7572.0,100.0,0.0
DDE,C02,0.3,0.25,0.75,wt_sds_15,15,2,5,7572.0,100.0,0.0
DDE,C02,0.3,0.25,0.75,wt_sds_15,15,3,5,7572.0,100.0,0.0
DDE,C02,0.3,0.25,0.75,wt_sds_15,15,4,5,7116.6,93.98573692551506,6.014263074484944
DDE,C02,0.3,0.25,0.75,wt_sds_15,15,5,5,6968.0,92.02324352879029,7.97675647120972
DDE,C02,0.3,0.25,0.75,wt_sds_15,15,6,5,6516.4,86.05916534601162,13.940834653988379
DDE,C02,0.3,0.25,0.75,wt_sds_15,15,7,5,6516.4,86.05916534601162,13.940834653988379
DDE,C02,0.3,0.25,0.75,wt_sds_15,15,8,5,6367.8,84.09667194928684,15.903328050713153
DDE,C02,0.3,0.25,0.75,wt_sds_15,15,9,5,6367.8,84.09667194928684,15.903328050713153
DDE,C02,0.3,0.25,0.75,wt_sds_15,15,10,5,6367.8,84.09667194928684,15.903328050713153
DDE,C03,0.3,0.75,0.25,wt_sds_21,21,0,5,3736.0,100.0,0.0
DDE,C03,0.3,0.75,0.25,wt_sds_21,21,1,5,3736.0,100.0,0.0
DDE,C03,0.3,0.75,0.25,wt_sds_21,21,2,5,3736.0,100.0,0.0
DDE,C03,0.3,0.75,0.25,wt_sds_21,21,3,5,3736.0,100.0,0.0
DDE,C03,0.3,0.75,0.25,wt_sds_21,21,4,5,2592.4,69.38972162740899,30.610278372591004
DDE,C03,0.3,0.75,0.25,wt_sds_21,21,5,5,1719.8,46.033190578158454,53.966809421841546
DDE,C03,0.3,0.75,0.25,wt_sds_21,21,6,5,1299.6,34.78586723768736,65.21413276231263
DDE,C03,0.3,0.75,0.25,wt_sds_21,21,7,5,917.6,24.5610278372591,75.4389721627409
DDE,C03,0.3,0.75,0.25,wt_sds_21,21,8,5,850.8,22.77301927194861,77.2269807280514
DDE,C03,0.3,0.75,0.25,wt_sds_21,21,9,5,850.8,22.77301927194861,77.2269807280514
DDE,C03,0.3,0.75,0.25,wt_sds_21,21,10,5,850.8,22.77301927194861,77.2269807280514
DDE,C03,0.3,0.75,0.25,wt_sds_22,22,0,5,1325.0,100.0,0.0
DDE,C03,0.3,0.75,0.25,wt_sds_22,22,1,5,1325.0,100.0,0.0
DDE,C03,0.3,0.75,0.25,wt_sds_22,22,2,5,1325.0,100.0,0.0
DDE,C03,0.3,0.75,0.25,wt_sds_22,22,3,5,1325.0,100.0,0.0
DDE,C03,0.3,0.75,0.25,wt_sds_22,22,4,5,1309.0,98.79245283018868,1.2075471698113205
DDE,C03,0.3,0.75,0.25,wt_sds_22,22,5,5,1241.8,93.72075471698113,6.279245283018869
DDE,C03,0.3,0.75,0.25,wt_sds_22,22,6,5,1241.8,93.72075471698113,6.279245283018869
DDE,C03,0.3,0.75,0.25,wt_sds_22,22,7,5,1241.8,93.72075471698113,6.279245283018869
DDE,C03,0.3,0.75,0.25,wt_sds_22,22,8,5,1241.8,93.72075471698113,6.279245283018869
DDE,C03,0.3,0.75,0.25,wt_sds_22,22,9,5,1241.8,93.72075471698113,6.279245283018869
DDE,C03,0.3,0.75,0.25,wt_sds_22,22,10,5,1241.8,93.72075471698113,6.279245283018869
DDE,C03,0.3,0.75,0.25,wt_sds_23,23,0,5,0.0,100.0,0.0
DDE,C03,0.3,0.75,0.25,wt_sds_23,23,1,5,0.0,100.0,0.0
DDE,C03,0.3,0.75,0.25,wt_sds_23,23,2,5,0.0,100.0,0.0
DDE,C03,0.3,0.75,0.25,wt_sds_23,23,3,5,0.0,100.0,0.0
DDE,C03,0.3,0.75,0.25,wt_sds_23,23,4,5,0.0,100.0,0.0
DDE,C03,0.3,0.75,0.25,wt_sds_23,23,5,5,0.0,100.0,0.0
DDE,C03,0.3,0.75,0.25,wt_sds_23,23,6,5,0.0,100.0,0.0
DDE,C03,0.3,0.75,0.25,wt_sds_23,23,7,5,0.0,100.0,0.0
DDE,C03,0.3,0.75,0.25,wt_sds_23,23,8,5,0.0,100.0,0.0
DDE,C03,0.3,0.75,0.25,wt_sds_23,23,9,5,0.0,100.0,0.0
DDE,C03,0.3,0.75,0.25,wt_sds_23,23,10,5,0.0,100.0,0.0
DDE,C03,0.3,0.75,0.25,wt_sds_24,24,0,5,4871.0,100.0,0.0
DDE,C03,0.3,0.75,0.25,wt_sds_24,24,1,5,4871.0,100.0,0.0
DDE,C03,0.3,0.75,0.25,wt_sds_24,24,2,5,4871.0,100.0,0.0
DDE,C03,0.3,0.75,0.25,wt_sds_24,24,3,5,4871.0,100.0,0.0
DDE,C03,0.3,0.75,0.25,wt_sds_24,24,4,5,4640.0,95.257647300349,4.742352699650996
DDE,C03,0.3,0.75,0.25,wt_sds_24,24,5,5,4296.6,88.20776021350852,11.792239786491482
DDE,C03,0.3,0.75,0.25,wt_sds_24,24,6,5,4186.8,85.95360295627181,14.046397043728188
DDE,C03,0.3,0.75,0.25,wt_sds_24,24,7,5,4186.8,85.95360295627181,14.046397043728188
DDE,C03,0.3,0.75,0.25,wt_sds_24,24,8,5,4186.8,85.95360295627181,14.046397043728188
DDE,C03,0.3,0.75,0.25,wt_sds_24,24,9,5,4186.8,85.95360295627181,14.046397043728188
DDE,C03,0.3,0.75,0.25,wt_sds_24,24,10,5,4186.8,85.95360295627181,14.046397043728188
DDE,C03,0.3,0.75,0.25,wt_sds_25,25,0,5,2696.0,100.0,0.0
DDE,C03,0.3,0.75,0.25,wt_sds_25,25,1,5,2696.0,100.0,0.0
DDE,C03,0.3,0.75,0.25,wt_sds_25,25,2,5,2696.0,100.0,0.0
DDE,C03,0.3,0.75,0.25,wt_sds_25,25,3,5,2696.0,100.0,0.0
DDE,C03,0.3,0.75,0.25,wt_sds_25,25,4,5,2613.0,96.9213649851632,3.0786350148367942
DDE,C03,0.3,0.75,0.25,wt_sds_25,25,5,5,2586.0,95.91988130563797,4.0801186943620165
DDE,C03,0.3,0.75,0.25,wt_sds_25,25,6,5,2586.0,95.91988130563797,4.0801186943620165
DDE,C03,0.3,0.75,0.25,wt_sds_25,25,7,5,2586.0,95.91988130563797,4.0801186943620165
DDE,C03,0.3,0.75,0.25,wt_sds_25,25,8,5,2586.0,95.91988130563797,4.0801186943620165
DDE,C03,0.3,0.75,0.25,wt_sds_25,25,9,5,2586.0,95.91988130563797,4.0801186943620165
DDE,C03,0.3,0.75,0.25,wt_sds_25,25,10,5,2586.0,95.91988130563797,4.0801186943620165
DDE,C04,0.3,0.75,0.75,wt_sds_31,31,0,5,237.0,100.0,0.0
DDE,C04,0.3,0.75,0.75,wt_sds_31,31,1,5,237.0,100.0,0.0
DDE,C04,0.3,0.75,0.75,wt_sds_31,31,2,5,237.0,100.0,0.0
DDE,C04,0.3,0.75,0.75,wt_sds_31,31,3,5,237.0,100.0,0.0
DDE,C04,0.3,0.75,0.75,wt_sds_31,31,4,5,99.2,41.856540084388186,58.143459915611814
DDE,C04,0.3,0.75,0.75,wt_sds_31,31,5,5,99.2,41.856540084388186,58.143459915611814
DDE,C04,0.3,0.75,0.75,wt_sds_31,31,6,5,99.2,41.856540084388186,58.143459915611814
DDE,C04,0.3,0.75,0.75,wt_sds_31,31,7,5,99.2,41.856540084388186,58.143459915611814
DDE,C04,0.3,0.75,0.75,wt_sds_31,31,8,5,99.2,41.856540084388186,58.143459915611814
DDE,C04,0.3,0.75,0.75,wt_sds_31,31,9,5,99.2,41.856540084388186,58.143459915611814
DDE,C04,0.3,0.75,0.75,wt_sds_31,31,10,5,99.2,41.856540084388186,58.143459915611814
DDE,C04,0.3,0.75,0.75,wt_sds_32,32,0,5,1595.0,100.0,0.0
DDE,C04,0.3,0.75,0.75,wt_sds_32,32,1,5,1595.0,100.0,0.0
DDE,C04,0.3,0.75,0.75,wt_sds_32,32,2,5,1595.0,100.0,0.0
DDE,C04,0.3,0.75,0.75,wt_sds_32,32,3,5,1595.0,100.0,0.0
DDE,C04,0.3,0.75,0.75,wt_sds_32,32,4,5,1104.0,69.21630094043887,30.783699059561126
DDE,C04,0.3,0.75,0.75,wt_sds_32,32,5,5,801.8,50.269592476489024,49.730407523510976
DDE,C04,0.3,0.75,0.75,wt_sds_32,32,6,5,542.4,34.006269592476485,65.9937304075235
DDE,C04,0.3,0.75,0.75,wt_sds_32,32,7,5,542.4,34.006269592476485,65.9937304075235
DDE,C04,0.3,0.75,0.75,wt_sds_32,32,8,5,542.4,34.006269592476485,65.9937304075235
DDE,C04,0.3,0.75,0.75,wt_sds_32,32,9,5,542.4,34.006269592476485,65.9937304075235
DDE,C04,0.3,0.75,0.75,wt_sds_32,32,10,5,542.4,34.006269592476485,65.9937304075235
DDE,C04,0.3,0.75,0.75,wt_sds_33,33,0,5,541.0,100.0,0.0
DDE,C04,0.3,0.75,0.75,wt_sds_33,33,1,5,541.0,100.0,0.0
DDE,C04,0.3,0.75,0.75,wt_sds_33,33,2,5,540.2,99.85212569316081,0.147874306839185
DDE,C04,0.3,0.75,0.75,wt_sds_33,33,3,5,477.6,88.28096118299445,11.719038817005544
DDE,C04,0.3,0.75,0.75,wt_sds_33,33,4,5,472.0,87.24584103512015,12.75415896487985
DDE,C04,0.3,0.75,0.75,wt_sds_33,33,5,5,457.6,84.58410351201479,15.415896487985211
DDE,C04,0.3,0.75,0.75,wt_sds_33,33,6,5,457.6,84.58410351201479,15.415896487985211
DDE,C04,0.3,0.75,0.75,wt_sds_33,33,7,5,457.6,84.58410351201479,15.415896487985211
DDE,C04,0.3,0.75,0.75,wt_sds_33,33,8,5,457.6,84.58410351201479,15.415896487985211
DDE,C04,0.3,0.75,0.75,wt_sds_33,33,9,5,457.6,84.58410351201479,15.415896487985211
DDE,C04,0.3,0.75,0.75,wt_sds_33,33,10,5,457.6,84.58410351201479,15.415896487985211
DDE,C04,0.3,0.75,0.75,wt_sds_34,34,0,5,0.0,100.0,0.0
DDE,C04,0.3,0.75,0.75,wt_sds_34,34,1,5,0.0,100.0,0.0
DDE,C04,0.3,0.75,0.75,wt_sds_34,34,2,5,0.0,100.0,0.0
DDE,C04,0.3,0.75,0.75,wt_sds_34,34,3,5,0.0,100.0,0.0
DDE,C04,0.3,0.75,0.75,wt_sds_34,34,4,5,0.0,100.0,0.0
DDE,C04,0.3,0.75,0.75,wt_sds_34,34,5,5,0.0,100.0,0.0
DDE,C04,0.3,0.75,0.75,wt_sds_34,34,6,5,0.0,100.0,0.0
DDE,C04,0.3,0.75,0.75,wt_sds_34,34,7,5,0.0,100.0,0.0
DDE,C04,0.3,0.75,0.75,wt_sds_34,34,8,5,0.0,100.0,0.0
DDE,C04,0.3,0.75,0.75,wt_sds_34,34,9,5,0.0,100.0,0.0
DDE,C04,0.3,0.75,0.75,wt_sds_34,34,10,5,0.0,100.0,0.0
DDE,C04,0.3,0.75,0.75,wt_sds_35,35,0,5,0.0,100.0,0.0
DDE,C04,0.3,0.75,0.75,wt_sds_35,35,1,5,0.0,100.0,0.0
DDE,C04,0.3,0.75,0.75,wt_sds_35,35,2,5,0.0,100.0,0.0
DDE,C04,0.3,0.75,0.75,wt_sds_35,35,3,5,0.0,100.0,0.0
DDE,C04,0.3,0.75,0.75,wt_sds_35,35,4,5,0.0,100.0,0.0
DDE,C04,0.3,0.75,0.75,wt_sds_35,35,5,5,0.0,100.0,0.0
DDE,C04,0.3,0.75,0.75,wt_sds_35,35,6,5,0.0,100.0,0.0
DDE,C04,0.3,0.75,0.75,wt_sds_35,35,7,5,0.0,100.0,0.0
DDE,C04,0.3,0.75,0.75,wt_sds_35,35,8,5,0.0,100.0,0.0
DDE,C04,0.3,0.75,0.75,wt_sds_35,35,9,5,0.0,100.0,0.0
DDE,C04,0.3,0.75,0.75,wt_sds_35,35,10,5,0.0,100.0,0.0
DDE,C05,0.9,0.25,0.25,wt_sds_81,81,0,5,404367.0,100.0,0.0
DDE,C05,0.9,0.25,0.25,wt_sds_81,81,1,5,404367.0,100.0,0.0
DDE,C05,0.9,0.25,0.25,wt_sds_81,81,2,5,404363.6,99.9991591796561,0.0008408203438960982
DDE,C05,0.9,0.25,0.25,wt_sds_81,81,3,5,404363.6,99.9991591796561,0.0008408203438960982
DDE,C05,0.9,0.25,0.25,wt_sds_81,81,4,5,404214.2,99.96221254454493,0.03778745545507149
DDE,C05,0.9,0.25,0.25,wt_sds_81,81,5,5,404169.2,99.95108403999338,0.04891596000663014
DDE,C05,0.9,0.25,0.25,wt_sds_81,81,6,5,404169.2,99.95108403999338,0.04891596000663014
DDE,C05,0.9,0.25,0.25,wt_sds_81,81,7,5,404169.2,99.95108403999338,0.04891596000663014
DDE,C05,0.9,0.25,0.25,wt_sds_81,81,8,5,404169.2,99.95108403999338,0.04891596000663014
DDE,C05,0.9,0.25,0.25,wt_sds_81,81,9,5,404169.2,99.95108403999338,0.04891596000663014
DDE,C05,0.9,0.25,0.25,wt_sds_81,81,10,5,404169.2,99.95108403999338,0.04891596000663014
DDE,C05,0.9,0.25,0.25,wt_sds_82,82,0,5,429017.0,100.0,0.0
DDE,C05,0.9,0.25,0.25,wt_sds_82,82,1,5,429017.0,100.0,0.0
DDE,C05,0.9,0.25,0.25,wt_sds_82,82,2,5,429017.0,100.0,0.0
DDE,C05,0.9,0.25,0.25,wt_sds_82,82,3,5,429017.0,100.0,0.0
DDE,C05,0.9,0.25,0.25,wt_sds_82,82,4,5,427834.4,99.72434658766436,0.2756534123356403
DDE,C05,0.9,0.25,0.25,wt_sds_82,82,5,5,426826.0,99.48929762690057,0.5107023730994342
DDE,C05,0.9,0.25,0.25,wt_sds_82,82,6,5,426292.0,99.36482703482612,0.6351729651738737
DDE,C05,0.9,0.25,0.25,wt_sds_82,82,7,5,426171.4,99.336716260661,0.6632837393389991
DDE,C05,0.9,0.25,0.25,wt_sds_82,82,8,5,426171.4,99.336716260661,0.6632837393389991
DDE,C05,0.9,0.25,0.25,wt_sds_82,82,9,5,426171.4,99.336716260661,0.6632837393389991
DDE,C05,0.9,0.25,0.25,wt_sds_82,82,10,5,426171.4,99.336716260661,0.6632837393389991
DDE,C05,0.9,0.25,0.25,wt_sds_83,83,0,5,480103.0,100.0,0.0
DDE,C05,0.9,0.25,0.25,wt_sds_83,83,1,5,480103.0,100.0,0.0
DDE,C05,0.9,0.25,0.25,wt_sds_83,83,2,5,480103.0,100.0,0.0
DDE,C05,0.9,0.25,0.25,wt_sds_83,83,3,5,480103.0,100.0,0.0
DDE,C05,0.9,0.25,0.25,wt_sds_83,83,4,5,480064.8,99.992043374026,0.007956625974011899
DDE,C05,0.9,0.25,0.25,wt_sds_83,83,5,5,479971.2,99.97254755750329,0.027452442496715433
DDE,C05,0.9,0.25,0.25,wt_sds_83,83,6,5,479877.6,99.95305174098058,0.04694825901941897
DDE,C05,0.9,0.25,0.25,wt_sds_83,83,7,5,479877.6,99.95305174098058,0.04694825901941897
DDE,C05,0.9,0.25,0.25,wt_sds_83,83,8,5,479877.6,99.95305174098058,0.04694825901941897
DDE,C05,0.9,0.25,0.25,wt_sds_83,83,9,5,479877.6,99.95305174098058,0.04694825901941897
DDE,C05,0.9,0.25,0.25,wt_sds_83,83,10,5,479877.6,99.95305174098058,0.04694825901941897
DDE,C05,0.9,0.25,0.25,wt_sds_84,84,0,5,340970.0,100.0,0.0
DDE,C05,0.9,0.25,0.25,wt_sds_84,84,1,5,340970.0,100.0,0.0
DDE,C05,0.9,0.25,0.25,wt_sds_84,84,2,5,340970.0,100.0,0.0
DDE,C05,0.9,0.25,0.25,wt_sds_84,84,3,5,340947.0,99.99325453852245,0.006745461477549952
DDE,C05,0.9,0.25,0.25,wt_sds_84,84,4,5,340814.0,99.95424817432618,0.04575182567381262
DDE,C05,0.9,0.25,0.25,wt_sds_84,84,5,5,340739.0,99.93225210429071,0.06774789570929726
DDE,C05,0.9,0.25,0.25,wt_sds_84,84,6,5,340739.0,99.93225210429071,0.06774789570929726
DDE,C05,0.9,0.25,0.25,wt_sds_84,84,7,5,340739.0,99.93225210429071,0.06774789570929726
DDE,C05,0.9,0.25,0.25,wt_sds_84,84,8,5,340739.0,99.93225210429071,0.06774789570929726
DDE,C05,0.9,0.25,0.25,wt_sds_84,84,9,5,340739.0,99.93225210429071,0.06774789570929726
DDE,C05,0.9,0.25,0.25,wt_sds_84,84,10,5,340739.0,99.93225210429071,0.06774789570929726
DDE,C05,0.9,0.25,0.25,wt_sds_85,85,0,5,574751.0,100.0,0.0
DDE,C05,0.9,0.25,0.25,wt_sds_85,85,1,5,574751.0,100.0,0.0
DDE,C05,0.9,0.25,0.25,wt_sds_85,85,2,5,574751.0,100.0,0.0
DDE,C05,0.9,0.25,0.25,wt_sds_85,85,3,5,574751.0,100.0,0.0
DDE,C05,0.9,0.25,0.25,wt_sds_85,85,4,5,574374.4,99.93447597307356,0.0655240269264425
DDE,C05,0.9,0.25,0.25,wt_sds_85,85,5,5,574175.2,99.89981748618098,0.10018251381902701
DDE,C05,0.9,0.25,0.25,wt_sds_85,85,6,5,574175.2,99.89981748618098,0.10018251381902701
DDE,C05,0.9,0.25,0.25,wt_sds_85,85,7,5,574175.2,99.89981748618098,0.10018251381902701
DDE,C05,0.9,0.25,0.25,wt_sds_85,85,8,5,574175.2,99.89981748618098,0.10018251381902701
DDE,C05,0.9,0.25,0.25,wt_sds_85,85,9,5,574175.2,99.89981748618098,0.10018251381902701
DDE,C05,0.9,0.25,0.25,wt_sds_85,85,10,5,574175.2,99.89981748618098,0.10018251381902701
DDE,C06,0.9,0.25,0.75,wt_sds_91,91,0,5,356272.0,100.0,0.0
DDE,C06,0.9,0.25,0.75,wt_sds_91,91,1,5,356272.0,100.0,0.0
DDE,C06,0.9,0.25,0.75,wt_sds_91,91,2,5,356272.0,100.0,0.0
DDE,C06,0.9,0.25,0.75,wt_sds_91,91,3,5,356272.0,100.0,0.0
DDE,C06,0.9,0.25,0.75,wt_sds_91,91,4,5,356033.2,99.932972560291,0.06702743970898553
DDE,C06,0.9,0.25,0.75,wt_sds_91,91,5,5,355750.2,99.8535388691786,0.14646113082139323
DDE,C06,0.9,0.25,0.75,wt_sds_91,91,6,5,355578.2,99.8052611487852,0.19473885121479953
DDE,C06,0.9,0.25,0.75,wt_sds_91,91,7,5,355578.2,99.8052611487852,0.19473885121479953
DDE,C06,0.9,0.25,0.75,wt_sds_91,91,8,5,355578.2,99.8052611487852,0.19473885121479953
DDE,C06,0.9,0.25,0.75,wt_sds_91,91,9,5,355578.2,99.8052611487852,0.19473885121479953
DDE,C06,0.9,0.25,0.75,wt_sds_91,91,10,5,355578.2,99.8052611487852,0.19473885121479953
DDE,C06,0.9,0.25,0.75,wt_sds_92,92,0,5,390582.0,100.0,0.0
DDE,C06,0.9,0.25,0.75,wt_sds_92,92,1,5,390582.0,100.0,0.0
DDE,C06,0.9,0.25,0.75,wt_sds_92,92,2,5,390582.0,100.0,0.0
DDE,C06,0.9,0.25,0.75,wt_sds_92,92,3,5,390559.2,99.99416255741433,0.005837442585678332
DDE,C06,0.9,0.25,0.75,wt_sds_92,92,4,5,390501.2,99.97931292276654,0.020687077233461082
DDE,C06,0.9,0.25,0.75,wt_sds_92,92,5,5,390480.4,99.97398753654802,0.02601246345197694
DDE,C06,0.9,0.25,0.75,wt_sds_92,92,6,5,390457.6,99.96815009396235,0.03184990603765527
DDE,C06,0.9,0.25,0.75,wt_sds_92,92,7,5,390457.6,99.96815009396235,0.03184990603765527
DDE,C06,0.9,0.25,0.75,wt_sds_92,92,8,5,390457.6,99.96815009396235,0.03184990603765527
DDE,C06,0.9,0.25,0.75,wt_sds_92,92,9,5,390457.6,99.96815009396235,0.03184990603765527
DDE,C06,0.9,0.25,0.75,wt_sds_92,92,10,5,390457.6,99.96815009396235,0.03184990603765527
DDE,C06,0.9,0.25,0.75,wt_sds_93,93,0,5,431927.0,100.0,0.0
DDE,C06,0.9,0.25,0.75,wt_sds_93,93,1,5,431927.0,100.0,0.0
DDE,C06,0.9,0.25,0.75,wt_sds_93,93,2,5,431927.0,100.0,0.0
DDE,C06,0.9,0.25,0.75,wt_sds_93,93,3,5,431927.0,100.0,0.0
DDE,C06,0.9,0.25,0.75,wt_sds_93,93,4,5,431858.8,99.98421029479519,0.015789705204812775
DDE,C06,0.9,0.25,0.75,wt_sds_93,93,5,5,431790.6,99.96842058959037,0.03157941040962555
DDE,C06,0.9,0.25,0.75,wt_sds_93,93,6,5,431654.2,99.93684117918075,0.0631588208192511
DDE,C06,0.9,0.25,0.75,wt_sds_93,93,7,5,431654.2,99.93684117918075,0.0631588208192511
DDE,C06,0.9,0.25,0.75,wt_sds_93,93,8,5,431654.2,99.93684117918075,0.0631588208192511
DDE,C06,0.9,0.25,0.75,wt_sds_93,93,9,5,431654.2,99.93684117918075,0.0631588208192511
DDE,C06,0.9,0.25,0.75,wt_sds_93,93,10,5,431654.2,99.93684117918075,0.0631588208192511
DDE,C06,0.9,0.25,0.75,wt_sds_94,94,0,5,357721.0,100.0,0.0
DDE,C06,0.9,0.25,0.75,wt_sds_94,94,1,5,357721.0,100.0,0.0
DDE,C06,0.9,0.25,0.75,wt_sds_94,94,2,5,357721.0,100.0,0.0
DDE,C06,0.9,0.25,0.75,wt_sds_94,94,3,5,357721.0,100.0,0.0
DDE,C06,0.9,0.25,0.75,wt_sds_94,94,4,5,357324.2,99.88907556447623,0.11092443552377632
DDE,C06,0.9,0.25,0.75,wt_sds_94,94,5,5,357324.2,99.88907556447623,0.11092443552377632
DDE,C06,0.9,0.25,0.75,wt_sds_94,94,6,5,357324.2,99.88907556447623,0.11092443552377632
DDE,C06,0.9,0.25,0.75,wt_sds_94,94,7,5,357324.2,99.88907556447623,0.11092443552377632
DDE,C06,0.9,0.25,0.75,wt_sds_94,94,8,5,357221.8,99.8604499036959,0.13955009630410586
DDE,C06,0.9,0.25,0.75,wt_sds_94,94,9,5,356999.2,99.79822263719491,0.20177736280509465
DDE,C06,0.9,0.25,0.75,wt_sds_94,94,10,5,356999.2,99.79822263719491,0.20177736280509465
DDE,C06,0.9,0.25,0.75,wt_sds_95,95,0,5,569806.0,100.0,0.0
DDE,C06,0.9,0.25,0.75,wt_sds_95,95,1,5,569806.0,100.0,0.0
DDE,C06,0.9,0.25,0.75,wt_sds_95,95,2,5,569806.0,100.0,0.0
DDE,C06,0.9,0.25,0.75,wt_sds_95,95,3,5,569806.0,100.0,0.0
DDE,C06,0.9,0.25,0.75,wt_sds_95,95,4,5,569339.4,99.91811248038806,0.0818875196119393
DDE,C06,0.9,0.25,0.75,wt_sds_95,95,5,5,568656.4,99.79824712270492,0.20175287729508112
DDE,C06,0.9,0.25,0.75,wt_sds_95,95,6,5,567503.6,99.59593265076184,0.4040673492381643
DDE,C06,0.9,0.25,0.75,wt_sds_95,95,7,5,566946.2,99.4981098830128,0.5018901169871868
DDE,C06,0.9,0.25,0.75,wt_sds_95,95,8,5,566946.2,99.4981098830128,0.5018901169871868
DDE,C06,0.9,0.25,0.75,wt_sds_95,95,9,5,566946.2,99.4981098830128,0.5018901169871868
DDE,C06,0.9,0.25,0.75,wt_sds_95,95,10,5,566946.2,99.4981098830128,0.5018901169871868
DDE,C07,0.9,0.75,0.25,wt_sds_101,101,0,5,362875.0,100.0,0.0
DDE,C07,0.9,0.75,0.25,wt_sds_101,101,1,5,362875.0,100.0,0.0
DDE,C07,0.9,0.75,0.25,wt_sds_101,101,2,5,362875.0,100.0,0.0
DDE,C07,0.9,0.75,0.25,wt_sds_101,101,3,5,362875.0,100.0,0.0
DDE,C07,0.9,0.75,0.25,wt_sds_101,101,4,5,362875.0,100.0,0.0
DDE,C07,0.9,0.75,0.25,wt_sds_101,101,5,5,362429.8,99.87731312435412,0.12268687564588276
DDE,C07,0.9,0.75,0.25,wt_sds_101,101,6,5,362105.4,99.78791594901826,0.21208405098174127
DDE,C07,0.9,0.75,0.25,wt_sds_101,101,7,5,361808.2,99.70601446779195,0.29398553220806034
DDE,C07,0.9,0.75,0.25,wt_sds_101,101,8,5,361777.6,99.69758181191871,0.3024181880812932
DDE,C07,0.9,0.75,0.25,wt_sds_101,101,9,5,361777.6,99.69758181191871,0.3024181880812932
DDE,C07,0.9,0.75,0.25,wt_sds_101,101,10,5,361777.6,99.69758181191871,0.3024181880812932
DDE,C07,0.9,0.75,0.25,wt_sds_102,102,0,5,498978.0,100.0,0.0
DDE,C07,0.9,0.75,0.25,wt_sds_102,102,1,5,498978.0,100.0,0.0
DDE,C07,0.9,0.75,0.25,wt_sds_102,102,2,5,498978.0,100.0,0.0
DDE,C07,0.9,0.75,0.25,wt_sds_102,102,3,5,498978.0,100.0,0.0
DDE,C07,0.9,0.75,0.25,wt_sds_102,102,4,5,498860.6,99.97647190858115,0.023528091418859275
DDE,C07,0.9,0.75,0.25,wt_sds_102,102,5,5,498808.6,99.96605060744162,0.03394939255838949
DDE,C07,0.9,0.75,0.25,wt_sds_102,102,6,5,498759.8,99.95627061714144,0.04372938285856094
DDE,C07,0.9,0.75,0.25,wt_sds_102,102,7,5,498759.8,99.95627061714144,0.04372938285856094
DDE,C07,0.9,0.75,0.25,wt_sds_102,102,8,5,498759.8,99.95627061714144,0.04372938285856094
DDE,C07,0.9,0.75,0.25,wt_sds_102,102,9,5,498759.8,99.95627061714144,0.04372938285856094
DDE,C07,0.9,0.75,0.25,wt_sds_102,102,10,5,498759.8,99.95627061714144,0.04372938285856094
DDE,C07,0.9,0.75,0.25,wt_sds_103,103,0,5,399977.0,100.0,0.0
DDE,C07,0.9,0.75,0.25,wt_sds_103,103,1,5,399977.0,100.0,0.0
DDE,C07,0.9,0.75,0.25,wt_sds_103,103,2,5,399977.0,100.0,0.0
DDE,C07,0.9,0.75,0.25,wt_sds_103,103,3,5,399852.8,99.96894821452233,0.031051785477666273
DDE,C07,0.9,0.75,0.25,wt_sds_103,103,4,5,399250.6,99.81838955739954,0.18161044260045286
DDE,C07,0.9,0.75,0.25,wt_sds_103,103,5,5,398473.6,99.62412838738227,0.37587161261772906
DDE,C07,0.9,0.75,0.25,wt_sds_103,103,6,5,398473.6,99.62412838738227,0.37587161261772906
DDE,C07,0.9,0.75,0.25,wt_sds_103,103,7,5,398473.6,99.62412838738227,0.37587161261772906
DDE,C07,0.9,0.75,0.25,wt_sds_103,103,8,5,398473.6,99.62412838738227,0.37587161261772906
DDE,C07,0.9,0.75,0.25,wt_sds_103,103,9,5,398473.6,99.62412838738227,0.37587161261772906
DDE,C07,0.9,0.75,0.25,wt_sds_103,103,10,5,398473.6,99.62412838738227,0.37587161261772906
DDE,C07,0.9,0.75,0.25,wt_sds_104,104,0,5,370253.0,100.0,0.0
DDE,C07,0.9,0.75,0.25,wt_sds_104,104,1,5,370253.0,100.0,0.0
DDE,C07,0.9,0.75,0.25,wt_sds_104,104,2,5,370253.0,100.0,0.0
DDE,C07,0.9,0.75,0.25,wt_sds_104,104,3,5,369839.2,99.88823858280689,0.1117614171931109
DDE,C07,0.9,0.75,0.25,wt_sds_104,104,4,5,369579.0,99.81796231225675,0.1820376877432494
DDE,C07,0.9,0.75,0.25,wt_sds_104,104,5,5,369120.6,99.69415507774413,0.30584492225586646
DDE,C07,0.9,0.75,0.25,wt_sds_104,104,6,5,369120.6,99.69415507774413,0.30584492225586646
DDE,C07,0.9,0.75,0.25,wt_sds_104,104,7,5,369120.6,99.69415507774413,0.30584492225586646
DDE,C07,0.9,0.75,0.25,wt_sds_104,104,8,5,369120.6,99.69415507774413,0.30584492225586646
DDE,C07,0.9,0.75,0.25,wt_sds_104,104,9,5,369120.6,99.69415507774413,0.30584492225586646
DDE,C07,0.9,0.75,0.25,wt_sds_104,104,10,5,369120.6,99.69415507774413,0.30584492225586646
DDE,C07,0.9,0.75,0.25,wt_sds_105,105,0,5,465059.0,100.0,0.0
DDE,C07,0.9,0.75,0.25,wt_sds_105,105,1,5,465059.0,100.0,0.0
DDE,C07,0.9,0.75,0.25,wt_sds_105,105,2,5,465059.0,100.0,0.0
DDE,C07,0.9,0.75,0.25,wt_sds_105,105,3,5,465059.0,100.0,0.0
DDE,C07,0.9,0.75,0.25,wt_sds_105,105,4,5,464946.2,99.97574501299835,0.024254987001648944
DDE,C07,0.9,0.75,0.25,wt_sds_105,105,5,5,464857.4,99.95665066152897,0.043349338471034574
DDE,C07,0.9,0.75,0.25,wt_sds_105,105,6,5,464857.4,99.95665066152897,0.043349338471034574
DDE,C07,0.9,0.75,0.25,wt_sds_105,105,7,5,464857.4,99.95665066152897,0.043349338471034574
DDE,C07,0.9,0.75,0.25,wt_sds_105,105,8,5,464857.4,99.95665066152897,0.043349338471034574
DDE,C07,0.9,0.75,0.25,wt_sds_105,105,9,5,464857.4,99.95665066152897,0.043349338471034574
DDE,C07,0.9,0.75,0.25,wt_sds_105,105,10,5,464857.4,99.95665066152897,0.043349338471034574
DDE,C08,0.9,0.75,0.75,wt_sds_111,111,0,5,365649.0,100.0,0.0
DDE,C08,0.9,0.75,0.75,wt_sds_111,111,1,5,365649.0,100.0,0.0
DDE,C08,0.9,0.75,0.75,wt_sds_111,111,2,5,365649.0,100.0,0.0
DDE,C08,0.9,0.75,0.75,wt_sds_111,111,3,5,365479.8,99.95372611438839,0.04627388561161183
DDE,C08,0.9,0.75,0.75,wt_sds_111,111,4,5,365080.2,99.84444098028436,0.15555901971562774
DDE,C08,0.9,0.75,0.75,wt_sds_111,111,5,5,364910.6,99.79805770014414,0.2019422998558696
DDE,C08,0.9,0.75,0.75,wt_sds_111,111,6,5,364910.6,99.79805770014414,0.2019422998558696
DDE,C08,0.9,0.75,0.75,wt_sds_111,111,7,5,364910.6,99.79805770014414,0.2019422998558696
DDE,C08,0.9,0.75,0.75,wt_sds_111,111,8,5,364910.6,99.79805770014414,0.2019422998558696
DDE,C08,0.9,0.75,0.75,wt_sds_111,111,9,5,364910.6,99.79805770014414,0.2019422998558696
DDE,C08,0.9,0.75,0.75,wt_sds_111,111,10,5,364910.6,99.79805770014414,0.2019422998558696
DDE,C08,0.9,0.75,0.75,wt_sds_112,112,0,5,402909.0,100.0,0.0
DDE,C08,0.9,0.75,0.75,wt_sds_112,112,1,5,402909.0,100.0,0.0
DDE,C08,0.9,0.75,0.75,wt_sds_112,112,2,5,402909.0,100.0,0.0
DDE,C08,0.9,0.75,0.75,wt_sds_112,112,3,5,402909.0,100.0,0.0
DDE,C08,0.9,0.75,0.75,wt_sds_112,112,4,5,401692.4,99.69804596075043,0.3019540392495571
DDE,C08,0.9,0.75,0.75,wt_sds_112,112,5,5,401509.4,99.65262627541208,0.3473737245879306
DDE,C08,0.9,0.75,0.75,wt_sds_112,112,6,5,401509.4,99.65262627541208,0.3473737245879306
DDE,C08,0.9,0.75,0.75,wt_sds_112,112,7,5,401307.2,99.60244124603818,0.39755875396180895
DDE,C08,0.9,0.75,0.75,wt_sds_112,112,8,5,401307.2,99.60244124603818,0.39755875396180895
DDE,C08,0.9,0.75,0.75,wt_sds_112,112,9,5,401307.2,99.60244124603818,0.39755875396180895
DDE,C08,0.9,0.75,0.75,wt_sds_112,112,10,5,401307.2,99.60244124603818,0.39755875396180895
DDE,C08,0.9,0.75,0.75,wt_sds_113,113,0,5,269459.0,100.0,0.0
DDE,C08,0.9,0.75,0.75,wt_sds_113,113,1,5,269459.0,100.0,0.0
DDE,C08,0.9,0.75,0.75,wt_sds_113,113,2,5,269459.0,100.0,0.0
DDE,C08,0.9,0.75,0.75,wt_sds_113,113,3,5,269064.4,99.8535584263283,0.14644157367168872
DDE,C08,0.9,0.75,0.75,wt_sds_113,113,4,5,267840.4,99.39931492360618,0.6006850763938104
DDE,C08,0.9,0.75,0.75,wt_sds_113,113,5,5,267052.6,99.10695133582475,0.8930486641752509
DDE,C08,0.9,0.75,0.75,wt_sds_113,113,6,5,267052.6,99.10695133582475,0.8930486641752509
DDE,C08,0.9,0.75,0.75,wt_sds_113,113,7,5,267052.6,99.10695133582475,0.8930486641752509
DDE,C08,0.9,0.75,0.75,wt_sds_113,113,8,5,267052.6,99.10695133582475,0.8930486641752509
DDE,C08,0.9,0.75,0.75,wt_sds_113,113,9,5,267052.6,99.10695133582475,0.8930486641752509
DDE,C08,0.9,0.75,0.75,wt_sds_113,113,10,5,267052.6,99.10695133582475,0.8930486641752509
DDE,C08,0.9,0.75,0.75,wt_sds_114,114,0,5,494861.0,100.0,0.0
DDE,C08,0.9,0.75,0.75,wt_sds_114,114,1,5,494861.0,100.0,0.0
DDE,C08,0.9,0.75,0.75,wt_sds_114,114,2,5,494861.0,100.0,0.0
DDE,C08,0.9,0.75,0.75,wt_sds_114,114,3,5,494861.0,100.0,0.0
DDE,C08,0.9,0.75,0.75,wt_sds_114,114,4,5,494648.0,99.95695761031887,0.043042389681141914
DDE,C08,0.9,0.75,0.75,wt_sds_114,114,5,5,494642.4,99.95582597941645,0.0441740205835572
DDE,C08,0.9,0.75,0.75,wt_sds_114,114,6,5,494642.4,99.95582597941645,0.0441740205835572
DDE,C08,0.9,0.75,0.75,wt_sds_114,114,7,5,494642.4,99.95582597941645,0.0441740205835572
DDE,C08,0.9,0.75,0.75,wt_sds_114,114,8,5,494642.4,99.95582597941645,0.0441740205835572
DDE,C08,0.9,0.75,0.75,wt_sds_114,114,9,5,494642.4,99.95582597941645,0.0441740205835572
DDE,C08,0.9,0.75,0.75,wt_sds_114,114,10,5,494642.4,99.95582597941645,0.0441740205835572
DDE,C08,0.9,0.75,0.75,wt_sds_115,115,0,5,493200.0,100.0,0.0
DDE,C08,0.9,0.75,0.75,wt_sds_115,115,1,5,493200.0,100.0,0.0
DDE,C08,0.9,0.75,0.75,wt_sds_115,115,2,5,493200.0,100.0,0.0
DDE,C08,0.9,0.75,0.75,wt_sds_115,115,3,5,493200.0,100.0,0.0
DDE,C08,0.9,0.75,0.75,wt_sds_115,115,4,5,493197.8,99.99955393349555,0.0004460665044604184
DDE,C08,0.9,0.75,0.75,wt_sds_115,115,5,5,493165.2,99.99294403892944,0.0070559610705601015
DDE,C08,0.9,0.75,0.75,wt_sds_115,115,6,5,493163.0,99.99249797242499,0.0075020275750205204
DDE,C08,0.9,0.75,0.75,wt_sds_115,115,7,5,493163.0,99.99249797242499,0.0075020275750205204
DDE,C08,0.9,0.75,0.75,wt_sds_115,115,8,5,493163.0,99.99249797242499,0.0075020275750205204
DDE,C08,0.9,0.75,0.75,wt_sds_115,115,9,5,493163.0,99.99249797242499,0.0075020275750205204
DDE,C08,0.9,0.75,0.75,wt_sds_115,115,10,5,493163.0,99.99249797242499,0.0075020275750205204
DPSO,C01,0.3,0.25,0.25,wt_sds_1,1,0,5,2442.0,100.0,0.0
DPSO,C01,0.3,0.25,0.25,wt_sds_1,1,1,5,2105.8,86.23259623259624,13.767403767403767
DPSO,C01,0.3,0.25,0.25,wt_sds_1,1,2,5,1906.4,78.06715806715806,21.93284193284193
DPSO,C01,0.3,0.25,0.25,wt_sds_1,1,3,5,1812.4,74.21785421785421,25.782145782145783
DPSO,C01,0.3,0.25,0.25,wt_sds_1,1,4,5,1758.0,71.99017199017199,28.009828009828016
DPSO,C01,0.3,0.25,0.25,wt_sds_1,1,5,5,1743.4,71.39230139230139,28.60769860769861
DPSO,C01,0.3,0.25,0.25,wt_sds_1,1,6,5,1738.6,71.19574119574119,28.804258804258808
DPSO,C01,0.3,0.25,0.25,wt_sds_1,1,7,5,1709.8,70.01638001638001,29.983619983619985
DPSO,C01,0.3,0.25,0.25,wt_sds_1,1,8,5,1709.8,70.01638001638001,29.983619983619985
DPSO,C01,0.3,0.25,0.25,wt_sds_1,1,9,5,1657.8,67.88697788697789,32.11302211302211
DPSO,C01,0.3,0.25,0.25,wt_sds_1,1,10,5,1657.8,67.88697788697789,32.11302211302211
DPSO,C01,0.3,0.25,0.25,wt_sds_2,2,0,5,13089.0,100.0,0.0
DPSO,C01,0.3,0.25,0.25,wt_sds_2,2,1,5,9896.0,75.60547024218809,24.394529757811902
DPSO,C01,0.3,0.25,0.25,wt_sds_2,2,2,5,8847.8,67.59721903888762,32.402780961112384
DPSO,C01,0.3,0.25,0.25,wt_sds_2,2,3,5,8721.0,66.62846665138666,33.37153334861334
DPSO,C01,0.3,0.25,0.25,wt_sds_2,2,4,5,8629.6,65.93017037206815,34.06982962793185
DPSO,C01,0.3,0.25,0.25,wt_sds_2,2,5,5,8612.6,65.80029032011613,34.19970967988387
DPSO,C01,0.3,0.25,0.25,wt_sds_2,2,6,5,8545.2,65.28535411414165,34.71464588585835
DPSO,C01,0.3,0.25,0.25,wt_sds_2,2,7,5,8454.4,64.59164183665673,35.408358163343266
DPSO,C01,0.3,0.25,0.25,wt_sds_2,2,8,5,8396.2,64.14699365879747,35.85300634120254
DPSO,C01,0.3,0.25,0.25,wt_sds_2,2,9,5,8393.4,64.12560165024067,35.87439834975934
DPSO,C01,0.3,0.25,0.25,wt_sds_2,2,10,5,8326.2,63.61219344487738,36.38780655512262
DPSO,C01,0.3,0.25,0.25,wt_sds_3,3,0,5,5053.0,100.0,0.0
DPSO,C01,0.3,0.25,0.25,wt_sds_3,3,1,5,3898.8,77.15812388679993,22.84187611320008
DPSO,C01,0.3,0.25,0.25,wt_sds_3,3,2,5,3700.4,73.23174351870176,26.768256481298238
DPSO,C01,0.3,0.25,0.25,wt_sds_3,3,3,5,3685.0,72.92697407480705,27.073025925192958
DPSO,C01,0.3,0.25,0.25,wt_sds_3,3,4,5,3614.6,71.53374233128834,28.46625766871166
DPSO,C01,0.3,0.25,0.25,wt_sds_3,3,5,5,3611.8,71.47832970512567,28.521670294874333
DPSO,C01,0.3,0.25,0.25,wt_sds_3,3,6,5,3563.8,70.52839897090837,29.47160102909163
DPSO,C01,0.3,0.25,0.25,wt_sds_3,3,7,5,3495.2,69.17078962992282,30.82921037007718
DPSO,C01,0.3,0.25,0.25,wt_sds_3,3,8,5,3495.2,69.17078962992282,30.82921037007718
DPSO,C01,0.3,0.25,0.25,wt_sds_3,3,9,5,3475.4,68.77894320205819,31.221056797941817
DPSO,C01,0.3,0.25,0.25,wt_sds_3,3,10,5,3475.4,68.77894320205819,31.221056797941817
DPSO,C01,0.3,0.25,0.25,wt_sds_4,4,0,5,16155.0,100.0,0.0
DPSO,C01,0.3,0.25,0.25,wt_sds_4,4,1,5,11882.4,73.55246053853296,26.447539461467038
DPSO,C01,0.3,0.25,0.25,wt_sds_4,4,2,5,11023.2,68.23398328690807,31.766016713091926
DPSO,C01,0.3,0.25,0.25,wt_sds_4,4,3,5,10740.2,66.48220365212009,33.517796347879916
DPSO,C01,0.3,0.25,0.25,wt_sds_4,4,4,5,10542.0,65.25533890436398,34.744661095636026
DPSO,C01,0.3,0.25,0.25,wt_sds_4,4,5,5,10367.6,64.17579696688333,35.82420303311668
DPSO,C01,0.3,0.25,0.25,wt_sds_4,4,6,5,10271.6,63.581553698545335,36.418446301454665
DPSO,C01,0.3,0.25,0.25,wt_sds_4,4,7,5,10271.6,63.581553698545335,36.418446301454665
DPSO,C01,0.3,0.25,0.25,wt_sds_4,4,8,5,10271.6,63.581553698545335,36.418446301454665
DPSO,C01,0.3,0.25,0.25,wt_sds_4,4,9,5,10271.6,63.581553698545335,36.418446301454665
DPSO,C01,0.3,0.25,0.25,wt_sds_4,4,10,5,10271.6,63.581553698545335,36.418446301454665
DPSO,C01,0.3,0.25,0.25,wt_sds_5,5,0,5,10127.0,100.0,0.0
DPSO,C01,0.3,0.25,0.25,wt_sds_5,5,1,5,7924.8,78.25417201540436,21.745827984595635
DPSO,C01,0.3,0.25,0.25,wt_sds_5,5,2,5,7719.4,76.22593068035943,23.774069319640567
DPSO,C01,0.3,0.25,0.25,wt_sds_5,5,3,5,7646.0,75.5011355781574,24.498864421842597
DPSO,C01,0.3,0.25,0.25,wt_sds_5,5,4,5,7646.0,75.5011355781574,24.498864421842597
DPSO,C01,0.3,0.25,0.25,wt_sds_5,5,5,5,7578.2,74.83163819492447,25.16836180507554
DPSO,C01,0.3,0.25,0.25,wt_sds_5,5,6,5,7542.2,74.47615285869458,25.52384714130542
DPSO,C01,0.3,0.25,0.25,wt_sds_5,5,7,5,7429.2,73.36032388663968,26.639676113360327
DPSO,C01,0.3,0.25,0.25,wt_sds_5,5,8,5,7429.2,73.36032388663968,26.639676113360327
DPSO,C01,0.3,0.25,0.25,wt_sds_5,5,9,5,7429.2,73.36032388663968,26.639676113360327
DPSO,C01,0.3,0.25,0.25,wt_sds_5,5,10,5,7429.2,73.36032388663968,26.639676113360327
DPSO,C02,0.3,0.25,0.75,wt_sds_11,11,0,5,16772.0,100.0,0.0
DPSO,C02,0.3,0.25,0.75,wt_sds_11,11,1,5,12122.8,72.27999046029096,27.720009539709043
DPSO,C02,0.3,0.25,0.75,wt_sds_11,11,2,5,11309.2,67.42904841402337,32.57095158597663
DPSO,C02,0.3,0.25,0.75,wt_sds_11,11,3,5,10685.4,63.709754352492254,36.290245647507746
DPSO,C02,0.3,0.25,0.75,wt_sds_11,11,4,5,10571.8,63.03243501073217,36.96756498926783
DPSO,C02,0.3,0.25,0.75,wt_sds_11,11,5,5,10471.0,62.431433341283096,37.568566658716904
DPSO,C02,0.3,0.25,0.75,wt_sds_11,11,6,5,10405.6,62.0414977343191,37.9585022656809
DPSO,C02,0.3,0.25,0.75,wt_sds_11,11,7,5,10405.6,62.0414977343191,37.9585022656809
DPSO,C02,0.3,0.25,0.75,wt_sds_11,11,8,5,10370.4,61.83162413546387,38.16837586453613
DPSO,C02,0.3,0.25,0.75,wt_sds_11,11,9,5,10370.4,61.83162413546387,38.16837586453613
DPSO,C02,0.3,0.25,0.75,wt_sds_11,11,10,5,10370.4,61.83162413546387,38.16837586453613
DPSO,C02,0.3,0.25,0.75,wt_sds_12,12,0,5,751.0,100.0,0.0
DPSO,C02,0.3,0.25,0.75,wt_sds_12,12,1,5,67.6,9.00133155792277,90.99866844207723
DPSO,C02,0.3,0.25,0.75,wt_sds_12,12,2,5,63.2,8.415446071904128,91.58455392809587
DPSO,C02,0.3,0.25,0.75,wt_sds_12,12,3,5,63.2,8.415446071904128,91.58455392809587
DPSO,C02,0.3,0.25,0.75,wt_sds_12,12,4,5,59.6,7.936085219707057,92.06391478029295
DPSO,C02,0.3,0.25,0.75,wt_sds_12,12,5,5,58.4,7.776298268974701,92.2237017310253
DPSO,C02,0.3,0.25,0.75,wt_sds_12,12,6,5,37.0,4.92676431424767,95.07323568575234
DPSO,C02,0.3,0.25,0.75,wt_sds_12,12,7,5,37.0,4.92676431424767,95.07323568575234
DPSO,C02,0.3,0.25,0.75,wt_sds_12,12,8,5,37.0,4.92676431424767,95.07323568575234
DPSO,C02,0.3,0.25,0.75,wt_sds_12,12,9,5,37.0,4.92676431424767,95.07323568575234
DPSO,C02,0.3,0.25,0.75,wt_sds_12,12,10,5,37.0,4.92676431424767,95.07323568575234
DPSO,C02,0.3,0.25,0.75,wt_sds_13,13,0,5,11556.0,100.0,0.0
DPSO,C02,0.3,0.25,0.75,wt_sds_13,13,1,5,11311.8,97.88681204569055,2.11318795430945
DPSO,C02,0.3,0.25,0.75,wt_sds_13,13,2,5,11189.8,96.83108341986846,3.168916580131534
DPSO,C02,0.3,0.25,0.75,wt_sds_13,13,3,5,11189.8,96.83108341986846,3.168916580131534
DPSO,C02,0.3,0.25,0.75,wt_sds_13,13,4,5,10987.4,95.07961232260297,4.920387677397022
DPSO,C02,0.3,0.25,0.75,wt_sds_13,13,5,5,10956.8,94.81481481481481,5.185185185185188
DPSO,C02,0.3,0.25,0.75,wt_sds_13,13,6,5,10956.8,94.81481481481481,5.185185185185188
DPSO,C02,0.3,0.25,0.75,wt_sds_13,13,7,5,10956.8,94.81481481481481,5.185185185185188
DPSO,C02,0.3,0.25,0.75,wt_sds_13,13,8,5,10936.2,94.63655244029076,5.363447559709246
DPSO,C02,0.3,0.25,0.75,wt_sds_13,13,9,5,10936.2,94.63655244029076,5.363447559709246
DPSO,C02,0.3,0.25,0.75,wt_sds_13,13,10,5,10936.2,94.63655244029076,5.363447559709246
DPSO,C02,0.3,0.25,0.75,wt_sds_14,14,0,5,15307.0,100.0,0.0
DPSO,C02,0.3,0.25,0.75,wt_sds_14,14,1,5,11325.4,73.98837133337688,26.011628666623118
DPSO,C02,0.3,0.25,0.75,wt_sds_14,14,2,5,10830.6,70.75586333050238,29.244136669497614
DPSO,C02,0.3,0.25,0.75,wt_sds_14,14,3,5,10438.0,68.19102371464037,31.808976285359638
DPSO,C02,0.3,0.25,0.75,wt_sds_14,14,4,5,9722.2,63.5147318220422,36.4852681779578
DPSO,C02,0.3,0.25,0.75,wt_sds_14,14,5,5,9325.0,60.91984059580584,39.08015940419416
DPSO,C02,0.3,0.25,0.75,wt_sds_14,14,6,5,8761.8,57.24047821258248,42.75952178741752
DPSO,C02,0.3,0.25,0.75,wt_sds_14,14,7,5,8711.2,56.909910498464754,43.090089501535246
DPSO,C02,0.3,0.25,0.75,wt_sds_14,14,8,5,8017.4,52.37734369896126,47.62265630103874
DPSO,C02,0.3,0.25,0.75,wt_sds_14,14,9,5,8017.4,52.37734369896126,47.62265630103874
DPSO,C02,0.3,0.25,0.75,wt_sds_14,14,10,5,8017.4,52.37734369896126,47.62265630103874
DPSO,C02,0.3,0.25,0.75,wt_sds_15,15,0,5,7572.0,100.0,0.0
DPSO,C02,0.3,0.25,0.75,wt_sds_15,15,1,5,7193.0,94.9947173798204,5.005282620179608
DPSO,C02,0.3,0.25,0.75,wt_sds_15,15,2,5,6777.4,89.50607501320656,10.493924986793449
DPSO,C02,0.3,0.25,0.75,wt_sds_15,15,3,5,6506.0,85.9218172213418,14.078182778658212
DPSO,C02,0.3,0.25,0.75,wt_sds_15,15,4,5,6343.8,83.77971473851031,16.220285261489696
DPSO,C02,0.3,0.25,0.75,wt_sds_15,15,5,5,6343.8,83.77971473851031,16.220285261489696
DPSO,C02,0.3,0.25,0.75,wt_sds_15,15,6,5,6190.6,81.75647120972003,18.243528790279974
DPSO,C02,0.3,0.25,0.75,wt_sds_15,15,7,5,6156.0,81.29952456418384,18.700475435816163
DPSO,C02,0.3,0.25,0.75,wt_sds_15,15,8,5,6111.0,80.70522979397781,19.294770206022186
DPSO,C02,0.3,0.25,0.75,wt_sds_15,15,9,5,6066.0,80.1109350237718,19.889064976228205
DPSO,C02,0.3,0.25,0.75,wt_sds_15,15,10,5,5911.6,78.07184363444269,21.928156365557314
DPSO,C03,0.3,0.75,0.25,wt_sds_21,21,0,5,3736.0,100.0,0.0
DPSO,C03,0.3,0.75,0.25,wt_sds_21,21,1,5,321.0,8.592077087794433,91.40792291220558
DPSO,C03,0.3,0.75,0.25,wt_sds_21,21,2,5,154.4,4.132762312633833,95.86723768736616
DPSO,C03,0.3,0.75,0.25,wt_sds_21,21,3,5,106.6,2.853319057815846,97.14668094218415
DPSO,C03,0.3,0.75,0.25,wt_sds_21,21,4,5,78.6,2.1038543897216275,97.89614561027837
DPSO,C03,0.3,0.75,0.25,wt_sds_21,21,5,5,77.4,2.071734475374732,97.92826552462527
DPSO,C03,0.3,0.75,0.25,wt_sds_21,21,6,5,59.4,1.5899357601713062,98.4100642398287
DPSO,C03,0.3,0.75,0.25,wt_sds_21,21,7,5,59.4,1.5899357601713062,98.4100642398287
DPSO,C03,0.3,0.75,0.25,wt_sds_21,21,8,5,59.4,1.5899357601713062,98.4100642398287
DPSO,C03,0.3,0.75,0.25,wt_sds_21,21,9,5,59.4,1.5899357601713062,98.4100642398287
DPSO,C03,0.3,0.75,0.25,wt_sds_21,21,10,5,59.4,1.5899357601713062,98.4100642398287
DPSO,C03,0.3,0.75,0.25,wt_sds_22,22,0,5,1325.0,100.0,0.0
DPSO,C03,0.3,0.75,0.25,wt_sds_22,22,1,5,139.2,10.50566037735849,89.4943396226415
DPSO,C03,0.3,0.75,0.25,wt_sds_22,22,2,5,90.8,6.852830188679245,93.14716981132075
DPSO,C03,0.3,0.75,0.25,wt_sds_22,22,3,5,57.2,4.316981132075472,95.68301886792453
DPSO,C03,0.3,0.75,0.25,wt_sds_22,22,4,5,54.6,4.120754716981132,95.87924528301888
DPSO,C03,0.3,0.75,0.25,wt_sds_22,22,5,5,44.6,3.3660377358490563,96.63396226415094
DPSO,C03,0.3,0.75,0.25,wt_sds_22,22,6,5,44.0,3.3207547169811322,96.67924528301887
DPSO,C03,0.3,0.75,0.25,wt_sds_22,22,7,5,36.8,2.777358490566038,97.22264150943396
DPSO,C03,0.3,0.75,0.25,wt_sds_22,22,8,5,36.4,2.7471698113207546,97.25283018867924
DPSO,C03,0.3,0.75,0.25,wt_sds_22,22,9,5,34.4,2.59622641509434,97.40377358490566
DPSO,C03,0.3,0.75,0.25,wt_sds_22,22,10,5,15.8,1.1924528301886794,98.80754716981133
DPSO,C03,0.3,0.75,0.25,wt_sds_23,23,0,5,0.0,100.0,0.0
DPSO,C03,0.3,0.75,0.25,wt_sds_23,23,1,5,0.0,100.0,0.0
DPSO,C03,0.3,0.75,0.25,wt_sds_23,23,2,5,0.0,100.0,0.0
DPSO,C03,0.3,0.75,0.25,wt_sds_23,23,3,5,0.0,100.0,0.0
DPSO,C03,0.3,0.75,0.25,wt_sds_23,23,4,5,0.0,100.0,0.0
DPSO,C03,0.3,0.75,0.25,wt_sds_23,23,5,5,0.0,100.0,0.0
DPSO,C03,0.3,0.75,0.25,wt_sds_23,23,6,5,0.0,100.0,0.0
DPSO,C03,0.3,0.75,0.25,wt_sds_23,23,7,5,0.0,100.0,0.0
DPSO,C03,0.3,0.75,0.25,wt_sds_23,23,8,5,0.0,100.0,0.0
DPSO,C03,0.3,0.75,0.25,wt_sds_23,23,9,5,0.0,100.0,0.0
DPSO,C03,0.3,0.75,0.25,wt_sds_23,23,10,5,0.0,100.0,0.0
DPSO,C03,0.3,0.75,0.25,wt_sds_24,24,0,5,4871.0,100.0,0.0
DPSO,C03,0.3,0.75,0.25,wt_sds_24,24,1,5,3930.2,80.68569082323958,19.31430917676042
DPSO,C03,0.3,0.75,0.25,wt_sds_24,24,2,5,3588.0,73.66043933483884,26.339560665161155
DPSO,C03,0.3,0.75,0.25,wt_sds_24,24,3,5,3588.0,73.66043933483884,26.339560665161155
DPSO,C03,0.3,0.75,0.25,wt_sds_24,24,4,5,3483.8,71.52124820365428,28.478751796345716
DPSO,C03,0.3,0.75,0.25,wt_sds_24,24,5,5,3439.6,70.61383699445699,29.386163005543004
DPSO,C03,0.3,0.75,0.25,wt_sds_24,24,6,5,3439.6,70.61383699445699,29.386163005543004
DPSO,C03,0.3,0.75,0.25,wt_sds_24,24,7,5,3439.6,70.61383699445699,29.386163005543004
DPSO,C03,0.3,0.75,0.25,wt_sds_24,24,8,5,3310.8,67.96961609525765,32.03038390474235
DPSO,C03,0.3,0.75,0.25,wt_sds_24,24,9,5,3208.2,65.86327242865941,34.136727571340586
DPSO,C03,0.3,0.75,0.25,wt_sds_24,24,10,5,3208.2,65.86327242865941,34.136727571340586
DPSO,C03,0.3,0.75,0.25,wt_sds_25,25,0,5,2696.0,100.0,0.0
DPSO,C03,0.3,0.75,0.25,wt_sds_25,25,1,5,1238.8,45.94955489614243,54.05044510385757
DPSO,C03,0.3,0.75,0.25,wt_sds_25,25,2,5,815.6,30.252225519287833,69.74777448071217
DPSO,C03,0.3,0.75,0.25,wt_sds_25,25,3,5,738.0,27.373887240356083,72.62611275964392
DPSO,C03,0.3,0.75,0.25,wt_sds_25,25,4,5,681.2,25.267062314540055,74.73293768545994
DPSO,C03,0.3,0.75,0.25,wt_sds_25,25,5,5,538.4,19.97032640949555,80.02967359050446
DPSO,C03,0.3,0.75,0.25,wt_sds_25,25,6,5,538.4,19.97032640949555,80.02967359050446
DPSO,C03,0.3,0.75,0.25,wt_sds_25,25,7,5,516.0,19.13946587537092,80.86053412462908
DPSO,C03,0.3,0.75,0.25,wt_sds_25,25,8,5,507.0,18.805637982195844,81.19436201780415
DPSO,C03,0.3,0.75,0.25,wt_sds_25,25,9,5,507.0,18.805637982195844,81.19436201780415
DPSO,C03,0.3,0.75,0.25,wt_sds_25,25,10,5,507.0,18.805637982195844,81.19436201780415
DPSO,C04,0.3,0.75,0.75,wt_sds_31,31,0,5,237.0,100.0,0.0
DPSO,C04,0.3,0.75,0.75,wt_sds_31,31,1,5,0.0,0.0,100.0
DPSO,C04,0.3,0.75,0.75,wt_sds_31,31,2,5,0.0,0.0,100.0
DPSO,C04,0.3,0.75,0.75,wt_sds_31,31,3,5,0.0,0.0,100.0
DPSO,C04,0.3,0.75,0.75,wt_sds_31,31,4,5,0.0,0.0,100.0
DPSO,C04,0.3,0.75,0.75,wt_sds_31,31,5,5,0.0,0.0,100.0
DPSO,C04,0.3,0.75,0.75,wt_sds_31,31,6,5,0.0,0.0,100.0
DPSO,C04,0.3,0.75,0.75,wt_sds_31,31,7,5,0.0,0.0,100.0
DPSO,C04,0.3,0.75,0.75,wt_sds_31,31,8,5,0.0,0.0,100.0
DPSO,C04,0.3,0.75,0.75,wt_sds_31,31,9,5,0.0,0.0,100.0
DPSO,C04,0.3,0.75,0.75,wt_sds_31,31,10,5,0.0,0.0,100.0
DPSO,C04,0.3,0.75,0.75,wt_sds_32,32,0,5,1595.0,100.0,0.0
DPSO,C04,0.3,0.75,0.75,wt_sds_32,32,1,5,303.2,19.009404388714735,80.99059561128527
DPSO,C04,0.3,0.75,0.75,wt_sds_32,32,2,5,219.8,13.780564263322884,86.21943573667711
DPSO,C04,0.3,0.75,0.75,wt_sds_32,32,3,5,133.2,8.351097178683386,91.64890282131663
DPSO,C04,0.3,0.75,0.75,wt_sds_32,32,4,5,116.2,7.285266457680251,92.71473354231975
DPSO,C04,0.3,0.75,0.75,wt_sds_32,32,5,5,85.6,5.366771159874608,94.63322884012538
DPSO,C04,0.3,0.75,0.75,wt_sds_32,32,6,5,85.6,5.366771159874608,94.63322884012538
DPSO,C04,0.3,0.75,0.75,wt_sds_32,32,7,5,85.6,5.366771159874608,94.63322884012538
DPSO,C04,0.3,0.75,0.75,wt_sds_32,32,8,5,73.6,4.614420062695925,95.38557993730407
DPSO,C04,0.3,0.75,0.75,wt_sds_32,32,9,5,73.6,4.614420062695925,95.38557993730407
DPSO,C04,0.3,0.75,0.75,wt_sds_32,32,10,5,66.0,4.137931034482759,95.86206896551724
DPSO,C04,0.3,0.75,0.75,wt_sds_33,33,0,5,541.0,100.0,0.0
DPSO,C04,0.3,0.75,0.75,wt_sds_33,33,1,5,138.4,25.582255083179298,74.4177449168207
DPSO,C04,0.3,0.75,0.75,wt_sds_33,33,2,5,7.2,1.3308687615526802,98.66913123844732
DPSO,C04,0.3,0.75,0.75,wt_sds_33,33,3,5,0.0,0.0,100.0
DPSO,C04,0.3,0.75,0.75,wt_sds_33,33,4,5,0.0,0.0,100.0
DPSO,C04,0.3,0.75,0.75,wt_sds_33,33,5,5,0.0,0.0,100.0
DPSO,C04,0.3,0.75,0.75,wt_sds_33,33,6,5,0.0,0.0,100.0
DPSO,C04,0.3,0.75,0.75,wt_sds_33,33,7,5,0.0,0.0,100.0
DPSO,C04,0.3,0.75,0.75,wt_sds_33,33,8,5,0.0,0.0,100.0
DPSO,C04,0.3,0.75,0.75,wt_sds_33,33,9,5,0.0,0.0,100.0
DPSO,C04,0.3,0.75,0.75,wt_sds_33,33,10,5,0.0,0.0,100.0
DPSO,C04,0.3,0.75,0.75,wt_sds_34,34,0,5,0.0,100.0,0.0
DPSO,C04,0.3,0.75,0.75,wt_sds_34,34,1,5,0.0,100.0,0.0
DPSO,C04,0.3,0.75,0.75,wt_sds_34,34,2,5,0.0,100.0,0.0
DPSO,C04,0.3,0.75,0.75,wt_sds_34,34,3,5,0.0,100.0,0.0
DPSO,C04,0.3,0.75,0.75,wt_sds_34,34,4,5,0.0,100.0,0.0
DPSO,C04,0.3,0.75,0.75,wt_sds_34,34,5,5,0.0,100.0,0.0
DPSO,C04,0.3,0.75,0.75,wt_sds_34,34,6,5,0.0,100.0,0.0
DPSO,C04,0.3,0.75,0.75,wt_sds_34,34,7,5,0.0,100.0,0.0
DPSO,C04,0.3,0.75,0.75,wt_sds_34,34,8,5,0.0,100.0,0.0
DPSO,C04,0.3,0.75,0.75,wt_sds_34,34,9,5,0.0,100.0,0.0
DPSO,C04,0.3,0.75,0.75,wt_sds_34,34,10,5,0.0,100.0,0.0
DPSO,C04,0.3,0.75,0.75,wt_sds_35,35,0,5,0.0,100.0,0.0
DPSO,C04,0.3,0.75,0.75,wt_sds_35,35,1,5,0.0,100.0,0.0
DPSO,C04,0.3,0.75,0.75,wt_sds_35,35,2,5,0.0,100.0,0.0
DPSO,C04,0.3,0.75,0.75,wt_sds_35,35,3,5,0.0,100.0,0.0
DPSO,C04,0.3,0.75,0.75,wt_sds_35,35,4,5,0.0,100.0,0.0
DPSO,C04,0.3,0.75,0.75,wt_sds_35,35,5,5,0.0,100.0,0.0
DPSO,C04,0.3,0.75,0.75,wt_sds_35,35,6,5,0.0,100.0,0.0
DPSO,C04,0.3,0.75,0.75,wt_sds_35,35,7,5,0.0,100.0,0.0
DPSO,C04,0.3,0.75,0.75,wt_sds_35,35,8,5,0.0,100.0,0.0
DPSO,C04,0.3,0.75,0.75,wt_sds_35,35,9,5,0.0,100.0,0.0
DPSO,C04,0.3,0.75,0.75,wt_sds_35,35,10,5,0.0,100.0,0.0
DPSO,C05,0.9,0.25,0.25,wt_sds_81,81,0,5,404367.0,100.0,0.0
DPSO,C05,0.9,0.25,0.25,wt_sds_81,81,1,5,404312.6,99.98654687449768,0.013453125502329044
DPSO,C05,0.9,0.25,0.25,wt_sds_81,81,2,5,404290.6,99.98110627227246,0.018893727727535746
DPSO,C05,0.9,0.25,0.25,wt_sds_81,81,3,5,404287.8,99.98041383198925,0.01958616801074129
DPSO,C05,0.9,0.25,0.25,wt_sds_81,81,4,5,404274.0,99.97700109059345,0.022998909406553025
DPSO,C05,0.9,0.25,0.25,wt_sds_81,81,5,5,404274.0,99.97700109059345,0.022998909406553025
DPSO,C05,0.9,0.25,0.25,wt_sds_81,81,6,5,404274.0,99.97700109059345,0.022998909406553025
DPSO,C05,0.9,0.25,0.25,wt_sds_81,81,7,5,404274.0,99.97700109059345,0.022998909406553025
DPSO,C05,0.9,0.25,0.25,wt_sds_81,81,8,5,404274.0,99.97700109059345,0.022998909406553025
DPSO,C05,0.9,0.25,0.25,wt_sds_81,81,9,5,404274.0,99.97700109059345,0.022998909406553025
DPSO,C05,0.9,0.25,0.25,wt_sds_81,81,10,5,404274.0,99.97700109059345,0.022998909406553025
DPSO,C05,0.9,0.25,0.25,wt_sds_82,82,0,5,429017.0,100.0,0.0
DPSO,C05,0.9,0.25,0.25,wt_sds_82,82,1,5,428171.4,99.80289825344917,0.19710174655083962
DPSO,C05,0.9,0.25,0.25,wt_sds_82,82,2,5,428013.2,99.76602325781963,0.23397674218038275
DPSO,C05,0.9,0.25,0.25,wt_sds_82,82,3,5,427779.0,99.71143334646413,0.288566653535878
DPSO,C05,0.9,0.25,0.25,wt_sds_82,82,4,5,427326.4,99.60593636149616,0.3940636385038374
DPSO,C05,0.9,0.25,0.25,wt_sds_82,82,5,5,427326.4,99.60593636149616,0.3940636385038374
DPSO,C05,0.9,0.25,0.25,wt_sds_82,82,6,5,427228.6,99.58314006204883,0.4168599379511789
DPSO,C05,0.9,0.25,0.25,wt_sds_82,82,7,5,427205.8,99.57782558733103,0.4221744126689629
DPSO,C05,0.9,0.25,0.25,wt_sds_82,82,8,5,427205.8,99.57782558733103,0.4221744126689629
DPSO,C05,0.9,0.25,0.25,wt_sds_82,82,9,5,427205.8,99.57782558733103,0.4221744126689629
DPSO,C05,0.9,0.25,0.25,wt_sds_82,82,10,5,427193.0,99.5748420225772,0.4251579774228077
DPSO,C05,0.9,0.25,0.25,wt_sds_83,83,0,5,480103.0,100.0,0.0
DPSO,C05,0.9,0.25,0.25,wt_sds_83,83,1,5,480088.4,99.99695898588428,0.003041014115720486
DPSO,C05,0.9,0.25,0.25,wt_sds_83,83,2,5,480088.4,99.99695898588428,0.003041014115720486
DPSO,C05,0.9,0.25,0.25,wt_sds_83,83,3,5,480088.4,99.99695898588428,0.003041014115720486
DPSO,C05,0.9,0.25,0.25,wt_sds_83,83,4,5,480088.4,99.99695898588428,0.003041014115720486
DPSO,C05,0.9,0.25,0.25,wt_sds_83,83,5,5,480088.4,99.99695898588428,0.003041014115720486
DPSO,C05,0.9,0.25,0.25,wt_sds_83,83,6,5,480088.4,99.99695898588428,0.003041014115720486
DPSO,C05,0.9,0.25,0.25,wt_sds_83,83,7,5,480088.4,99.99695898588428,0.003041014115720486
DPSO,C05,0.9,0.25,0.25,wt_sds_83,83,8,5,480088.4,99.99695898588428,0.003041014115720486
DPSO,C05,0.9,0.25,0.25,wt_sds_83,83,9,5,480088.4,99.99695898588428,0.003041014115720486
DPSO,C05,0.9,0.25,0.25,wt_sds_83,83,10,5,480088.4,99.99695898588428,0.003041014115720486
DPSO,C05,0.9,0.25,0.25,wt_sds_84,84,0,5,340970.0,100.0,0.0
DPSO,C05,0.9,0.25,0.25,wt_sds_84,84,1,5,340745.6,99.93418775845382,0.06581224154617189
DPSO,C05,0.9,0.25,0.25,wt_sds_84,84,2,5,340745.6,99.93418775845382,0.06581224154617189
DPSO,C05,0.9,0.25,0.25,wt_sds_84,84,3,5,340596.0,99.89031293075638,0.10968706924361982
DPSO,C05,0.9,0.25,0.25,wt_sds_84,84,4,5,340596.0,99.89031293075638,0.10968706924361982
DPSO,C05,0.9,0.25,0.25,wt_sds_84,84,5,5,340596.0,99.89031293075638,0.10968706924361982
DPSO,C05,0.9,0.25,0.25,wt_sds_84,84,6,5,340596.0,99.89031293075638,0.10968706924361982
DPSO,C05,0.9,0.25,0.25,wt_sds_84,84,7,5,340596.0,99.89031293075638,0.10968706924361982
DPSO,C05,0.9,0.25,0.25,wt_sds_84,84,8,5,340596.0,99.89031293075638,0.10968706924361982
DPSO,C05,0.9,0.25,0.25,wt_sds_84,84,9,5,340596.0,99.89031293075638,0.10968706924361982
DPSO,C05,0.9,0.25,0.25,wt_sds_84,84,10,5,340596.0,99.89031293075638,0.10968706924361982
DPSO,C05,0.9,0.25,0.25,wt_sds_85,85,0,5,574751.0,100.0,0.0
DPSO,C05,0.9,0.25,0.25,wt_sds_85,85,1,5,574452.2,99.94801226966112,0.0519877303388796
DPSO,C05,0.9,0.25,0.25,wt_sds_85,85,2,5,574374.4,99.93447597307355,0.06552402692644535
DPSO,C05,0.9,0.25,0.25,wt_sds_85,85,3,5,574374.4,99.93447597307355,0.06552402692644535
DPSO,C05,0.9,0.25,0.25,wt_sds_85,85,4,5,574374.4,99.93447597307355,0.06552402692644535
DPSO,C05,0.9,0.25,0.25,wt_sds_85,85,5,5,574356.0,99.93127458673408,0.06872541326592056
DPSO,C05,0.9,0.25,0.25,wt_sds_85,85,6,5,574356.0,99.93127458673408,0.06872541326592056
DPSO,C05,0.9,0.25,0.25,wt_sds_85,85,7,5,574313.8,99.92393227675986,0.07606772324014913
DPSO,C05,0.9,0.25,0.25,wt_sds_85,85,8,5,574312.0,99.92361909766143,0.07638090233857611
DPSO,C05,0.9,0.25,0.25,wt_sds_85,85,9,5,574307.8,99.92288834643176,0.07711165356824097
DPSO,C05,0.9,0.25,0.25,wt_sds_85,85,10,5,574307.8,99.92288834643176,0.07711165356824097
DPSO,C06,0.9,0.25,0.75,wt_sds_91,91,0,5,356272.0,100.0,0.0
DPSO,C06,0.9,0.25,0.75,wt_sds_91,91,1,5,356272.0,100.0,0.0
DPSO,C06,0.9,0.25,0.75,wt_sds_91,91,2,5,356272.0,100.0,0.0
DPSO,C06,0.9,0.25,0.75,wt_sds_91,91,3,5,356272.0,100.0,0.0
DPSO,C06,0.9,0.25,0.75,wt_sds_91,91,4,5,356272.0,100.0,0.0
DPSO,C06,0.9,0.25,0.75,wt_sds_91,91,5,5,356272.0,100.0,0.0
DPSO,C06,0.9,0.25,0.75,wt_sds_91,91,6,5,356272.0,100.0,0.0
DPSO,C06,0.9,0.25,0.75,wt_sds_91,91,7,5,356272.0,100.0,0.0
DPSO,C06,0.9,0.25,0.75,wt_sds_91,91,8,5,356272.0,100.0,0.0
DPSO,C06,0.9,0.25,0.75,wt_sds_91,91,9,5,356272.0,100.0,0.0
DPSO,C06,0.9,0.25,0.75,wt_sds_91,91,10,5,356257.8,99.99601428122334,0.003985718776664271
DPSO,C06,0.9,0.25,0.75,wt_sds_92,92,0,5,390582.0,100.0,0.0
DPSO,C06,0.9,0.25,0.75,wt_sds_92,92,1,5,390582.0,100.0,0.0
DPSO,C06,0.9,0.25,0.75,wt_sds_92,92,2,5,390582.0,100.0,0.0
DPSO,C06,0.9,0.25,0.75,wt_sds_92,92,3,5,390582.0,100.0,0.0
DPSO,C06,0.9,0.25,0.75,wt_sds_92,92,4,5,390582.0,100.0,0.0
DPSO,C06,0.9,0.25,0.75,wt_sds_92,92,5,5,390582.0,100.0,0.0
DPSO,C06,0.9,0.25,0.75,wt_sds_92,92,6,5,390582.0,100.0,0.0
DPSO,C06,0.9,0.25,0.75,wt_sds_92,92,7,5,390582.0,100.0,0.0
DPSO,C06,0.9,0.25,0.75,wt_sds_92,92,8,5,390582.0,100.0,0.0
DPSO,C06,0.9,0.25,0.75,wt_sds_92,92,9,5,390582.0,100.0,0.0
DPSO,C06,0.9,0.25,0.75,wt_sds_92,92,10,5,390582.0,100.0,0.0
DPSO,C06,0.9,0.25,0.75,wt_sds_93,93,0,5,431927.0,100.0,0.0
DPSO,C06,0.9,0.25,0.75,wt_sds_93,93,1,5,431927.0,100.0,0.0
DPSO,C06,0.9,0.25,0.75,wt_sds_93,93,2,5,431927.0,100.0,0.0
DPSO,C06,0.9,0.25,0.75,wt_sds_93,93,3,5,431927.0,100.0,0.0
DPSO,C06,0.9,0.25,0.75,wt_sds_93,93,4,5,431927.0,100.0,0.0
DPSO,C06,0.9,0.25,0.75,wt_sds_93,93,5,5,431927.0,100.0,0.0
DPSO,C06,0.9,0.25,0.75,wt_sds_93,93,6,5,431927.0,100.0,0.0
DPSO,C06,0.9,0.25,0.75,wt_sds_93,93,7,5,431927.0,100.0,0.0
DPSO,C06,0.9,0.25,0.75,wt_sds_93,93,8,5,431927.0,100.0,0.0
DPSO,C06,0.9,0.25,0.75,wt_sds_93,93,9,5,431927.0,100.0,0.0
DPSO,C06,0.9,0.25,0.75,wt_sds_93,93,10,5,431927.0,100.0,0.0
DPSO,C06,0.9,0.25,0.75,wt_sds_94,94,0,5,357721.0,100.0,0.0
DPSO,C06,0.9,0.25,0.75,wt_sds_94,94,1,5,357468.0,99.92927449045484,0.07072550954515008
DPSO,C06,0.9,0.25,0.75,wt_sds_94,94,2,5,357288.4,99.87906776510185,0.12093223489814875
DPSO,C06,0.9,0.25,0.75,wt_sds_94,94,3,5,357288.4,99.87906776510185,0.12093223489814875
DPSO,C06,0.9,0.25,0.75,wt_sds_94,94,4,5,357288.4,99.87906776510185,0.12093223489814875
DPSO,C06,0.9,0.25,0.75,wt_sds_94,94,5,5,357288.4,99.87906776510185,0.12093223489814875
DPSO,C06,0.9,0.25,0.75,wt_sds_94,94,6,5,357288.4,99.87906776510185,0.12093223489814875
DPSO,C06,0.9,0.25,0.75,wt_sds_94,94,7,5,357288.4,99.87906776510185,0.12093223489814875
DPSO,C06,0.9,0.25,0.75,wt_sds_94,94,8,5,357282.2,99.87733457079679,0.1226654292032066
DPSO,C06,0.9,0.25,0.75,wt_sds_94,94,9,5,357282.2,99.87733457079679,0.1226654292032066
DPSO,C06,0.9,0.25,0.75,wt_sds_94,94,10,5,357282.2,99.87733457079679,0.1226654292032066
DPSO,C06,0.9,0.25,0.75,wt_sds_95,95,0,5,569806.0,100.0,0.0
DPSO,C06,0.9,0.25,0.75,wt_sds_95,95,1,5,569468.8,99.94082196396668,0.059178036033318906
DPSO,C06,0.9,0.25,0.75,wt_sds_95,95,2,5,569266.8,99.90537130181148,0.09462869818850664
DPSO,C06,0.9,0.25,0.75,wt_sds_95,95,3,5,568648.4,99.7968431360849,0.20315686391508905
DPSO,C06,0.9,0.25,0.75,wt_sds_95,95,4,5,567988.4,99.68101423993429,0.3189857600657092
DPSO,C06,0.9,0.25,0.75,wt_sds_95,95,5,5,567953.8,99.67494199780276,0.32505800219724107
DPSO,C06,0.9,0.25,0.75,wt_sds_95,95,6,5,567928.8,99.67055453961522,0.32944546038476685
DPSO,C06,0.9,0.25,0.75,wt_sds_95,95,7,5,567928.8,99.67055453961522,0.32944546038476685
DPSO,C06,0.9,0.25,0.75,wt_sds_95,95,8,5,567904.0,99.66620218109321,0.3337978189067911
DPSO,C06,0.9,0.25,0.75,wt_sds_95,95,9,5,567904.0,99.66620218109321,0.3337978189067911
DPSO,C06,0.9,0.25,0.75,wt_sds_95,95,10,5,567904.0,99.66620218109321,0.3337978189067911
DPSO,C07,0.9,0.75,0.25,wt_sds_101,101,0,5,362875.0,100.0,0.0
DPSO,C07,0.9,0.75,0.25,wt_sds_101,101,1,5,361042.8,99.49508784016534,0.5049121598346545
DPSO,C07,0.9,0.75,0.25,wt_sds_101,101,2,5,360982.6,99.47849810540819,0.5215018945918075
DPSO,C07,0.9,0.75,0.25,wt_sds_101,101,3,5,360968.6,99.47464002755768,0.5253599724423083
DPSO,C07,0.9,0.75,0.25,wt_sds_101,101,4,5,360968.6,99.47464002755768,0.5253599724423083
DPSO,C07,0.9,0.75,0.25,wt_sds_101,101,5,5,360561.8,99.36253530830174,0.6374646916982527
DPSO,C07,0.9,0.75,0.25,wt_sds_101,101,6,5,360561.8,99.36253530830174,0.6374646916982527
DPSO,C07,0.9,0.75,0.25,wt_sds_101,101,7,5,360561.8,99.36253530830174,0.6374646916982527
DPSO,C07,0.9,0.75,0.25,wt_sds_101,101,8,5,360561.8,99.36253530830174,0.6374646916982527
DPSO,C07,0.9,0.75,0.25,wt_sds_101,101,9,5,360561.8,99.36253530830174,0.6374646916982527
DPSO,C07,0.9,0.75,0.25,wt_sds_101,101,10,5,360527.8,99.35316569066482,0.6468343093351763
DPSO,C07,0.9,0.75,0.25,wt_sds_102,102,0,5,498978.0,100.0,0.0
DPSO,C07,0.9,0.75,0.25,wt_sds_102,102,1,5,498915.0,99.98737419285018,0.012625807149817092
DPSO,C07,0.9,0.75,0.25,wt_sds_102,102,2,5,498887.2,99.98180280493328,0.018197195066716177
DPSO,C07,0.9,0.75,0.25,wt_sds_102,102,3,5,498871.6,99.97867641459143,0.021323585408572397
DPSO,C07,0.9,0.75,0.25,wt_sds_102,102,4,5,498856.0,99.97555002424957,0.02444997575042862
DPSO,C07,0.9,0.75,0.25,wt_sds_102,102,5,5,498856.0,99.97555002424957,0.02444997575042862
DPSO,C07,0.9,0.75,0.25,wt_sds_102,102,6,5,498856.0,99.97555002424957,0.02444997575042862
DPSO,C07,0.9,0.75,0.25,wt_sds_102,102,7,5,498856.0,99.97555002424957,0.02444997575042862
DPSO,C07,0.9,0.75,0.25,wt_sds_102,102,8,5,498856.0,99.97555002424957,0.02444997575042862
DPSO,C07,0.9,0.75,0.25,wt_sds_102,102,9,5,498856.0,99.97555002424957,0.02444997575042862
DPSO,C07,0.9,0.75,0.25,wt_sds_102,102,10,5,498856.0,99.97555002424957,0.02444997575042862
DPSO,C07,0.9,0.75,0.25,wt_sds_103,103,0,5,399977.0,100.0,0.0
DPSO,C07,0.9,0.75,0.25,wt_sds_103,103,1,5,398457.6,99.62012815736905,0.3798718426309506
DPSO,C07,0.9,0.75,0.25,wt_sds_103,103,2,5,398434.2,99.6142778209747,0.3857221790252936
DPSO,C07,0.9,0.75,0.25,wt_sds_103,103,3,5,398364.8,99.59692682329234,0.4030731767076617
DPSO,C07,0.9,0.75,0.25,wt_sds_103,103,4,5,397402.8,99.35641299374713,0.6435870062528636
DPSO,C07,0.9,0.75,0.25,wt_sds_103,103,5,5,396968.2,99.2477567460129,0.7522432539871062
DPSO,C07,0.9,0.75,0.25,wt_sds_103,103,6,5,396944.2,99.24175640099307,0.7582435990069427
DPSO,C07,0.9,0.75,0.25,wt_sds_103,103,7,5,396933.4,99.23905624573413,0.7609437542658725
DPSO,C07,0.9,0.75,0.25,wt_sds_103,103,8,5,396894.2,99.22925568220172,0.7707443177982753
DPSO,C07,0.9,0.75,0.25,wt_sds_103,103,9,5,396412.8,99.1088987616788,0.8911012383212011
DPSO,C07,0.9,0.75,0.25,wt_sds_103,103,10,5,395540.8,98.89088622595798,1.1091137740420067
DPSO,C07,0.9,0.75,0.25,wt_sds_104,104,0,5,370253.0,100.0,0.0
DPSO,C07,0.9,0.75,0.25,wt_sds_104,104,1,5,369972.0,99.9241059491753,0.07589405082470364
DPSO,C07,0.9,0.75,0.25,wt_sds_104,104,2,5,369647.6,99.83649018373923,0.16350981626077613
DPSO,C07,0.9,0.75,0.25,wt_sds_104,104,3,5,369332.8,99.75146723996835,0.24853276003165375
DPSO,C07,0.9,0.75,0.25,wt_sds_104,104,4,5,369330.4,99.75081903455205,0.24918096544795104
DPSO,C07,0.9,0.75,0.25,wt_sds_104,104,5,5,369323.8,99.74903646965723,0.2509635303427643
DPSO,C07,0.9,0.75,0.25,wt_sds_104,104,6,5,369087.4,99.68518823615204,0.314811763847959
DPSO,C07,0.9,0.75,0.25,wt_sds_104,104,7,5,369087.4,99.68518823615204,0.314811763847959
DPSO,C07,0.9,0.75,0.25,wt_sds_104,104,8,5,369087.4,99.68518823615204,0.314811763847959
DPSO,C07,0.9,0.75,0.25,wt_sds_104,104,9,5,369087.4,99.68518823615204,0.314811763847959
DPSO,C07,0.9,0.75,0.25,wt_sds_104,104,10,5,368851.0,99.62134000264685,0.3786599973531537
DPSO,C07,0.9,0.75,0.25,wt_sds_105,105,0,5,465059.0,100.0,0.0
DPSO,C07,0.9,0.75,0.25,wt_sds_105,105,1,5,465047.8,99.99759170341828,0.00240829658172288
DPSO,C07,0.9,0.75,0.25,wt_sds_105,105,2,5,465047.8,99.99759170341828,0.00240829658172288
DPSO,C07,0.9,0.75,0.25,wt_sds_105,105,3,5,465045.0,99.99698962927285,0.0030103707271535995
DPSO,C07,0.9,0.75,0.25,wt_sds_105,105,4,5,465045.0,99.99698962927285,0.0030103707271535995
DPSO,C07,0.9,0.75,0.25,wt_sds_105,105,5,5,465045.0,99.99698962927285,0.0030103707271535995
DPSO,C07,0.9,0.75,0.25,wt_sds_105,105,6,5,465045.0,99.99698962927285,0.0030103707271535995
DPSO,C07,0.9,0.75,0.25,wt_sds_105,105,7,5,465045.0,99.99698962927285,0.0030103707271535995
DPSO,C07,0.9,0.75,0.25,wt_sds_105,105,8,5,465045.0,99.99698962927285,0.0030103707271535995
DPSO,C07,0.9,0.75,0.25,wt_sds_105,105,9,5,465045.0,99.99698962927285,0.0030103707271535995
DPSO,C07,0.9,0.75,0.25,wt_sds_105,105,10,5,465045.0,99.99698962927285,0.0030103707271535995
DPSO,C08,0.9,0.75,0.75,wt_sds_111,111,0,5,365649.0,100.0,0.0
DPSO,C08,0.9,0.75,0.75,wt_sds_111,111,1,5,365593.8,99.9849035550487,0.015096444951305443
DPSO,C08,0.9,0.75,0.75,wt_sds_111,111,2,5,365549.4,99.97276076237047,0.027239237629530066
DPSO,C08,0.9,0.75,0.75,wt_sds_111,111,3,5,365491.8,99.95700795024736,0.04299204975263251
DPSO,C08,0.9,0.75,0.75,wt_sds_111,111,4,5,365491.8,99.95700795024736,0.04299204975263251
DPSO,C08,0.9,0.75,0.75,wt_sds_111,111,5,5,365409.0,99.9343632828204,0.06563671717960062
DPSO,C08,0.9,0.75,0.75,wt_sds_111,111,6,5,365409.0,99.9343632828204,0.06563671717960062
DPSO,C08,0.9,0.75,0.75,wt_sds_111,111,7,5,365409.0,99.9343632828204,0.06563671717960062
DPSO,C08,0.9,0.75,0.75,wt_sds_111,111,8,5,365409.0,99.9343632828204,0.06563671717960062
DPSO,C08,0.9,0.75,0.75,wt_sds_111,111,9,5,365409.0,99.9343632828204,0.06563671717960062
DPSO,C08,0.9,0.75,0.75,wt_sds_111,111,10,5,365409.0,99.9343632828204,0.06563671717960062
DPSO,C08,0.9,0.75,0.75,wt_sds_112,112,0,5,402909.0,100.0,0.0
DPSO,C08,0.9,0.75,0.75,wt_sds_112,112,1,5,402055.2,99.78809110742128,0.2119088925787196
DPSO,C08,0.9,0.75,0.75,wt_sds_112,112,2,5,401898.8,99.74927340913209,0.2507265908679102
DPSO,C08,0.9,0.75,0.75,wt_sds_112,112,3,5,401060.0,99.5410874415811,0.45891255841889633
DPSO,C08,0.9,0.75,0.75,wt_sds_112,112,4,5,400120.2,99.30783377884336,0.6921662211566343
DPSO,C08,0.9,0.75,0.75,wt_sds_112,112,5,5,400103.8,99.30376338081304,0.6962366191869591
DPSO,C08,0.9,0.75,0.75,wt_sds_112,112,6,5,400103.8,99.30376338081304,0.6962366191869591
DPSO,C08,0.9,0.75,0.75,wt_sds_112,112,7,5,400103.8,99.30376338081304,0.6962366191869591
DPSO,C08,0.9,0.75,0.75,wt_sds_112,112,8,5,399276.2,99.09835719728277,0.9016428027172338
DPSO,C08,0.9,0.75,0.75,wt_sds_112,112,9,5,399276.2,99.09835719728277,0.9016428027172338
DPSO,C08,0.9,0.75,0.75,wt_sds_112,112,10,5,399276.2,99.09835719728277,0.9016428027172338
DPSO,C08,0.9,0.75,0.75,wt_sds_113,113,0,5,269459.0,100.0,0.0
DPSO,C08,0.9,0.75,0.75,wt_sds_113,113,1,5,268615.6,99.6870024753302,0.3129975246697995
DPSO,C08,0.9,0.75,0.75,wt_sds_113,113,2,5,268256.6,99.55377255909062,0.4462274409093766
DPSO,C08,0.9,0.75,0.75,wt_sds_113,113,3,5,267911.4,99.42566401567585,0.5743359843241421
DPSO,C08,0.9,0.75,0.75,wt_sds_113,113,4,5,267516.8,99.27922244200417,0.7207775579958309
DPSO,C08,0.9,0.75,0.75,wt_sds_113,113,5,5,267516.8,99.27922244200417,0.7207775579958309
DPSO,C08,0.9,0.75,0.75,wt_sds_113,113,6,5,267516.8,99.27922244200417,0.7207775579958309
DPSO,C08,0.9,0.75,0.75,wt_sds_113,113,7,5,267516.8,99.27922244200417,0.7207775579958309
DPSO,C08,0.9,0.75,0.75,wt_sds_113,113,8,5,267516.8,99.27922244200417,0.7207775579958309
DPSO,C08,0.9,0.75,0.75,wt_sds_113,113,9,5,267516.8,99.27922244200417,0.7207775579958309
DPSO,C08,0.9,0.75,0.75,wt_sds_113,113,10,5,267516.8,99.27922244200417,0.7207775579958309
DPSO,C08,0.9,0.75,0.75,wt_sds_114,114,0,5,494861.0,100.0,0.0
DPSO,C08,0.9,0.75,0.75,wt_sds_114,114,1,5,494861.0,100.0,0.0
DPSO,C08,0.9,0.75,0.75,wt_sds_114,114,2,5,494861.0,100.0,0.0
DPSO,C08,0.9,0.75,0.75,wt_sds_114,114,3,5,494861.0,100.0,0.0
DPSO,C08,0.9,0.75,0.75,wt_sds_114,114,4,5,494861.0,100.0,0.0
DPSO,C08,0.9,0.75,0.75,wt_sds_114,114,5,5,494861.0,100.0,0.0
DPSO,C08,0.9,0.75,0.75,wt_sds_114,114,6,5,494861.0,100.0,0.0
DPSO,C08,0.9,0.75,0.75,wt_sds_114,114,7,5,494861.0,100.0,0.0
DPSO,C08,0.9,0.75,0.75,wt_sds_114,114,8,5,494861.0,100.0,0.0
DPSO,C08,0.9,0.75,0.75,wt_sds_114,114,9,5,494861.0,100.0,0.0
DPSO,C08,0.9,0.75,0.75,wt_sds_114,114,10,5,494861.0,100.0,0.0
DPSO,C08,0.9,0.75,0.75,wt_sds_115,115,0,5,493200.0,100.0,0.0
DPSO,C08,0.9,0.75,0.75,wt_sds_115,115,1,5,493189.0,99.9977696674777,0.002230332522302092
DPSO,C08,0.9,0.75,0.75,wt_sds_115,115,2,5,493189.0,99.9977696674777,0.002230332522302092
DPSO,C08,0.9,0.75,0.75,wt_sds_115,115,3,5,493189.0,99.9977696674777,0.002230332522302092
DPSO,C08,0.9,0.75,0.75,wt_sds_115,115,4,5,493189.0,99.9977696674777,0.002230332522302092
DPSO,C08,0.9,0.75,0.75,wt_sds_115,115,5,5,493189.0,99.9977696674777,0.002230332522302092
DPSO,C08,0.9,0.75,0.75,wt_sds_115,115,6,5,493189.0,99.9977696674777,0.002230332522302092
DPSO,C08,0.9,0.75,0.75,wt_sds_115,115,7,5,493189.0,99.9977696674777,0.002230332522302092
DPSO,C08,0.9,0.75,0.75,wt_sds_115,115,8,5,493189.0,99.9977696674777,0.002230332522302092
DPSO,C08,0.9,0.75,0.75,wt_sds_115,115,9,5,493189.0,99.9977696674777,0.002230332522302092
DPSO,C08,0.9,0.75,0.75,wt_sds_115,115,10,5,493189.0,99.9977696674777,0.002230332522302092
GA,C01,0.3,0.25,0.25,wt_sds_1,1,0,5,2442.0,100.0,0.0
GA,C01,0.3,0.25,0.25,wt_sds_1,1,1,5,1616.0,66.17526617526617,33.824733824733826
GA,C01,0.3,0.25,0.25,wt_sds_1,1,2,5,1508.0,61.75266175266175,38.24733824733825
GA,C01,0.3,0.25,0.25,wt_sds_1,1,3,5,1418.4,58.08353808353807,41.91646191646193
GA,C01,0.3,0.25,0.25,wt_sds_1,1,4,5,1385.2,56.72399672399672,43.27600327600328
GA,C01,0.3,0.25,0.25,wt_sds_1,1,5,5,1367.0,55.978705978705975,44.021294021294025
GA,C01,0.3,0.25,0.25,wt_sds_1,1,6,5,1367.0,55.978705978705975,44.021294021294025
GA,C01,0.3,0.25,0.25,wt_sds_1,1,7,5,1365.4,55.913185913185906,44.08681408681409
GA,C01,0.3,0.25,0.25,wt_sds_1,1,8,5,1355.8,55.52006552006552,44.47993447993448
GA,C01,0.3,0.25,0.25,wt_sds_1,1,9,5,1355.8,55.52006552006552,44.47993447993448
GA,C01,0.3,0.25,0.25,wt_sds_1,1,10,5,1355.8,55.52006552006552,44.47993447993448
GA,C01,0.3,0.25,0.25,wt_sds_2,2,0,5,13089.0,100.0,0.0
GA,C01,0.3,0.25,0.25,wt_sds_2,2,1,5,8361.2,63.879593551837424,36.120406448162576
GA,C01,0.3,0.25,0.25,wt_sds_2,2,2,5,8154.4,62.29964091985637,37.70035908014363
GA,C01,0.3,0.25,0.25,wt_sds_2,2,3,5,8066.6,61.628848651539464,38.371151348460536
GA,C01,0.3,0.25,0.25,wt_sds_2,2,4,5,8013.8,61.2254564901826,38.7745435098174
GA,C01,0.3,0.25,0.25,wt_sds_2,2,5,5,8013.8,61.2254564901826,38.7745435098174
GA,C01,0.3,0.25,0.25,wt_sds_2,2,6,5,7911.8,60.44617617847048,39.55382382152952
GA,C01,0.3,0.25,0.25,wt_sds_2,2,7,5,7854.2,60.006112002444794,39.9938879975552
GA,C01,0.3,0.25,0.25,wt_sds_2,2,8,5,7854.2,60.006112002444794,39.9938879975552
GA,C01,0.3,0.25,0.25,wt_sds_2,2,9,5,7854.2,60.006112002444794,39.9938879975552
GA,C01,0.3,0.25,0.25,wt_sds_2,2,10,5,7854.2,60.006112002444794,39.9938879975552
GA,C01,0.3,0.25,0.25,wt_sds_3,3,0,5,5053.0,100.0,0.0
GA,C01,0.3,0.25,0.25,wt_sds_3,3,1,5,3324.8,65.79853552345142,34.20146447654859
GA,C01,0.3,0.25,0.25,wt_sds_3,3,2,5,3005.2,59.473580051454576,40.52641994854542
GA,C01,0.3,0.25,0.25,wt_sds_3,3,3,5,3005.2,59.473580051454576,40.52641994854542
GA,C01,0.3,0.25,0.25,wt_sds_3,3,4,5,3005.2,59.473580051454576,40.52641994854542
GA,C01,0.3,0.25,0.25,wt_sds_3,3,5,5,2912.8,57.64496338808628,42.35503661191372
GA,C01,0.3,0.25,0.25,wt_sds_3,3,6,5,2908.8,57.56580249356817,42.43419750643182
GA,C01,0.3,0.25,0.25,wt_sds_3,3,7,5,2908.8,57.56580249356817,42.43419750643182
GA,C01,0.3,0.25,0.25,wt_sds_3,3,8,5,2908.8,57.56580249356817,42.43419750643182
GA,C01,0.3,0.25,0.25,wt_sds_3,3,9,5,2882.0,57.035424500296855,42.964575499703145
GA,C01,0.3,0.25,0.25,wt_sds_3,3,10,5,2842.0,56.24381555511577,43.75618444488423
GA,C01,0.3,0.25,0.25,wt_sds_4,4,0,5,16155.0,100.0,0.0
GA,C01,0.3,0.25,0.25,wt_sds_4,4,1,5,10118.8,62.63571649644073,37.36428350355927
GA,C01,0.3,0.25,0.25,wt_sds_4,4,2,5,9707.0,60.086660476632616,39.913339523367384
GA,C01,0.3,0.25,0.25,wt_sds_4,4,3,5,9663.0,59.81429897864439,40.18570102135562
GA,C01,0.3,0.25,0.25,wt_sds_4,4,4,5,9541.2,59.06035283194058,40.93964716805942
GA,C01,0.3,0.25,0.25,wt_sds_4,4,5,5,9457.2,58.54038997214485,41.45961002785515
GA,C01,0.3,0.25,0.25,wt_sds_4,4,6,5,9423.6,58.33240482822656,41.66759517177344
GA,C01,0.3,0.25,0.25,wt_sds_4,4,7,5,9280.2,57.444753946146704,42.555246053853296
GA,C01,0.3,0.25,0.25,wt_sds_4,4,8,5,9280.2,57.444753946146704,42.555246053853296
GA,C01,0.3,0.25,0.25,wt_sds_4,4,9,5,9276.0,57.41875580315692,42.58124419684308
GA,C01,0.3,0.25,0.25,wt_sds_4,4,10,5,9259.2,57.31476323119777,42.68523676880223
GA,C01,0.3,0.25,0.25,wt_sds_5,5,0,5,10127.0,100.0,0.0
GA,C01,0.3,0.25,0.25,wt_sds_5,5,1,5,7061.2,69.72647378295645,30.273526217043546
GA,C01,0.3,0.25,0.25,wt_sds_5,5,2,5,6808.4,67.23017675520884,32.769823244791155
GA,C01,0.3,0.25,0.25,wt_sds_5,5,3,5,6587.2,65.04591685592969,34.95408314407031
GA,C01,0.3,0.25,0.25,wt_sds_5,5,4,5,6535.0,64.53046311839637,35.46953688160364
GA,C01,0.3,0.25,0.25,wt_sds_5,5,5,5,6469.2,63.88071492050953,36.11928507949047
GA,C01,0.3,0.25,0.25,wt_sds_5,5,6,5,6462.6,63.81554260886738,36.18445739113262
GA,C01,0.3,0.25,0.25,wt_sds_5,5,7,5,6442.4,63.61607583687173,36.38392416312827
GA,C01,0.3,0.25,0.25,wt_sds_5,5,8,5,6374.8,62.9485533721734,37.0514466278266
GA,C01,0.3,0.25,0.25,wt_sds_5,5,9,5,6374.8,62.9485533721734,37.0514466278266
GA,C01,0.3,0.25,0.25,wt_sds_5,5,10,5,6374.8,62.9485533721734,37.0514466278266
GA,C02,0.3,0.25,0.75,wt_sds_11,11,0,5,16772.0,100.0,0.0
GA,C02,0.3,0.25,0.75,wt_sds_11,11,1,5,10475.2,62.45647507751014,37.543524922489866
GA,C02,0.3,0.25,0.75,wt_sds_11,11,2,5,10020.8,59.74719771046982,40.25280228953017
GA,C02,0.3,0.25,0.75,wt_sds_11,11,3,5,9040.0,53.89935606963987,46.10064393036013
GA,C02,0.3,0.25,0.75,wt_sds_11,11,4,5,8855.2,52.797519675649895,47.202480324350105
GA,C02,0.3,0.25,0.75,wt_sds_11,11,5,5,8855.2,52.797519675649895,47.202480324350105
GA,C02,0.3,0.25,0.75,wt_sds_11,11,6,5,8843.2,52.72597185785834,47.27402814214166
GA,C02,0.3,0.25,0.75,wt_sds_11,11,7,5,8843.2,52.72597185785834,47.27402814214166
GA,C02,0.3,0.25,0.75,wt_sds_11,11,8,5,8843.2,52.72597185785834,47.27402814214166
GA,C02,0.3,0.25,0.75,wt_sds_11,11,9,5,8843.2,52.72597185785834,47.27402814214166
GA,C02,0.3,0.25,0.75,wt_sds_11,11,10,5,8843.2,52.72597185785834,47.27402814214166
GA,C02,0.3,0.25,0.75,wt_sds_12,12,0,5,751.0,100.0,0.0
GA,C02,0.3,0.25,0.75,wt_sds_12,12,1,5,65.8,8.761651131824234,91.23834886817576
GA,C02,0.3,0.25,0.75,wt_sds_12,12,2,5,22.0,2.929427430093209,97.07057256990679
GA,C02,0.3,0.25,0.75,wt_sds_12,12,3,5,22.0,2.929427430093209,97.07057256990679
GA,C02,0.3,0.25,0.75,wt_sds_12,12,4,5,20.8,2.7696404793608522,97.23035952063915
GA,C02,0.3,0.25,0.75,wt_sds_12,12,5,5,20.8,2.7696404793608522,97.23035952063915
GA,C02,0.3,0.25,0.75,wt_sds_12,12,6,5,20.8,2.7696404793608522,97.23035952063915
GA,C02,0.3,0.25,0.75,wt_sds_12,12,7,5,20.8,2.7696404793608522,97.23035952063915
GA,C02,0.3,0.25,0.75,wt_sds_12,12,8,5,20.8,2.7696404793608522,97.23035952063915
GA,C02,0.3,0.25,0.75,wt_sds_12,12,9,5,20.8,2.7696404793608522,97.23035952063915
GA,C02,0.3,0.25,0.75,wt_sds_12,12,10,5,20.8,2.7696404793608522,97.23035952063915
GA,C02,0.3,0.25,0.75,wt_sds_13,13,0,5,11556.0,100.0,0.0
GA,C02,0.3,0.25,0.75,wt_sds_13,13,1,5,10744.4,92.97680858428522,7.02319141571478
GA,C02,0.3,0.25,0.75,wt_sds_13,13,2,5,10736.0,92.90411907234338,7.0958809276566255
GA,C02,0.3,0.25,0.75,wt_sds_13,13,3,5,10687.4,92.48355832467982,7.516441675320178
GA,C02,0.3,0.25,0.75,wt_sds_13,13,4,5,10435.0,90.2994115610938,9.700588438906195
GA,C02,0.3,0.25,0.75,wt_sds_13,13,5,5,10386.4,89.87885081343026,10.121149186569747
GA,C02,0.3,0.25,0.75,wt_sds_13,13,6,5,10386.4,89.87885081343026,10.121149186569747
GA,C02,0.3,0.25,0.75,wt_sds_13,13,7,5,10386.4,89.87885081343026,10.121149186569747
GA,C02,0.3,0.25,0.75,wt_sds_13,13,8,5,10386.4,89.87885081343026,10.121149186569747
GA,C02,0.3,0.25,0.75,wt_sds_13,13,9,5,10228.0,88.50813430252683,11.491865697473177
GA,C02,0.3,0.25,0.75,wt_sds_13,13,10,5,10134.0,87.69470404984423,12.305295950155763
GA,C02,0.3,0.25,0.75,wt_sds_14,14,0,5,15307.0,100.0,0.0
GA,C02,0.3,0.25,0.75,wt_sds_14,14,1,5,10484.8,68.49676618540538,31.503233814594626
GA,C02,0.3,0.25,0.75,wt_sds_14,14,2,5,10034.4,65.55432155223102,34.44567844776899
GA,C02,0.3,0.25,0.75,wt_sds_14,14,3,5,9958.8,65.06042986868754,34.939570131312465
GA,C02,0.3,0.25,0.75,wt_sds_14,14,4,5,9794.6,63.98771803749919,36.01228196250081
GA,C02,0.3,0.25,0.75,wt_sds_14,14,5,5,9719.6,63.49774612922192,36.50225387077808
GA,C02,0.3,0.25,0.75,wt_sds_14,14,6,5,9461.6,61.812242764748156,38.187757235251844
GA,C02,0.3,0.25,0.75,wt_sds_14,14,7,5,9461.6,61.812242764748156,38.187757235251844
GA,C02,0.3,0.25,0.75,wt_sds_14,14,8,5,9461.6,61.812242764748156,38.187757235251844
GA,C02,0.3,0.25,0.75,wt_sds_14,14,9,5,9461.6,61.812242764748156,38.187757235251844
GA,C02,0.3,0.25,0.75,wt_sds_14,14,10,5,9427.4,61.58881557457373,38.41118442542627
GA,C02,0.3,0.25,0.75,wt_sds_15,15,0,5,7572.0,100.0,0.0
GA,C02,0.3,0.25,0.75,wt_sds_15,15,1,5,5922.0,78.20919175911253,21.79080824088748
GA,C02,0.3,0.25,0.75,wt_sds_15,15,2,5,5516.8,72.85789751716852,27.14210248283148
GA,C02,0.3,0.25,0.75,wt_sds_15,15,3,5,5370.8,70.9297411516112,29.0702588483888
GA,C02,0.3,0.25,0.75,wt_sds_15,15,4,5,5288.8,69.84680401479133,30.15319598520866
GA,C02,0.3,0.25,0.75,wt_sds_15,15,5,5,5241.0,69.21553090332804,30.78446909667195
GA,C02,0.3,0.25,0.75,wt_sds_15,15,6,5,5187.0,68.50237717908082,31.497622820919172
GA,C02,0.3,0.25,0.75,wt_sds_15,15,7,5,5130.8,67.76016904384575,32.23983095615425
GA,C02,0.3,0.25,0.75,wt_sds_15,15,8,5,5130.8,67.76016904384575,32.23983095615425
GA,C02,0.3,0.25,0.75,wt_sds_15,15,9,5,5130.8,67.76016904384575,32.23983095615425
GA,C02,0.3,0.25,0.75,wt_sds_15,15,10,5,5130.8,67.76016904384575,32.23983095615425
GA,C03,0.3,0.75,0.25,wt_sds_21,21,0,5,3736.0,100.0,0.0
GA,C03,0.3,0.75,0.25,wt_sds_21,21,1,5,36.6,0.9796573875802999,99.0203426124197
GA,C03,0.3,0.75,0.25,wt_sds_21,21,2,5,14.4,0.38543897216274087,99.61456102783725
GA,C03,0.3,0.75,0.25,wt_sds_21,21,3,5,4.4,0.11777301927194861,99.88222698072805
GA,C03,0.3,0.75,0.25,wt_sds_21,21,4,5,2.4,0.06423982869379015,99.93576017130621
GA,C03,0.3,0.75,0.25,wt_sds_21,21,5,5,1.6,0.04282655246252677,99.95717344753749
GA,C03,0.3,0.75,0.25,wt_sds_21,21,6,5,1.6,0.04282655246252677,99.95717344753749
GA,C03,0.3,0.75,0.25,wt_sds_21,21,7,5,0.0,0.0,100.0
GA,C03,0.3,0.75,0.25,wt_sds_21,21,8,5,0.0,0.0,100.0
GA,C03,0.3,0.75,0.25,wt_sds_21,21,9,5,0.0,0.0,100.0
GA,C03,0.3,0.75,0.25,wt_sds_21,21,10,5,0.0,0.0,100.0
GA,C03,0.3,0.75,0.25,wt_sds_22,22,0,5,1325.0,100.0,0.0
GA,C03,0.3,0.75,0.25,wt_sds_22,22,1,5,56.2,4.241509433962264,95.75849056603774
GA,C03,0.3,0.75,0.25,wt_sds_22,22,2,5,0.0,0.0,100.0
GA,C03,0.3,0.75,0.25,wt_sds_22,22,3,5,0.0,0.0,100.0
GA,C03,0.3,0.75,0.25,wt_sds_22,22,4,5,0.0,0.0,100.0
GA,C03,0.3,0.75,0.25,wt_sds_22,22,5,5,0.0,0.0,100.0
GA,C03,0.3,0.75,0.25,wt_sds_22,22,6,5,0.0,0.0,100.0
GA,C03,0.3,0.75,0.25,wt_sds_22,22,7,5,0.0,0.0,100.0
GA,C03,0.3,0.75,0.25,wt_sds_22,22,8,5,0.0,0.0,100.0
GA,C03,0.3,0.75,0.25,wt_sds_22,22,9,5,0.0,0.0,100.0
GA,C03,0.3,0.75,0.25,wt_sds_22,22,10,5,0.0,0.0,100.0
GA,C03,0.3,0.75,0.25,wt_sds_23,23,0,5,0.0,100.0,0.0
GA,C03,0.3,0.75,0.25,wt_sds_23,23,1,5,0.0,100.0,0.0
GA,C03,0.3,0.75,0.25,wt_sds_23,23,2,5,0.0,100.0,0.0
GA,C03,0.3,0.75,0.25,wt_sds_23,23,3,5,0.0,100.0,0.0
GA,C03,0.3,0.75,0.25,wt_sds_23,23,4,5,0.0,100.0,0.0
GA,C03,0.3,0.75,0.25,wt_sds_23,23,5,5,0.0,100.0,0.0
GA,C03,0.3,0.75,0.25,wt_sds_23,23,6,5,0.0,100.0,0.0
GA,C03,0.3,0.75,0.25,wt_sds_23,23,7,5,0.0,100.0,0.0
GA,C03,0.3,0.75,0.25,wt_sds_23,23,8,5,0.0,100.0,0.0
GA,C03,0.3,0.75,0.25,wt_sds_23,23,9,5,0.0,100.0,0.0
GA,C03,0.3,0.75,0.25,wt_sds_23,23,10,5,0.0,100.0,0.0
GA,C03,0.3,0.75,0.25,wt_sds_24,24,0,5,4871.0,100.0,0.0
GA,C03,0.3,0.75,0.25,wt_sds_24,24,1,5,3038.0,62.36912338328885,37.63087661671115
GA,C03,0.3,0.75,0.25,wt_sds_24,24,2,5,2749.0,56.436050092383496,43.563949907616504
GA,C03,0.3,0.75,0.25,wt_sds_24,24,3,5,2738.4,56.21843563949908,43.78156436050092
GA,C03,0.3,0.75,0.25,wt_sds_24,24,4,5,2716.2,55.76267706836378,44.237322931636214
GA,C03,0.3,0.75,0.25,wt_sds_24,24,5,5,2714.2,55.72161773763088,44.27838226236913
GA,C03,0.3,0.75,0.25,wt_sds_24,24,6,5,2714.2,55.72161773763088,44.27838226236913
GA,C03,0.3,0.75,0.25,wt_sds_24,24,7,5,2714.2,55.72161773763088,44.27838226236913
GA,C03,0.3,0.75,0.25,wt_sds_24,24,8,5,2705.4,55.540956682406076,44.459043317593924
GA,C03,0.3,0.75,0.25,wt_sds_24,24,9,5,2700.2,55.43420242250052,44.56579757749948
GA,C03,0.3,0.75,0.25,wt_sds_24,24,10,5,2699.0,55.40956682406077,44.59043317593923
GA,C03,0.3,0.75,0.25,wt_sds_25,25,0,5,2696.0,100.0,0.0
GA,C03,0.3,0.75,0.25,wt_sds_25,25,1,5,457.4,16.965875370919882,83.03412462908013
GA,C03,0.3,0.75,0.25,wt_sds_25,25,2,5,394.2,14.62166172106825,85.37833827893175
GA,C03,0.3,0.75,0.25,wt_sds_25,25,3,5,284.0,10.53412462908012,89.46587537091989
GA,C03,0.3,0.75,0.25,wt_sds_25,25,4,5,236.8,8.783382789317507,91.21661721068249
GA,C03,0.3,0.75,0.25,wt_sds_25,25,5,5,223.6,8.293768545994066,91.70623145400593
GA,C03,0.3,0.75,0.25,wt_sds_25,25,6,5,212.6,7.885756676557864,92.11424332344214
GA,C03,0.3,0.75,0.25,wt_sds_25,25,7,5,211.8,7.856083086053412,92.14391691394658
GA,C03,0.3,0.75,0.25,wt_sds_25,25,8,5,211.6,7.8486646884273,92.1513353115727
GA,C03,0.3,0.75,0.25,wt_sds_25,25,9,5,211.6,7.8486646884273,92.1513353115727
GA,C03,0.3,0.75,0.25,wt_sds_25,25,10,5,208.4,7.729970326409495,92.27002967359051
GA,C04,0.3,0.75,0.75,wt_sds_31,31,0,5,237.0,100.0,0.0
GA,C04,0.3,0.75,0.75,wt_sds_31,31,1,5,0.0,0.0,100.0
GA,C04,0.3,0.75,0.75,wt_sds_31,31,2,5,0.0,0.0,100.0
GA,C04,0.3,0.75,0.75,wt_sds_31,31,3,5,0.0,0.0,100.0
GA,C04,0.3,0.75,0.75,wt_sds_31,31,4,5,0.0,0.0,100.0
GA,C04,0.3,0.75,0.75,wt_sds_31,31,5,5,0.0,0.0,100.0
GA,C04,0.3,0.75,0.75,wt_sds_31,31,6,5,0.0,0.0,100.0
GA,C04,0.3,0.75,0.75,wt_sds_31,31,7,5,0.0,0.0,100.0
GA,C04,0.3,0.75,0.75,wt_sds_31,31,8,5,0.0,0.0,100.0
GA,C04,0.3,0.75,0.75,wt_sds_31,31,9,5,0.0,0.0,100.0
GA,C04,0.3,0.75,0.75,wt_sds_31,31,10,5,0.0,0.0,100.0
GA,C04,0.3,0.75,0.75,wt_sds_32,32,0,5,1595.0,100.0,0.0
GA,C04,0.3,0.75,0.75,wt_sds_32,32,1,5,6.6,0.4137931034482759,99.58620689655172
GA,C04,0.3,0.75,0.75,wt_sds_32,32,2,5,6.6,0.4137931034482759,99.58620689655172
GA,C04,0.3,0.75,0.75,wt_sds_32,32,3,5,6.6,0.4137931034482759,99.58620689655172
GA,C04,0.3,0.75,0.75,wt_sds_32,32,4,5,6.6,0.4137931034482759,99.58620689655172
GA,C04,0.3,0.75,0.75,wt_sds_32,32,5,5,6.6,0.4137931034482759,99.58620689655172
GA,C04,0.3,0.75,0.75,wt_sds_32,32,6,5,6.6,0.4137931034482759,99.58620689655172
GA,C04,0.3,0.75,0.75,wt_sds_32,32,7,5,6.6,0.4137931034482759,99.58620689655172
GA,C04,0.3,0.75,0.75,wt_sds_32,32,8,5,6.6,0.4137931034482759,99.58620689655172
GA,C04,0.3,0.75,0.75,wt_sds_32,32,9,5,6.6,0.4137931034482759,99.58620689655172
GA,C04,0.3,0.75,0.75,wt_sds_32,32,10,5,6.6,0.4137931034482759,99.58620689655172
GA,C04,0.3,0.75,0.75,wt_sds_33,33,0,5,541.0,100.0,0.0
GA,C04,0.3,0.75,0.75,wt_sds_33,33,1,5,0.0,0.0,100.0
GA,C04,0.3,0.75,0.75,wt_sds_33,33,2,5,0.0,0.0,100.0
GA,C04,0.3,0.75,0.75,wt_sds_33,33,3,5,0.0,0.0,100.0
GA,C04,0.3,0.75,0.75,wt_sds_33,33,4,5,0.0,0.0,100.0
GA,C04,0.3,0.75,0.75,wt_sds_33,33,5,5,0.0,0.0,100.0
GA,C04,0.3,0.75,0.75,wt_sds_33,33,6,5,0.0,0.0,100.0
GA,C04,0.3,0.75,0.75,wt_sds_33,33,7,5,0.0,0.0,100.0
GA,C04,0.3,0.75,0.75,wt_sds_33,33,8,5,0.0,0.0,100.0
GA,C04,0.3,0.75,0.75,wt_sds_33,33,9,5,0.0,0.0,100.0
GA,C04,0.3,0.75,0.75,wt_sds_33,33,10,5,0.0,0.0,100.0
GA,C04,0.3,0.75,0.75,wt_sds_34,34,0,5,0.0,100.0,0.0
GA,C04,0.3,0.75,0.75,wt_sds_34,34,1,5,0.0,100.0,0.0
GA,C04,0.3,0.75,0.75,wt_sds_34,34,2,5,0.0,100.0,0.0
GA,C04,0.3,0.75,0.75,wt_sds_34,34,3,5,0.0,100.0,0.0
GA,C04,0.3,0.75,0.75,wt_sds_34,34,4,5,0.0,100.0,0.0
GA,C04,0.3,0.75,0.75,wt_sds_34,34,5,5,0.0,100.0,0.0
GA,C04,0.3,0.75,0.75,wt_sds_34,34,6,5,0.0,100.0,0.0
GA,C04,0.3,0.75,0.75,wt_sds_34,34,7,5,0.0,100.0,0.0
GA,C04,0.3,0.75,0.75,wt_sds_34,34,8,5,0.0,100.0,0.0
GA,C04,0.3,0.75,0.75,wt_sds_34,34,9,5,0.0,100.0,0.0
GA,C04,0.3,0.75,0.75,wt_sds_34,34,10,5,0.0,100.0,0.0
GA,C04,0.3,0.75,0.75,wt_sds_35,35,0,5,0.0,100.0,0.0
GA,C04,0.3,0.75,0.75,wt_sds_35,35,1,5,0.0,100.0,0.0
GA,C04,0.3,0.75,0.75,wt_sds_35,35,2,5,0.0,100.0,0.0
GA,C04,0.3,0.75,0.75,wt_sds_35,35,3,5,0.0,100.0,0.0
GA,C04,0.3,0.75,0.75,wt_sds_35,35,4,5,0.0,100.0,0.0
GA,C04,0.3,0.75,0.75,wt_sds_35,35,5,5,0.0,100.0,0.0
GA,C04,0.3,0.75,0.75,wt_sds_35,35,6,5,0.0,100.0,0.0
GA,C04,0.3,0.75,0.75,wt_sds_35,35,7,5,0.0,100.0,0.0
GA,C04,0.3,0.75,0.75,wt_sds_35,35,8,5,0.0,100.0,0.0
GA,C04,0.3,0.75,0.75,wt_sds_35,35,9,5,0.0,100.0,0.0
GA,C04,0.3,0.75,0.75,wt_sds_35,35,10,5,0.0,100.0,0.0
GA,C05,0.9,0.25,0.25,wt_sds_81,81,0,5,404367.0,100.0,0.0
GA,C05,0.9,0.25,0.25,wt_sds_81,81,1,5,404285.0,99.97972139170605,0.020278608293952515
GA,C05,0.9,0.25,0.25,wt_sds_81,81,2,5,404192.2,99.95677194231972,0.04322805768027536
GA,C05,0.9,0.25,0.25,wt_sds_81,81,3,5,404181.4,99.95410110122735,0.04589889877264852
GA,C05,0.9,0.25,0.25,wt_sds_81,81,4,5,403851.6,99.87254152786949,0.1274584721305132
GA,C05,0.9,0.25,0.25,wt_sds_81,81,5,5,403851.6,99.87254152786949,0.1274584721305132
GA,C05,0.9,0.25,0.25,wt_sds_81,81,6,5,403851.6,99.87254152786949,0.1274584721305132
GA,C05,0.9,0.25,0.25,wt_sds_81,81,7,5,403851.6,99.87254152786949,0.1274584721305132
GA,C05,0.9,0.25,0.25,wt_sds_81,81,8,5,403851.6,99.87254152786949,0.1274584721305132
GA,C05,0.9,0.25,0.25,wt_sds_81,81,9,5,403851.6,99.87254152786949,0.1274584721305132
GA,C05,0.9,0.25,0.25,wt_sds_81,81,10,5,403851.6,99.87254152786949,0.1274584721305132
GA,C05,0.9,0.25,0.25,wt_sds_82,82,0,5,429017.0,100.0,0.0
GA,C05,0.9,0.25,0.25,wt_sds_82,82,1,5,427585.0,99.66621369316367,0.33378630683632193
GA,C05,0.9,0.25,0.25,wt_sds_82,82,2,5,427523.8,99.65194852418435,0.3480514758156431
GA,C05,0.9,0.25,0.25,wt_sds_82,82,3,5,427523.8,99.65194852418435,0.3480514758156431
GA,C05,0.9,0.25,0.25,wt_sds_82,82,4,5,427482.6,99.64234517513292,0.3576548248670804
GA,C05,0.9,0.25,0.25,wt_sds_82,82,5,5,427482.6,99.64234517513292,0.3576548248670804
GA,C05,0.9,0.25,0.25,wt_sds_82,82,6,5,427455.2,99.63595848183172,0.3640415181682812
GA,C05,0.9,0.25,0.25,wt_sds_82,82,7,5,427447.8,99.6342336084584,0.36576639154159524
GA,C05,0.9,0.25,0.25,wt_sds_82,82,8,5,427447.8,99.6342336084584,0.36576639154159524
GA,C05,0.9,0.25,0.25,wt_sds_82,82,9,5,427429.8,99.63003797052332,0.3699620294766873
GA,C05,0.9,0.25,0.25,wt_sds_82,82,10,5,427412.0,99.6258889507875,0.3741110492125017
GA,C05,0.9,0.25,0.25,wt_sds_83,83,0,5,480103.0,100.0,0.0
GA,C05,0.9,0.25,0.25,wt_sds_83,83,1,5,480085.0,99.99625080451486,0.003749195485141854
GA,C05,0.9,0.25,0.25,wt_sds_83,83,2,5,480085.0,99.99625080451486,0.003749195485141854
GA,C05,0.9,0.25,0.25,wt_sds_83,83,3,5,480085.0,99.99625080451486,0.003749195485141854
GA,C05,0.9,0.25,0.25,wt_sds_83,83,4,5,480085.0,99.99625080451486,0.003749195485141854
GA,C05,0.9,0.25,0.25,wt_sds_83,83,5,5,480085.0,99.99625080451486,0.003749195485141854
GA,C05,0.9,0.25,0.25,wt_sds_83,83,6,5,480085.0,99.99625080451486,0.003749195485141854
GA,C05,0.9,0.25,0.25,wt_sds_83,83,7,5,480085.0,99.99625080451486,0.003749195485141854
GA,C05,0.9,0.25,0.25,wt_sds_83,83,8,5,480085.0,99.99625080451486,0.003749195485141854
GA,C05,0.9,0.25,0.25,wt_sds_83,83,9,5,480085.0,99.99625080451486,0.003749195485141854
GA,C05,0.9,0.25,0.25,wt_sds_83,83,10,5,480085.0,99.99625080451486,0.003749195485141854
GA,C05,0.9,0.25,0.25,wt_sds_84,84,0,5,340970.0,100.0,0.0
GA,C05,0.9,0.25,0.25,wt_sds_84,84,1,5,340060.8,99.73334897498314,0.26665102501686133
GA,C05,0.9,0.25,0.25,wt_sds_84,84,2,5,338878.0,99.38645628647681,0.6135437135231854
GA,C05,0.9,0.25,0.25,wt_sds_84,84,3,5,337820.0,99.07616505850955,0.9238349414904548
GA,C05,0.9,0.25,0.25,wt_sds_84,84,4,5,337814.0,99.07440537290671,0.9255946270932924
GA,C05,0.9,0.25,0.25,wt_sds_84,84,5,5,337434.0,98.96295861806024,1.0370413819397584
GA,C05,0.9,0.25,0.25,wt_sds_84,84,6,5,337434.0,98.96295861806024,1.0370413819397584
GA,C05,0.9,0.25,0.25,wt_sds_84,84,7,5,337434.0,98.96295861806024,1.0370413819397584
GA,C05,0.9,0.25,0.25,wt_sds_84,84,8,5,337054.0,98.85151186321377,1.1484881367862243
GA,C05,0.9,0.25,0.25,wt_sds_84,84,9,5,337054.0,98.85151186321377,1.1484881367862243
GA,C05,0.9,0.25,0.25,wt_sds_84,84,10,5,337054.0,98.85151186321377,1.1484881367862243
GA,C05,0.9,0.25,0.25,wt_sds_85,85,0,5,574751.0,100.0,0.0
GA,C05,0.9,0.25,0.25,wt_sds_85,85,1,5,574248.0,99.91248384082846,0.0875161591715397
GA,C05,0.9,0.25,0.25,wt_sds_85,85,2,5,574215.8,99.90688141473439,0.09311858526561992
GA,C05,0.9,0.25,0.25,wt_sds_85,85,3,5,574146.8,99.89487621596135,0.10512378403865341
GA,C05,0.9,0.25,0.25,wt_sds_85,85,4,5,574146.8,99.89487621596135,0.10512378403865341
GA,C05,0.9,0.25,0.25,wt_sds_85,85,5,5,574115.4,99.88941298057767,0.11058701942232574
GA,C05,0.9,0.25,0.25,wt_sds_85,85,6,5,573994.4,99.86836038562787,0.13163961437213628
GA,C05,0.9,0.25,0.25,wt_sds_85,85,7,5,573994.4,99.86836038562787,0.13163961437213628
GA,C05,0.9,0.25,0.25,wt_sds_85,85,8,5,573842.0,99.84184455529439,0.15815544470561918
GA,C05,0.9,0.25,0.25,wt_sds_85,85,9,5,573842.0,99.84184455529439,0.15815544470561918
GA,C05,0.9,0.25,0.25,wt_sds_85,85,10,5,573777.2,99.83057010775102,0.16942989224899066
GA,C06,0.9,0.25,0.75,wt_sds_91,91,0,5,356272.0,100.0,0.0
GA,C06,0.9,0.25,0.75,wt_sds_91,91,1,5,356272.0,100.0,0.0
GA,C06,0.9,0.25,0.75,wt_sds_91,91,2,5,356272.0,100.0,0.0
GA,C06,0.9,0.25,0.75,wt_sds_91,91,3,5,356272.0,100.0,0.0
GA,C06,0.9,0.25,0.75,wt_sds_91,91,4,5,356218.6,99.98501145192438,0.014988548075626796
GA,C06,0.9,0.25,0.75,wt_sds_91,91,5,5,356181.0,99.97445771769884,0.0255422823011628
GA,C06,0.9,0.25,0.75,wt_sds_91,91,6,5,356181.0,99.97445771769884,0.0255422823011628
GA,C06,0.9,0.25,0.75,wt_sds_91,91,7,5,356181.0,99.97445771769884,0.0255422823011628
GA,C06,0.9,0.25,0.75,wt_sds_91,91,8,5,356181.0,99.97445771769884,0.0255422823011628
GA,C06,0.9,0.25,0.75,wt_sds_91,91,9,5,356181.0,99.97445771769884,0.0255422823011628
GA,C06,0.9,0.25,0.75,wt_sds_91,91,10,5,356181.0,99.97445771769884,0.0255422823011628
GA,C06,0.9,0.25,0.75,wt_sds_92,92,0,5,390582.0,100.0,0.0
GA,C06,0.9,0.25,0.75,wt_sds_92,92,1,5,390579.4,99.99933432672269,0.0006656732773137719
GA,C06,0.9,0.25,0.75,wt_sds_92,92,2,5,390579.4,99.99933432672269,0.0006656732773137719
GA,C06,0.9,0.25,0.75,wt_sds_92,92,3,5,390579.4,99.99933432672269,0.0006656732773137719
GA,C06,0.9,0.25,0.75,wt_sds_92,92,4,5,390579.4,99.99933432672269,0.0006656732773137719
GA,C06,0.9,0.25,0.75,wt_sds_92,92,5,5,390579.4,99.99933432672269,0.0006656732773137719
GA,C06,0.9,0.25,0.75,wt_sds_92,92,6,5,390579.4,99.99933432672269,0.0006656732773137719
GA,C06,0.9,0.25,0.75,wt_sds_92,92,7,5,390576.8,99.99866865344538,0.0013313465546275437
GA,C06,0.9,0.25,0.75,wt_sds_92,92,8,5,390574.2,99.99800298016805,0.001997019831941316
GA,C06,0.9,0.25,0.75,wt_sds_92,92,9,5,390574.2,99.99800298016805,0.001997019831941316
GA,C06,0.9,0.25,0.75,wt_sds_92,92,10,5,390574.2,99.99800298016805,0.001997019831941316
GA,C06,0.9,0.25,0.75,wt_sds_93,93,0,5,431927.0,100.0,0.0
GA,C06,0.9,0.25,0.75,wt_sds_93,93,1,5,431927.0,100.0,0.0
GA,C06,0.9,0.25,0.75,wt_sds_93,93,2,5,431927.0,100.0,0.0
GA,C06,0.9,0.25,0.75,wt_sds_93,93,3,5,431927.0,100.0,0.0
GA,C06,0.9,0.25,0.75,wt_sds_93,93,4,5,431927.0,100.0,0.0
GA,C06,0.9,0.25,0.75,wt_sds_93,93,5,5,431927.0,100.0,0.0
GA,C06,0.9,0.25,0.75,wt_sds_93,93,6,5,431927.0,100.0,0.0
GA,C06,0.9,0.25,0.75,wt_sds_93,93,7,5,431927.0,100.0,0.0
GA,C06,0.9,0.25,0.75,wt_sds_93,93,8,5,431927.0,100.0,0.0
GA,C06,0.9,0.25,0.75,wt_sds_93,93,9,5,431927.0,100.0,0.0
GA,C06,0.9,0.25,0.75,wt_sds_93,93,10,5,431927.0,100.0,0.0
GA,C06,0.9,0.25,0.75,wt_sds_94,94,0,5,357721.0,100.0,0.0
GA,C06,0.9,0.25,0.75,wt_sds_94,94,1,5,357372.8,99.90266157144814,0.09733842855186196
GA,C06,0.9,0.25,0.75,wt_sds_94,94,2,5,357347.2,99.89550515625305,0.10449484374694293
GA,C06,0.9,0.25,0.75,wt_sds_94,94,3,5,357347.2,99.89550515625305,0.10449484374694293
GA,C06,0.9,0.25,0.75,wt_sds_94,94,4,5,357347.2,99.89550515625305,0.10449484374694293
GA,C06,0.9,0.25,0.75,wt_sds_94,94,5,5,357347.2,99.89550515625305,0.10449484374694293
GA,C06,0.9,0.25,0.75,wt_sds_94,94,6,5,357347.2,99.89550515625305,0.10449484374694293
GA,C06,0.9,0.25,0.75,wt_sds_94,94,7,5,357347.2,99.89550515625305,0.10449484374694293
GA,C06,0.9,0.25,0.75,wt_sds_94,94,8,5,357347.2,99.89550515625305,0.10449484374694293
GA,C06,0.9,0.25,0.75,wt_sds_94,94,9,5,357347.2,99.89550515625305,0.10449484374694293
GA,C06,0.9,0.25,0.75,wt_sds_94,94,10,5,357289.2,99.87929140307669,0.12070859692330202
GA,C06,0.9,0.25,0.75,wt_sds_95,95,0,5,569806.0,100.0,0.0
GA,C06,0.9,0.25,0.75,wt_sds_95,95,1,5,568900.4,99.84106871461515,0.15893128538484974
GA,C06,0.9,0.25,0.75,wt_sds_95,95,2,5,567989.4,99.68118973826179,0.31881026173820715
GA,C06,0.9,0.25,0.75,wt_sds_95,95,3,5,567846.0,99.65602327809816,0.3439767219018421
GA,C06,0.9,0.25,0.75,wt_sds_95,95,4,5,567846.0,99.65602327809816,0.3439767219018421
GA,C06,0.9,0.25,0.75,wt_sds_95,95,5,5,567846.0,99.65602327809816,0.3439767219018421
GA,C06,0.9,0.25,0.75,wt_sds_95,95,6,5,567846.0,99.65602327809816,0.3439767219018421
GA,C06,0.9,0.25,0.75,wt_sds_95,95,7,5,567846.0,99.65602327809816,0.3439767219018421
GA,C06,0.9,0.25,0.75,wt_sds_95,95,8,5,567846.0,99.65602327809816,0.3439767219018421
GA,C06,0.9,0.25,0.75,wt_sds_95,95,9,5,567814.2,99.65044243128362,0.34955756871637506
GA,C06,0.9,0.25,0.75,wt_sds_95,95,10,5,567734.0,99.63636746541805,0.36363253458195005
GA,C07,0.9,0.75,0.25,wt_sds_101,101,0,5,362875.0,100.0,0.0
GA,C07,0.9,0.75,0.25,wt_sds_101,101,1,5,360583.0,99.36837754047536,0.6316224595246325
GA,C07,0.9,0.75,0.25,wt_sds_101,101,2,5,360560.0,99.36203926972098,0.6379607302790248
GA,C07,0.9,0.75,0.25,wt_sds_101,101,3,5,360560.0,99.36203926972098,0.6379607302790248
GA,C07,0.9,0.75,0.25,wt_sds_101,101,4,5,360467.8,99.33663107130555,0.663368928694456
GA,C07,0.9,0.75,0.25,wt_sds_101,101,5,5,360467.8,99.33663107130555,0.663368928694456
GA,C07,0.9,0.75,0.25,wt_sds_101,101,6,5,360467.8,99.33663107130555,0.663368928694456
GA,C07,0.9,0.75,0.25,wt_sds_101,101,7,5,360467.8,99.33663107130555,0.663368928694456
GA,C07,0.9,0.75,0.25,wt_sds_101,101,8,5,360452.8,99.33249741646571,0.6675025835342779
GA,C07,0.9,0.75,0.25,wt_sds_101,101,9,5,360452.8,99.33249741646571,0.6675025835342779
GA,C07,0.9,0.75,0.25,wt_sds_101,101,10,5,360392.8,99.31596279710644,0.6840372028935604
GA,C07,0.9,0.75,0.25,wt_sds_102,102,0,5,498978.0,100.0,0.0
GA,C07,0.9,0.75,0.25,wt_sds_102,102,1,5,498912.6,99.98689320972066,0.013106790279329062
GA,C07,0.9,0.75,0.25,wt_sds_102,102,2,5,498868.8,99.978115267607,0.021884732393007766
GA,C07,0.9,0.75,0.25,wt_sds_102,102,3,5,498856.0,99.97555002424957,0.02444997575042862
GA,C07,0.9,0.75,0.25,wt_sds_102,102,4,5,498856.0,99.97555002424957,0.02444997575042862
GA,C07,0.9,0.75,0.25,wt_sds_102,102,5,5,498856.0,99.97555002424957,0.02444997575042862
GA,C07,0.9,0.75,0.25,wt_sds_102,102,6,5,498856.0,99.97555002424957,0.02444997575042862
GA,C07,0.9,0.75,0.25,wt_sds_102,102,7,5,498856.0,99.97555002424957,0.02444997575042862
GA,C07,0.9,0.75,0.25,wt_sds_102,102,8,5,498856.0,99.97555002424957,0.02444997575042862
GA,C07,0.9,0.75,0.25,wt_sds_102,102,9,5,498856.0,99.97555002424957,0.02444997575042862
GA,C07,0.9,0.75,0.25,wt_sds_102,102,10,5,498856.0,99.97555002424957,0.02444997575042862
GA,C07,0.9,0.75,0.25,wt_sds_103,103,0,5,399977.0,100.0,0.0
GA,C07,0.9,0.75,0.25,wt_sds_103,103,1,5,396272.2,99.07374674043757,0.9262532595624293
GA,C07,0.9,0.75,0.25,wt_sds_103,103,2,5,395265.4,98.82203226685535,1.1779677331446579
GA,C07,0.9,0.75,0.25,wt_sds_103,103,3,5,395262.6,98.82133222660302,1.1786677733969726
GA,C07,0.9,0.75,0.25,wt_sds_103,103,4,5,395213.4,98.80903151931236,1.1909684806876384
GA,C07,0.9,0.75,0.25,wt_sds_103,103,5,5,395185.0,98.80193111103888,1.1980688889611144
GA,C07,0.9,0.75,0.25,wt_sds_103,103,6,5,395181.8,98.80113106503624,1.1988689349637582
GA,C07,0.9,0.75,0.25,wt_sds_103,103,7,5,395181.8,98.80113106503624,1.1988689349637582
GA,C07,0.9,0.75,0.25,wt_sds_103,103,8,5,395170.6,98.79833090402698,1.201669095973017
GA,C07,0.9,0.75,0.25,wt_sds_103,103,9,5,395165.6,98.79708083214784,1.20291916785215
GA,C07,0.9,0.75,0.25,wt_sds_103,103,10,5,395155.6,98.79458068838957,1.205419311610416
GA,C07,0.9,0.75,0.25,wt_sds_104,104,0,5,370253.0,100.0,0.0
GA,C07,0.9,0.75,0.25,wt_sds_104,104,1,5,369150.8,99.70231166256586,0.29768833743413553
GA,C07,0.9,0.75,0.25,wt_sds_104,104,2,5,369082.6,99.68389182531944,0.3161081746805564
GA,C07,0.9,0.75,0.25,wt_sds_104,104,3,5,369032.0,99.67022549445919,0.3297745055408086
GA,C07,0.9,0.75,0.25,wt_sds_104,104,4,5,368744.0,99.59244084450361,0.4075591554963808
GA,C07,0.9,0.75,0.25,wt_sds_104,104,5,5,368737.4,99.5906582796088,0.40934172039119404
GA,C07,0.9,0.75,0.25,wt_sds_104,104,6,5,368737.4,99.5906582796088,0.40934172039119404
GA,C07,0.9,0.75,0.25,wt_sds_104,104,7,5,368703.8,99.58158340378066,0.41841659621934185
GA,C07,0.9,0.75,0.25,wt_sds_104,104,8,5,368625.2,99.56035467639694,0.43964532360304814
GA,C07,0.9,0.75,0.25,wt_sds_104,104,9,5,368572.0,99.54598612300238,0.45401387699762097
GA,C07,0.9,0.75,0.25,wt_sds_104,104,10,5,368538.4,99.53691124717423,0.4630887528257688
GA,C07,0.9,0.75,0.25,wt_sds_105,105,0,5,465059.0,100.0,0.0
GA,C07,0.9,0.75,0.25,wt_sds_105,105,1,5,465045.0,99.99698962927285,0.0030103707271535995
GA,C07,0.9,0.75,0.25,wt_sds_105,105,2,5,465045.0,99.99698962927285,0.0030103707271535995
GA,C07,0.9,0.75,0.25,wt_sds_105,105,3,5,465009.0,99.98924867597445,0.010751324025551411
GA,C07,0.9,0.75,0.25,wt_sds_105,105,4,5,465009.0,99.98924867597445,0.010751324025551411
GA,C07,0.9,0.75,0.25,wt_sds_105,105,5,5,464973.0,99.98150772267606,0.018492277323949223
GA,C07,0.9,0.75,0.25,wt_sds_105,105,6,5,464973.0,99.98150772267606,0.018492277323949223
GA,C07,0.9,0.75,0.25,wt_sds_105,105,7,5,464973.0,99.98150772267606,0.018492277323949223
GA,C07,0.9,0.75,0.25,wt_sds_105,105,8,5,464973.0,99.98150772267606,0.018492277323949223
GA,C07,0.9,0.75,0.25,wt_sds_105,105,9,5,464973.0,99.98150772267606,0.018492277323949223
GA,C07,0.9,0.75,0.25,wt_sds_105,105,10,5,464973.0,99.98150772267606,0.018492277323949223
GA,C08,0.9,0.75,0.75,wt_sds_111,111,0,5,365649.0,100.0,0.0
GA,C08,0.9,0.75,0.75,wt_sds_111,111,1,5,365304.4,99.90575661358297,0.09424338641702831
GA,C08,0.9,0.75,0.75,wt_sds_111,111,2,5,365215.8,99.88152572549083,0.11847427450916541
GA,C08,0.9,0.75,0.75,wt_sds_111,111,3,5,365109.4,99.85242678087455,0.14757321912544796
GA,C08,0.9,0.75,0.75,wt_sds_111,111,4,5,365109.4,99.85242678087455,0.14757321912544796
GA,C08,0.9,0.75,0.75,wt_sds_111,111,5,5,364896.6,99.79422889164199,0.20577110835801307
GA,C08,0.9,0.75,0.75,wt_sds_111,111,6,5,364896.6,99.79422889164199,0.20577110835801307
GA,C08,0.9,0.75,0.75,wt_sds_111,111,7,5,364896.6,99.79422889164199,0.20577110835801307
GA,C08,0.9,0.75,0.75,wt_sds_111,111,8,5,364896.6,99.79422889164199,0.20577110835801307
GA,C08,0.9,0.75,0.75,wt_sds_111,111,9,5,364896.6,99.79422889164199,0.20577110835801307
GA,C08,0.9,0.75,0.75,wt_sds_111,111,10,5,364896.6,99.79422889164199,0.20577110835801307
GA,C08,0.9,0.75,0.75,wt_sds_112,112,0,5,402909.0,100.0,0.0
GA,C08,0.9,0.75,0.75,wt_sds_112,112,1,5,397653.8,98.69568562628287,1.3043143737171392
GA,C08,0.9,0.75,0.75,wt_sds_112,112,2,5,396458.8,98.39909259907324,1.6009074009267608
GA,C08,0.9,0.75,0.75,wt_sds_112,112,3,5,395400.6,98.13645264811657,1.863547351883429
GA,C08,0.9,0.75,0.75,wt_sds_112,112,4,5,395400.6,98.13645264811657,1.863547351883429
GA,C08,0.9,0.75,0.75,wt_sds_112,112,5,5,394545.8,97.92429556053601,2.0757044394639963
GA,C08,0.9,0.75,0.75,wt_sds_112,112,6,5,393691.0,97.71213847295544,2.2878615270445666
GA,C08,0.9,0.75,0.75,wt_sds_112,112,7,5,393683.0,97.71015291294064,2.289847087059357
GA,C08,0.9,0.75,0.75,wt_sds_112,112,8,5,393683.0,97.71015291294064,2.289847087059357
GA,C08,0.9,0.75,0.75,wt_sds_112,112,9,5,393683.0,97.71015291294064,2.289847087059357
GA,C08,0.9,0.75,0.75,wt_sds_112,112,10,5,393599.2,97.6893541717857,2.310645828214308
GA,C08,0.9,0.75,0.75,wt_sds_113,113,0,5,269459.0,100.0,0.0
GA,C08,0.9,0.75,0.75,wt_sds_113,113,1,5,267443.6,99.25205689919432,0.7479431008056878
GA,C08,0.9,0.75,0.75,wt_sds_113,113,2,5,267326.8,99.20871078716985,0.7912892128301536
GA,C08,0.9,0.75,0.75,wt_sds_113,113,3,5,267326.8,99.20871078716985,0.7912892128301536
GA,C08,0.9,0.75,0.75,wt_sds_113,113,4,5,267326.8,99.20871078716985,0.7912892128301536
GA,C08,0.9,0.75,0.75,wt_sds_113,113,5,5,267326.8,99.20871078716985,0.7912892128301536
GA,C08,0.9,0.75,0.75,wt_sds_113,113,6,5,267326.8,99.20871078716985,0.7912892128301536
GA,C08,0.9,0.75,0.75,wt_sds_113,113,7,5,267326.8,99.20871078716985,0.7912892128301536
GA,C08,0.9,0.75,0.75,wt_sds_113,113,8,5,267326.8,99.20871078716985,0.7912892128301536
GA,C08,0.9,0.75,0.75,wt_sds_113,113,9,5,267326.8,99.20871078716985,0.7912892128301536
GA,C08,0.9,0.75,0.75,wt_sds_113,113,10,5,267326.8,99.20871078716985,0.7912892128301536
GA,C08,0.9,0.75,0.75,wt_sds_114,114,0,5,494861.0,100.0,0.0
GA,C08,0.9,0.75,0.75,wt_sds_114,114,1,5,494858.4,99.99947459993817,0.0005254000618350573
GA,C08,0.9,0.75,0.75,wt_sds_114,114,2,5,494858.4,99.99947459993817,0.0005254000618350573
GA,C08,0.9,0.75,0.75,wt_sds_114,114,3,5,494858.4,99.99947459993817,0.0005254000618350573
GA,C08,0.9,0.75,0.75,wt_sds_114,114,4,5,494855.8,99.99894919987632,0.0010508001236701147
GA,C08,0.9,0.75,0.75,wt_sds_114,114,5,5,494855.8,99.99894919987632,0.0010508001236701147
GA,C08,0.9,0.75,0.75,wt_sds_114,114,6,5,494855.8,99.99894919987632,0.0010508001236701147
GA,C08,0.9,0.75,0.75,wt_sds_114,114,7,5,494855.8,99.99894919987632,0.0010508001236701147
GA,C08,0.9,0.75,0.75,wt_sds_114,114,8,5,494855.8,99.99894919987632,0.0010508001236701147
GA,C08,0.9,0.75,0.75,wt_sds_114,114,9,5,494855.8,99.99894919987632,0.0010508001236701147
GA,C08,0.9,0.75,0.75,wt_sds_114,114,10,5,494855.8,99.99894919987632,0.0010508001236701147
GA,C08,0.9,0.75,0.75,wt_sds_115,115,0,5,493200.0,100.0,0.0
GA,C08,0.9,0.75,0.75,wt_sds_115,115,1,5,492850.6,99.92915652879155,0.07084347120843973
GA,C08,0.9,0.75,0.75,wt_sds_115,115,2,5,492737.8,99.90628548256285,0.09371451743715227
GA,C08,0.9,0.75,0.75,wt_sds_115,115,3,5,490324.2,99.41690997566909,0.5830900243309032
GA,C08,0.9,0.75,0.75,wt_sds_115,115,4,5,489616.8,99.27347931873479,0.7265206812652082
GA,C08,0.9,0.75,0.75,wt_sds_115,115,5,5,489475.4,99.2448094079481,0.7551905920519062
GA,C08,0.9,0.75,0.75,wt_sds_115,115,6,5,489192.6,99.1874695863747,0.8125304136253021
GA,C08,0.9,0.75,0.75,wt_sds_115,115,7,5,487906.2,98.92664233576643,1.073357664233572
GA,C08,0.9,0.75,0.75,wt_sds_115,115,8,5,487906.2,98.92664233576643,1.073357664233572
GA,C08,0.9,0.75,0.75,wt_sds_115,115,9,5,487906.2,98.92664233576643,1.073357664233572
GA,C08,0.9,0.75,0.75,wt_sds_115,115,10,5,487906.2,98.92664233576643,1.073357664233572
GVNS,C01,0.3,0.25,0.25,wt_sds_1,1,0,5,2442.0,100.0,0.0
GVNS,C01,0.3,0.25,0.25,wt_sds_1,1,1,5,1107.4,45.34807534807535,54.65192465192465
GVNS,C01,0.3,0.25,0.25,wt_sds_1,1,2,5,970.2,39.729729729729726,60.270270270270274
GVNS,C01,0.3,0.25,0.25,wt_sds_1,1,3,5,917.2,37.55937755937756,62.44062244062244
GVNS,C01,0.3,0.25,0.25,wt_sds_1,1,4,5,883.6,36.18345618345619,63.81654381654382
GVNS,C01,0.3,0.25,0.25,wt_sds_1,1,5,5,854.8,35.004095004095,64.995904995905
GVNS,C01,0.3,0.25,0.25,wt_sds_1,1,6,5,832.2,34.07862407862408,65.92137592137593
GVNS,C01,0.3,0.25,0.25,wt_sds_1,1,7,5,817.0,33.45618345618346,66.54381654381655
GVNS,C01,0.3,0.25,0.25,wt_sds_1,1,8,5,799.8,32.75184275184275,67.24815724815724
GVNS,C01,0.3,0.25,0.25,wt_sds_1,1,9,5,799.8,32.75184275184275,67.24815724815724
GVNS,C01,0.3,0.25,0.25,wt_sds_1,1,10,5,790.2,32.35872235872236,67.64127764127764
GVNS,C01,0.3,0.25,0.25,wt_sds_2,2,0,5,13089.0,100.0,0.0
GVNS,C01,0.3,0.25,0.25,wt_sds_2,2,1,5,6544.2,49.9977079990832,50.0022920009168
GVNS,C01,0.3,0.25,0.25,wt_sds_2,2,2,5,5910.4,45.155474062189626,54.844525937810374
GVNS,C01,0.3,0.25,0.25,wt_sds_2,2,3,5,5805.4,44.3532737413095,55.6467262586905
GVNS,C01,0.3,0.25,0.25,wt_sds_2,2,4,5,5755.6,43.972801589120635,56.027198410879365
GVNS,C01,0.3,0.25,0.25,wt_sds_2,2,5,5,5721.0,43.70845748338299,56.29154251661701
GVNS,C01,0.3,0.25,0.25,wt_sds_2,2,6,5,5719.0,43.69317747727099,56.30682252272901
GVNS,C01,0.3,0.25,0.25,wt_sds_2,2,7,5,5682.0,43.410497364198946,56.589502635801054
GVNS,C01,0.3,0.25,0.25,wt_sds_2,2,8,5,5652.0,43.181297272518904,56.818702727481096
GVNS,C01,0.3,0.25,0.25,wt_sds_2,2,9,5,5640.0,43.089617235846895,56.91038276415311
GVNS,C01,0.3,0.25,0.25,wt_sds_2,2,10,5,5610.0,42.86041714416686,57.13958285583315
GVNS,C01,0.3,0.25,0.25,wt_sds_3,3,0,5,5053.0,100.0,0.0
GVNS,C01,0.3,0.25,0.25,wt_sds_3,3,1,5,2383.6,47.17197704334059,52.8280229566594
GVNS,C01,0.3,0.25,0.25,wt_sds_3,3,2,5,2235.6,44.243023946170595,55.756976053829405
GVNS,C01,0.3,0.25,0.25,wt_sds_3,3,3,5,2093.2,41.42489610132595,58.57510389867406
GVNS,C01,0.3,0.25,0.25,wt_sds_3,3,4,5,2006.0,39.69918860083119,60.30081139916881
GVNS,C01,0.3,0.25,0.25,wt_sds_3,3,5,5,1960.4,38.796754403324755,61.203245596675245
GVNS,C01,0.3,0.25,0.25,wt_sds_3,3,6,5,1948.4,38.559271719770436,61.440728280229564
GVNS,C01,0.3,0.25,0.25,wt_sds_3,3,7,5,1948.4,38.559271719770436,61.440728280229564
GVNS,C01,0.3,0.25,0.25,wt_sds_3,3,8,5,1942.4,38.44053037799328,61.55946962200672
GVNS,C01,0.3,0.25,0.25,wt_sds_3,3,9,5,1935.2,38.29804076786068,61.70195923213932
GVNS,C01,0.3,0.25,0.25,wt_sds_3,3,10,5,1934.0,38.27429249950525,61.72570750049475
GVNS,C01,0.3,0.25,0.25,wt_sds_4,4,0,5,16155.0,100.0,0.0
GVNS,C01,0.3,0.25,0.25,wt_sds_4,4,1,5,8051.6,49.839678118229656,50.160321881770344
GVNS,C01,0.3,0.25,0.25,wt_sds_4,4,2,5,7641.2,47.299288146084805,52.700711853915195
GVNS,C01,0.3,0.25,0.25,wt_sds_4,4,3,5,7367.4,45.60445682451253,54.39554317548747
GVNS,C01,0.3,0.25,0.25,wt_sds_4,4,4,5,7310.2,45.25038687712782,54.74961312287218
GVNS,C01,0.3,0.25,0.25,wt_sds_4,4,5,5,7310.2,45.25038687712782,54.74961312287218
GVNS,C01,0.3,0.25,0.25,wt_sds_4,4,6,5,7301.4,45.195914577530175,54.804085422469825
GVNS,C01,0.3,0.25,0.25,wt_sds_4,4,7,5,7140.2,44.198081089445985,55.801918910554015
GVNS,C01,0.3,0.25,0.25,wt_sds_4,4,8,5,7127.0,44.11637264004952,55.88362735995048
GVNS,C01,0.3,0.25,0.25,wt_sds_4,4,9,5,7063.0,43.720210461157535,56.279789538842465
GVNS,C01,0.3,0.25,0.25,wt_sds_4,4,10,5,7044.2,43.603837821108016,56.396162178891984
GVNS,C01,0.3,0.25,0.25,wt_sds_5,5,0,5,10127.0,100.0,0.0
GVNS,C01,0.3,0.25,0.25,wt_sds_5,5,1,5,6107.6,60.31006220993385,39.68993779006615
GVNS,C01,0.3,0.25,0.25,wt_sds_5,5,2,5,5551.6,54.819788683716794,45.180211316283206
GVNS,C01,0.3,0.25,0.25,wt_sds_5,5,3,5,5369.2,53.018662980152065,46.98133701984793
GVNS,C01,0.3,0.25,0.25,wt_sds_5,5,4,5,5252.6,51.86728547447418,48.13271452552582
GVNS,C01,0.3,0.25,0.25,wt_sds_5,5,5,5,5182.2,51.17211415029131,48.82788584970869
GVNS,C01,0.3,0.25,0.25,wt_sds_5,5,6,5,5179.8,51.14841512787598,48.85158487212402
GVNS,C01,0.3,0.25,0.25,wt_sds_5,5,7,5,5072.8,50.09183371185939,49.90816628814061
GVNS,C01,0.3,0.25,0.25,wt_sds_5,5,8,5,5071.0,50.074059445047894,49.925940554952106
GVNS,C01,0.3,0.25,0.25,wt_sds_5,5,9,5,5047.0,49.83706922089464,50.16293077910536
GVNS,C01,0.3,0.25,0.25,wt_sds_5,5,10,5,5026.0,49.62970277476054,50.37029722523946
GVNS,C02,0.3,0.25,0.75,wt_sds_11,11,0,5,16772.0,100.0,0.0
GVNS,C02,0.3,0.25,0.75,wt_sds_11,11,1,5,6336.8,37.78201764846172,62.217982351538275
GVNS,C02,0.3,0.25,0.75,wt_sds_11,11,2,5,5994.2,35.73932745051276,64.26067254948724
GVNS,C02,0.3,0.25,0.75,wt_sds_11,11,3,5,5898.8,35.17052229906987,64.82947770093013
GVNS,C02,0.3,0.25,0.75,wt_sds_11,11,4,5,5648.6,33.6787502981159,66.3212497018841
GVNS,C02,0.3,0.25,0.75,wt_sds_11,11,5,5,5434.6,32.40281421416647,67.59718578583353
GVNS,C02,0.3,0.25,0.75,wt_sds_11,11,6,5,5232.4,31.197233484378728,68.80276651562127
GVNS,C02,0.3,0.25,0.75,wt_sds_11,11,7,5,5163.6,30.787025995707133,69.21297400429287
GVNS,C02,0.3,0.25,0.75,wt_sds_11,11,8,5,5145.0,30.67612687813022,69.32387312186978
GVNS,C02,0.3,0.25,0.75,wt_sds_11,11,9,5,5145.0,30.67612687813022,69.32387312186978
GVNS,C02,0.3,0.25,0.75,wt_sds_11,11,10,5,4982.2,29.705461483424756,70.29453851657524
GVNS,C02,0.3,0.25,0.75,wt_sds_12,12,0,5,751.0,100.0,0.0
GVNS,C02,0.3,0.25,0.75,wt_sds_12,12,1,5,0.0,0.0,100.0
GVNS,C02,0.3,0.25,0.75,wt_sds_12,12,2,5,0.0,0.0,100.0
GVNS,C02,0.3,0.25,0.75,wt_sds_12,12,3,5,0.0,0.0,100.0
GVNS,C02,0.3,0.25,0.75,wt_sds_12,12,4,5,0.0,0.0,100.0
GVNS,C02,0.3,0.25,0.75,wt_sds_12,12,5,5,0.0,0.0,100.0
GVNS,C02,0.3,0.25,0.75,wt_sds_12,12,6,5,0.0,0.0,100.0
GVNS,C02,0.3,0.25,0.75,wt_sds_12,12,7,5,0.0,0.0,100.0
GVNS,C02,0.3,0.25,0.75,wt_sds_12,12,8,5,0.0,0.0,100.0
GVNS,C02,0.3,0.25,0.75,wt_sds_12,12,9,5,0.0,0.0,100.0
GVNS,C02,0.3,0.25,0.75,wt_sds_12,12,10,5,0.0,0.0,100.0
GVNS,C02,0.3,0.25,0.75,wt_sds_13,13,0,5,11556.0,100.0,0.0
GVNS,C02,0.3,0.25,0.75,wt_sds_13,13,1,5,8656.4,74.90827275874005,25.091727241259953
GVNS,C02,0.3,0.25,0.75,wt_sds_13,13,2,5,7626.2,65.99342332987193,34.00657667012807
GVNS,C02,0.3,0.25,0.75,wt_sds_13,13,3,5,7354.8,63.64485981308411,36.35514018691589
GVNS,C02,0.3,0.25,0.75,wt_sds_13,13,4,5,7133.4,61.728971962616825,38.271028037383175
GVNS,C02,0.3,0.25,0.75,wt_sds_13,13,5,5,6768.4,58.57043959847698,41.42956040152302
GVNS,C02,0.3,0.25,0.75,wt_sds_13,13,6,5,6691.2,57.90238836967809,42.09761163032191
GVNS,C02,0.3,0.25,0.75,wt_sds_13,13,7,5,6522.0,56.43821391484943,43.56178608515057
GVNS,C02,0.3,0.25,0.75,wt_sds_13,13,8,5,6452.8,55.839390792661824,44.160609207338176
GVNS,C02,0.3,0.25,0.75,wt_sds_13,13,9,5,6211.4,53.75043267566632,46.24956732433368
GVNS,C02,0.3,0.25,0.75,wt_sds_13,13,10,5,6127.4,53.02353755624783,46.97646244375217
GVNS,C02,0.3,0.25,0.75,wt_sds_14,14,0,5,15307.0,100.0,0.0
GVNS,C02,0.3,0.25,0.75,wt_sds_14,14,1,5,5817.2,38.00352779773959,61.99647220226041
GVNS,C02,0.3,0.25,0.75,wt_sds_14,14,2,5,4918.6,32.13301104070033,67.86698895929968
GVNS,C02,0.3,0.25,0.75,wt_sds_14,14,3,5,4587.8,29.971908277258773,70.02809172274124
GVNS,C02,0.3,0.25,0.75,wt_sds_14,14,4,5,4292.4,28.042072254524072,71.95792774547593
GVNS,C02,0.3,0.25,0.75,wt_sds_14,14,5,5,4134.2,27.008558175997912,72.9914418240021
GVNS,C02,0.3,0.25,0.75,wt_sds_14,14,6,5,4089.2,26.71457503103155,73.28542496896844
GVNS,C02,0.3,0.25,0.75,wt_sds_14,14,7,5,4019.0,26.255961324884044,73.74403867511596
GVNS,C02,0.3,0.25,0.75,wt_sds_14,14,8,5,3886.2,25.38838439929444,74.61161560070556
GVNS,C02,0.3,0.25,0.75,wt_sds_14,14,9,5,3876.4,25.324361403279546,74.67563859672046
GVNS,C02,0.3,0.25,0.75,wt_sds_14,14,10,5,3804.2,24.85268177957797,75.14731822042202
GVNS,C02,0.3,0.25,0.75,wt_sds_15,15,0,5,7572.0,100.0,0.0
GVNS,C02,0.3,0.25,0.75,wt_sds_15,15,1,5,3971.8,52.45377707342842,47.54622292657158
GVNS,C02,0.3,0.25,0.75,wt_sds_15,15,2,5,3313.2,43.75594294770206,56.24405705229795
GVNS,C02,0.3,0.25,0.75,wt_sds_15,15,3,5,3156.0,41.679873217115684,58.320126782884316
GVNS,C02,0.3,0.25,0.75,wt_sds_15,15,4,5,3096.6,40.89540412044374,59.10459587955626
GVNS,C02,0.3,0.25,0.75,wt_sds_15,15,5,5,2949.0,38.94611727416799,61.05388272583201
GVNS,C02,0.3,0.25,0.75,wt_sds_15,15,6,5,2817.8,37.2134178552562,62.7865821447438
GVNS,C02,0.3,0.25,0.75,wt_sds_15,15,7,5,2716.6,35.87691494981511,64.12308505018488
GVNS,C02,0.3,0.25,0.75,wt_sds_15,15,8,5,2606.8,34.426835710512414,65.5731642894876
GVNS,C02,0.3,0.25,0.75,wt_sds_15,15,9,5,2450.2,32.35868991019545,67.64131008980455
GVNS,C02,0.3,0.25,0.75,wt_sds_15,15,10,5,2356.2,31.11727416798732,68.88272583201268
GVNS,C03,0.3,0.75,0.25,wt_sds_21,21,0,5,3736.0,100.0,0.0
GVNS,C03,0.3,0.75,0.25,wt_sds_21,21,1,5,0.0,0.0,100.0
GVNS,C03,0.3,0.75,0.25,wt_sds_21,21,2,5,0.0,0.0,100.0
GVNS,C03,0.3,0.75,0.25,wt_sds_21,21,3,5,0.0,0.0,100.0
GVNS,C03,0.3,0.75,0.25,wt_sds_21,21,4,5,0.0,0.0,100.0
GVNS,C03,0.3,0.75,0.25,wt_sds_21,21,5,5,0.0,0.0,100.0
GVNS,C03,0.3,0.75,0.25,wt_sds_21,21,6,5,0.0,0.0,100.0
GVNS,C03,0.3,0.75,0.25,wt_sds_21,21,7,5,0.0,0.0,100.0
GVNS,C03,0.3,0.75,0.25,wt_sds_21,21,8,5,0.0,0.0,100.0
GVNS,C03,0.3,0.75,0.25,wt_sds_21,21,9,5,0.0,0.0,100.0
GVNS,C03,0.3,0.75,0.25,wt_sds_21,21,10,5,0.0,0.0,100.0
GVNS,C03,0.3,0.75,0.25,wt_sds_22,22,0,5,1325.0,100.0,0.0
GVNS,C03,0.3,0.75,0.25,wt_sds_22,22,1,5,0.0,0.0,100.0
GVNS,C03,0.3,0.75,0.25,wt_sds_22,22,2,5,0.0,0.0,100.0
GVNS,C03,0.3,0.75,0.25,wt_sds_22,22,3,5,0.0,0.0,100.0
GVNS,C03,0.3,0.75,0.25,wt_sds_22,22,4,5,0.0,0.0,100.0
GVNS,C03,0.3,0.75,0.25,wt_sds_22,22,5,5,0.0,0.0,100.0
GVNS,C03,0.3,0.75,0.25,wt_sds_22,22,6,5,0.0,0.0,100.0
GVNS,C03,0.3,0.75,0.25,wt_sds_22,22,7,5,0.0,0.0,100.0
GVNS,C03,0.3,0.75,0.25,wt_sds_22,22,8,5,0.0,0.0,100.0
GVNS,C03,0.3,0.75,0.25,wt_sds_22,22,9,5,0.0,0.0,100.0
GVNS,C03,0.3,0.75,0.25,wt_sds_22,22,10,5,0.0,0.0,100.0
GVNS,C03,0.3,0.75,0.25,wt_sds_23,23,0,5,0.0,100.0,0.0
GVNS,C03,0.3,0.75,0.25,wt_sds_23,23,1,5,0.0,100.0,0.0
GVNS,C03,0.3,0.75,0.25,wt_sds_23,23,2,5,0.0,100.0,0.0
GVNS,C03,0.3,0.75,0.25,wt_sds_23,23,3,5,0.0,100.0,0.0
GVNS,C03,0.3,0.75,0.25,wt_sds_23,23,4,5,0.0,100.0,0.0
GVNS,C03,0.3,0.75,0.25,wt_sds_23,23,5,5,0.0,100.0,0.0
GVNS,C03,0.3,0.75,0.25,wt_sds_23,23,6,5,0.0,100.0,0.0
GVNS,C03,0.3,0.75,0.25,wt_sds_23,23,7,5,0.0,100.0,0.0
GVNS,C03,0.3,0.75,0.25,wt_sds_23,23,8,5,0.0,100.0,0.0
GVNS,C03,0.3,0.75,0.25,wt_sds_23,23,9,5,0.0,100.0,0.0
GVNS,C03,0.3,0.75,0.25,wt_sds_23,23,10,5,0.0,100.0,0.0
GVNS,C03,0.3,0.75,0.25,wt_sds_24,24,0,5,4871.0,100.0,0.0
GVNS,C03,0.3,0.75,0.25,wt_sds_24,24,1,5,2546.8,52.284951755286386,47.715048244713614
GVNS,C03,0.3,0.75,0.25,wt_sds_24,24,2,5,1986.2,40.776021350851984,59.22397864914801
GVNS,C03,0.3,0.75,0.25,wt_sds_24,24,3,5,1643.6,33.74255799630466,66.25744200369533
GVNS,C03,0.3,0.75,0.25,wt_sds_24,24,4,5,1564.8,32.12482036542805,67.87517963457196
GVNS,C03,0.3,0.75,0.25,wt_sds_24,24,5,5,1372.4,28.17491274892219,71.8250872510778
GVNS,C03,0.3,0.75,0.25,wt_sds_24,24,6,5,1199.6,24.627386573598848,75.37261342640116
GVNS,C03,0.3,0.75,0.25,wt_sds_24,24,7,5,1163.4,23.884212687333196,76.11578731266681
GVNS,C03,0.3,0.75,0.25,wt_sds_24,24,8,5,1115.2,22.894682816670088,77.1053171833299
GVNS,C03,0.3,0.75,0.25,wt_sds_24,24,9,5,1114.8,22.886470950523506,77.1135290494765
GVNS,C03,0.3,0.75,0.25,wt_sds_24,24,10,5,1112.8,22.8454116197906,77.1545883802094
GVNS,C03,0.3,0.75,0.25,wt_sds_25,25,0,5,2696.0,100.0,0.0
GVNS,C03,0.3,0.75,0.25,wt_sds_25,25,1,5,16.0,0.5934718100890207,99.40652818991097
GVNS,C03,0.3,0.75,0.25,wt_sds_25,25,2,5,0.0,0.0,100.0
GVNS,C03,0.3,0.75,0.25,wt_sds_25,25,3,5,0.0,0.0,100.0
GVNS,C03,0.3,0.75,0.25,wt_sds_25,25,4,5,0.0,0.0,100.0
GVNS,C03,0.3,0.75,0.25,wt_sds_25,25,5,5,0.0,0.0,100.0
GVNS,C03,0.3,0.75,0.25,wt_sds_25,25,6,5,0.0,0.0,100.0
GVNS,C03,0.3,0.75,0.25,wt_sds_25,25,7,5,0.0,0.0,100.0
GVNS,C03,0.3,0.75,0.25,wt_sds_25,25,8,5,0.0,0.0,100.0
GVNS,C03,0.3,0.75,0.25,wt_sds_25,25,9,5,0.0,0.0,100.0
GVNS,C03,0.3,0.75,0.25,wt_sds_25,25,10,5,0.0,0.0,100.0
GVNS,C04,0.3,0.75,0.75,wt_sds_31,31,0,5,237.0,100.0,0.0
GVNS,C04,0.3,0.75,0.75,wt_sds_31,31,1,5,0.0,0.0,100.0
GVNS,C04,0.3,0.75,0.75,wt_sds_31,31,2,5,0.0,0.0,100.0
GVNS,C04,0.3,0.75,0.75,wt_sds_31,31,3,5,0.0,0.0,100.0
GVNS,C04,0.3,0.75,0.75,wt_sds_31,31,4,5,0.0,0.0,100.0
GVNS,C04,0.3,0.75,0.75,wt_sds_31,31,5,5,0.0,0.0,100.0
GVNS,C04,0.3,0.75,0.75,wt_sds_31,31,6,5,0.0,0.0,100.0
GVNS,C04,0.3,0.75,0.75,wt_sds_31,31,7,5,0.0,0.0,100.0
GVNS,C04,0.3,0.75,0.75,wt_sds_31,31,8,5,0.0,0.0,100.0
GVNS,C04,0.3,0.75,0.75,wt_sds_31,31,9,5,0.0,0.0,100.0
GVNS,C04,0.3,0.75,0.75,wt_sds_31,31,10,5,0.0,0.0,100.0
GVNS,C04,0.3,0.75,0.75,wt_sds_32,32,0,5,1595.0,100.0,0.0
GVNS,C04,0.3,0.75,0.75,wt_sds_32,32,1,5,0.0,0.0,100.0
GVNS,C04,0.3,0.75,0.75,wt_sds_32,32,2,5,0.0,0.0,100.0
GVNS,C04,0.3,0.75,0.75,wt_sds_32,32,3,5,0.0,0.0,100.0
GVNS,C04,0.3,0.75,0.75,wt_sds_32,32,4,5,0.0,0.0,100.0
GVNS,C04,0.3,0.75,0.75,wt_sds_32,32,5,5,0.0,0.0,100.0
GVNS,C04,0.3,0.75,0.75,wt_sds_32,32,6,5,0.0,0.0,100.0
GVNS,C04,0.3,0.75,0.75,wt_sds_32,32,7,5,0.0,0.0,100.0
GVNS,C04,0.3,0.75,0.75,wt_sds_32,32,8,5,0.0,0.0,100.0
GVNS,C04,0.3,0.75,0.75,wt_sds_32,32,9,5,0.0,0.0,100.0
GVNS,C04,0.3,0.75,0.75,wt_sds_32,32,10,5,0.0,0.0,100.0
GVNS,C04,0.3,0.75,0.75,wt_sds_33,33,0,5,541.0,100.0,0.0
GVNS,C04,0.3,0.75,0.75,wt_sds_33,33,1,5,0.0,0.0,100.0
GVNS,C04,0.3,0.75,0.75,wt_sds_33,33,2,5,0.0,0.0,100.0
GVNS,C04,0.3,0.75,0.75,wt_sds_33,33,3,5,0.0,0.0,100.0
GVNS,C04,0.3,0.75,0.75,wt_sds_33,33,4,5,0.0,0.0,100.0
GVNS,C04,0.3,0.75,0.75,wt_sds_33,33,5,5,0.0,0.0,100.0
GVNS,C04,0.3,0.75,0.75,wt_sds_33,33,6,5,0.0,0.0,100.0
GVNS,C04,0.3,0.75,0.75,wt_sds_33,33,7,5,0.0,0.0,100.0
GVNS,C04,0.3,0.75,0.75,wt_sds_33,33,8,5,0.0,0.0,100.0
GVNS,C04,0.3,0.75,0.75,wt_sds_33,33,9,5,0.0,0.0,100.0
GVNS,C04,0.3,0.75,0.75,wt_sds_33,33,10,5,0.0,0.0,100.0
GVNS,C04,0.3,0.75,0.75,wt_sds_34,34,0,5,0.0,100.0,0.0
GVNS,C04,0.3,0.75,0.75,wt_sds_34,34,1,5,0.0,100.0,0.0
GVNS,C04,0.3,0.75,0.75,wt_sds_34,34,2,5,0.0,100.0,0.0
GVNS,C04,0.3,0.75,0.75,wt_sds_34,34,3,5,0.0,100.0,0.0
GVNS,C04,0.3,0.75,0.75,wt_sds_34,34,4,5,0.0,100.0,0.0
GVNS,C04,0.3,0.75,0.75,wt_sds_34,34,5,5,0.0,100.0,0.0
GVNS,C04,0.3,0.75,0.75,wt_sds_34,34,6,5,0.0,100.0,0.0
GVNS,C04,0.3,0.75,0.75,wt_sds_34,34,7,5,0.0,100.0,0.0
GVNS,C04,0.3,0.75,0.75,wt_sds_34,34,8,5,0.0,100.0,0.0
GVNS,C04,0.3,0.75,0.75,wt_sds_34,34,9,5,0.0,100.0,0.0
GVNS,C04,0.3,0.75,0.75,wt_sds_34,34,10,5,0.0,100.0,0.0
GVNS,C04,0.3,0.75,0.75,wt_sds_35,35,0,5,0.0,100.0,0.0
GVNS,C04,0.3,0.75,0.75,wt_sds_35,35,1,5,0.0,100.0,0.0
GVNS,C04,0.3,0.75,0.75,wt_sds_35,35,2,5,0.0,100.0,0.0
GVNS,C04,0.3,0.75,0.75,wt_sds_35,35,3,5,0.0,100.0,0.0
GVNS,C04,0.3,0.75,0.75,wt_sds_35,35,4,5,0.0,100.0,0.0
GVNS,C04,0.3,0.75,0.75,wt_sds_35,35,5,5,0.0,100.0,0.0
GVNS,C04,0.3,0.75,0.75,wt_sds_35,35,6,5,0.0,100.0,0.0
GVNS,C04,0.3,0.75,0.75,wt_sds_35,35,7,5,0.0,100.0,0.0
GVNS,C04,0.3,0.75,0.75,wt_sds_35,35,8,5,0.0,100.0,0.0
GVNS,C04,0.3,0.75,0.75,wt_sds_35,35,9,5,0.0,100.0,0.0
GVNS,C04,0.3,0.75,0.75,wt_sds_35,35,10,5,0.0,100.0,0.0
GVNS,C05,0.9,0.25,0.25,wt_sds_81,81,0,5,404367.0,100.0,0.0
GVNS,C05,0.9,0.25,0.25,wt_sds_81,81,1,5,393526.4,97.31911852351948,2.680881476480522
GVNS,C05,0.9,0.25,0.25,wt_sds_81,81,2,5,392657.4,97.10421473562383,2.8957852643761726
GVNS,C05,0.9,0.25,0.25,wt_sds_81,81,3,5,391742.0,96.87783622303502,3.1221637769649844
GVNS,C05,0.9,0.25,0.25,wt_sds_81,81,4,5,391218.6,96.74839935009534,3.2516006499046655
GVNS,C05,0.9,0.25,0.25,wt_sds_81,81,5,5,391165.2,96.73519352469415,3.2648064753058463
GVNS,C05,0.9,0.25,0.25,wt_sds_81,81,6,5,391071.4,96.71199677520669,3.288003224793317
GVNS,C05,0.9,0.25,0.25,wt_sds_81,81,7,5,390708.8,96.62232575853123,3.377674241468765
GVNS,C05,0.9,0.25,0.25,wt_sds_81,81,8,5,390439.0,96.55560419124211,3.4443958087578865
GVNS,C05,0.9,0.25,0.25,wt_sds_81,81,9,5,390439.0,96.55560419124211,3.4443958087578865
GVNS,C05,0.9,0.25,0.25,wt_sds_81,81,10,5,390439.0,96.55560419124211,3.4443958087578865
GVNS,C05,0.9,0.25,0.25,wt_sds_82,82,0,5,429017.0,100.0,0.0
GVNS,C05,0.9,0.25,0.25,wt_sds_82,82,1,5,419592.0,97.80311735898576,2.1968826410142297
GVNS,C05,0.9,0.25,0.25,wt_sds_82,82,2,5,418302.6,97.50256982823524,2.4974301717647562
GVNS,C05,0.9,0.25,0.25,wt_sds_82,82,3,5,416992.6,97.19722062295901,2.802779377041
GVNS,C05,0.9,0.25,0.25,wt_sds_82,82,4,5,416119.6,96.99373218310697,3.006267816893035
GVNS,C05,0.9,0.25,0.25,wt_sds_82,82,5,5,415711.8,96.89867767477746,3.101322325222546
GVNS,C05,0.9,0.25,0.25,wt_sds_82,82,6,5,415436.4,96.83448441437052,3.1655155856294757
GVNS,C05,0.9,0.25,0.25,wt_sds_82,82,7,5,415419.6,96.8305684856311,3.1694315143688954
GVNS,C05,0.9,0.25,0.25,wt_sds_82,82,8,5,414966.8,96.72502488246387,3.2749751175361355
GVNS,C05,0.9,0.25,0.25,wt_sds_82,82,9,5,414789.4,96.68367453970356,3.3163254602964427
GVNS,C05,0.9,0.25,0.25,wt_sds_82,82,10,5,414729.4,96.6696890799199,3.330310920080092
GVNS,C05,0.9,0.25,0.25,wt_sds_83,83,0,5,480103.0,100.0,0.0
GVNS,C05,0.9,0.25,0.25,wt_sds_83,83,1,5,476602.2,99.27082313586877,0.7291768641312387
GVNS,C05,0.9,0.25,0.25,wt_sds_83,83,2,5,474393.4,98.81075519211501,1.1892448078849782
GVNS,C05,0.9,0.25,0.25,wt_sds_83,83,3,5,472636.0,98.44470873958296,1.555291260417033
GVNS,C05,0.9,0.25,0.25,wt_sds_83,83,4,5,471578.4,98.22442267596746,1.775577324032548
GVNS,C05,0.9,0.25,0.25,wt_sds_83,83,5,5,471160.4,98.13735802525709,1.8626419747429197
GVNS,C05,0.9,0.25,0.25,wt_sds_83,83,6,5,470090.8,97.9145724979848,2.0854275020151958
GVNS,C05,0.9,0.25,0.25,wt_sds_83,83,7,5,468830.8,97.65212881402533,2.347871185974674
GVNS,C05,0.9,0.25,0.25,wt_sds_83,83,8,5,468598.2,97.60368087681186,2.396319123188147
GVNS,C05,0.9,0.25,0.25,wt_sds_83,83,9,5,468529.0,97.58926730305788,2.410732696942111
GVNS,C05,0.9,0.25,0.25,wt_sds_83,83,10,5,468523.4,97.58810088668473,2.411899113315266
GVNS,C05,0.9,0.25,0.25,wt_sds_84,84,0,5,340970.0,100.0,0.0
GVNS,C05,0.9,0.25,0.25,wt_sds_84,84,1,5,334743.2,98.17379828137373,1.8262017186262711
GVNS,C05,0.9,0.25,0.25,wt_sds_84,84,2,5,332292.8,97.4551426811743,2.5448573188257058
GVNS,C05,0.9,0.25,0.25,wt_sds_84,84,3,5,332026.2,97.37695398422149,2.623046015778519
GVNS,C05,0.9,0.25,0.25,wt_sds_84,84,4,5,331607.8,97.25424524151686,2.7457547584831503
GVNS,C05,0.9,0.25,0.25,wt_sds_84,84,5,5,331482.0,97.21735050004399,2.7826494999560056
GVNS,C05,0.9,0.25,0.25,wt_sds_84,84,6,5,331457.2,97.21007713288559,2.7899228671144103
GVNS,C05,0.9,0.25,0.25,wt_sds_84,84,7,5,331457.0,97.21001847669882,2.789981523301171
GVNS,C05,0.9,0.25,0.25,wt_sds_84,84,8,5,331432.6,97.20286242191395,2.7971375780860486
GVNS,C05,0.9,0.25,0.25,wt_sds_84,84,9,5,331432.4,97.20280376572718,2.797196234272809
GVNS,C05,0.9,0.25,0.25,wt_sds_84,84,10,5,331387.4,97.1896061237059,2.8103938762941
GVNS,C05,0.9,0.25,0.25,wt_sds_85,85,0,5,574751.0,100.0,0.0
GVNS,C05,0.9,0.25,0.25,wt_sds_85,85,1,5,570110.8,99.19265908193287,0.8073409180671292
GVNS,C05,0.9,0.25,0.25,wt_sds_85,85,2,5,567991.2,98.82387329469631,1.1761267053036875
GVNS,C05,0.9,0.25,0.25,wt_sds_85,85,3,5,567826.4,98.79520000835144,1.2047999916485566
GVNS,C05,0.9,0.25,0.25,wt_sds_85,85,4,5,566531.4,98.56988504587204,1.4301149541279585
GVNS,C05,0.9,0.25,0.25,wt_sds_85,85,5,5,565577.2,98.40386532602814,1.5961346739718578
GVNS,C05,0.9,0.25,0.25,wt_sds_85,85,6,5,564207.8,98.16560562748043,1.8343943725195744
GVNS,C05,0.9,0.25,0.25,wt_sds_85,85,7,5,563029.4,97.96057771104356,2.039422288956436
GVNS,C05,0.9,0.25,0.25,wt_sds_85,85,8,5,561309.6,97.6613524813354,2.3386475186646036
GVNS,C05,0.9,0.25,0.25,wt_sds_85,85,9,5,561309.6,97.6613524813354,2.3386475186646036
GVNS,C05,0.9,0.25,0.25,wt_sds_85,85,10,5,561309.6,97.6613524813354,2.3386475186646036
GVNS,C06,0.9,0.25,0.75,wt_sds_91,91,0,5,356272.0,100.0,0.0
GVNS,C06,0.9,0.25,0.75,wt_sds_91,91,1,5,355220.6,99.70488839987425,0.29511160012575033
GVNS,C06,0.9,0.25,0.75,wt_sds_91,91,2,5,351816.8,98.7494947680424,1.2505052319576067
GVNS,C06,0.9,0.25,0.75,wt_sds_91,91,3,5,351521.8,98.66669286387928,1.3333071361207174
GVNS,C06,0.9,0.25,0.75,wt_sds_91,91,4,5,350583.6,98.4033547401985,1.5966452598015024
GVNS,C06,0.9,0.25,0.75,wt_sds_91,91,5,5,350467.6,98.37079534737504,1.6292046526249606
GVNS,C06,0.9,0.25,0.75,wt_sds_91,91,6,5,349305.6,98.04464005029865,1.9553599497013523
GVNS,C06,0.9,0.25,0.75,wt_sds_91,91,7,5,348516.4,97.82312390533076,2.1768760946692396
GVNS,C06,0.9,0.25,0.75,wt_sds_91,91,8,5,348391.2,97.7879822158351,2.2120177841649054
GVNS,C06,0.9,0.25,0.75,wt_sds_91,91,9,5,348321.8,97.7685027170252,2.2314972829748028
GVNS,C06,0.9,0.25,0.75,wt_sds_91,91,10,5,347788.6,97.61884178380564,2.3811582161943647
GVNS,C06,0.9,0.25,0.75,wt_sds_92,92,0,5,390582.0,100.0,0.0
GVNS,C06,0.9,0.25,0.75,wt_sds_92,92,1,5,381044.8,97.55820800753747,2.4417919924625293
GVNS,C06,0.9,0.25,0.75,wt_sds_92,92,2,5,378926.0,97.01573549216297,2.9842645078370253
GVNS,C06,0.9,0.25,0.75,wt_sds_92,92,3,5,377358.4,96.61438571157913,3.3856142884208706
GVNS,C06,0.9,0.25,0.75,wt_sds_92,92,4,5,375165.2,96.0528646993461,3.9471353006538976
GVNS,C06,0.9,0.25,0.75,wt_sds_92,92,5,5,374151.4,95.79330332683023,4.206696673169782
GVNS,C06,0.9,0.25,0.75,wt_sds_92,92,6,5,371962.4,95.23285763296823,4.767142367031764
GVNS,C06,0.9,0.25,0.75,wt_sds_92,92,7,5,370455.0,94.84692074903606,5.153079250963944
GVNS,C06,0.9,0.25,0.75,wt_sds_92,92,8,5,370455.0,94.84692074903606,5.153079250963944
GVNS,C06,0.9,0.25,0.75,wt_sds_92,92,9,5,370455.0,94.84692074903606,5.153079250963944
GVNS,C06,0.9,0.25,0.75,wt_sds_92,92,10,5,370148.0,94.76832009667623,5.23167990332376
GVNS,C06,0.9,0.25,0.75,wt_sds_93,93,0,5,431927.0,100.0,0.0
GVNS,C06,0.9,0.25,0.75,wt_sds_93,93,1,5,429860.8,99.5216321276512,0.4783678723487981
GVNS,C06,0.9,0.25,0.75,wt_sds_93,93,2,5,427921.6,99.07266737203278,0.9273326279672262
GVNS,C06,0.9,0.25,0.75,wt_sds_93,93,3,5,425108.2,98.42130730424354,1.5786926957564589
GVNS,C06,0.9,0.25,0.75,wt_sds_93,93,4,5,423784.8,98.1149129366768,1.8850870633231978
GVNS,C06,0.9,0.25,0.75,wt_sds_93,93,5,5,422479.8,97.8127785482269,2.187221451773104
GVNS,C06,0.9,0.25,0.75,wt_sds_93,93,6,5,422343.0,97.7811065295756,2.2188934704244048
GVNS,C06,0.9,0.25,0.75,wt_sds_93,93,7,5,420535.6,97.3626561895876,2.637343810412409
GVNS,C06,0.9,0.25,0.75,wt_sds_93,93,8,5,419860.6,97.20637978176867,2.7936202182313252
GVNS,C06,0.9,0.25,0.75,wt_sds_93,93,9,5,419469.0,97.1157163131733,2.884283686826714
GVNS,C06,0.9,0.25,0.75,wt_sds_93,93,10,5,419020.2,97.01180986601904,2.988190133980973
GVNS,C06,0.9,0.25,0.75,wt_sds_94,94,0,5,357721.0,100.0,0.0
GVNS,C06,0.9,0.25,0.75,wt_sds_94,94,1,5,354021.0,98.96567436633578,1.0343256336642241
GVNS,C06,0.9,0.25,0.75,wt_sds_94,94,2,5,353019.0,98.68556780284077,1.3144321971592376
GVNS,C06,0.9,0.25,0.75,wt_sds_94,94,3,5,352456.4,98.52829439703008,1.4717056029699136
GVNS,C06,0.9,0.25,0.75,wt_sds_94,94,4,5,352286.4,98.48077132737525,1.5192286726247546
GVNS,C06,0.9,0.25,0.75,wt_sds_94,94,5,5,351294.6,98.20351614805952,1.7964838519404764
GVNS,C06,0.9,0.25,0.75,wt_sds_94,94,6,5,351270.4,98.19675109932042,1.80324890067958
GVNS,C06,0.9,0.25,0.75,wt_sds_94,94,7,5,350750.6,98.05144232516402,1.9485576748359734
GVNS,C06,0.9,0.25,0.75,wt_sds_94,94,8,5,350360.4,97.94236290293273,2.0576370970672686
GVNS,C06,0.9,0.25,0.75,wt_sds_94,94,9,5,350019.0,97.84692539716707,2.153074602832933
GVNS,C06,0.9,0.25,0.75,wt_sds_94,94,10,5,350019.0,97.84692539716707,2.153074602832933
GVNS,C06,0.9,0.25,0.75,wt_sds_95,95,0,5,569806.0,100.0,0.0
GVNS,C06,0.9,0.25,0.75,wt_sds_95,95,1,5,552187.4,96.90796516709196,3.0920348329080385
GVNS,C06,0.9,0.25,0.75,wt_sds_95,95,2,5,544073.4,95.48397173774933,4.51602826225066
GVNS,C06,0.9,0.25,0.75,wt_sds_95,95,3,5,538878.2,94.57222282671646,5.427777173283539
GVNS,C06,0.9,0.25,0.75,wt_sds_95,95,4,5,537639.6,94.35485059827379,5.645149401726206
GVNS,C06,0.9,0.25,0.75,wt_sds_95,95,5,5,534912.2,93.87619645984773,6.123803540152264
GVNS,C06,0.9,0.25,0.75,wt_sds_95,95,6,5,534912.2,93.87619645984773,6.123803540152264
GVNS,C06,0.9,0.25,0.75,wt_sds_95,95,7,5,534772.0,93.8515915943321,6.148408405667894
GVNS,C06,0.9,0.25,0.75,wt_sds_95,95,8,5,534414.4,93.78883339241777,6.2111666075822285
GVNS,C06,0.9,0.25,0.75,wt_sds_95,95,9,5,534241.6,93.75850728142561,6.241492718574392
GVNS,C06,0.9,0.25,0.75,wt_sds_95,95,10,5,534241.6,93.75850728142561,6.241492718574392
GVNS,C07,0.9,0.75,0.25,wt_sds_101,101,0,5,362875.0,100.0,0.0
GVNS,C07,0.9,0.75,0.25,wt_sds_101,101,1,5,359058.6,98.94828797795384,1.0517120220461607
GVNS,C07,0.9,0.75,0.25,wt_sds_101,101,2,5,357680.8,98.56859800206682,1.431401997933176
GVNS,C07,0.9,0.75,0.25,wt_sds_101,101,3,5,356995.6,98.3797726489838,1.6202273510161973
GVNS,C07,0.9,0.75,0.25,wt_sds_101,101,4,5,356979.6,98.37536341715466,1.6246365828453406
GVNS,C07,0.9,0.75,0.25,wt_sds_101,101,5,5,356839.2,98.33667240785394,1.6633275921460609
GVNS,C07,0.9,0.75,0.25,wt_sds_101,101,6,5,356362.8,98.20538753014122,1.7946124698587709
GVNS,C07,0.9,0.75,0.25,wt_sds_101,101,7,5,356227.8,98.16818463658284,1.831815363417158
GVNS,C07,0.9,0.75,0.25,wt_sds_101,101,8,5,356145.8,98.14558732345849,1.8544126765415143
GVNS,C07,0.9,0.75,0.25,wt_sds_101,101,9,5,355930.6,98.08628315535653,1.9137168446434771
GVNS,C07,0.9,0.75,0.25,wt_sds_101,101,10,5,355775.2,98.04345849121599,1.9565415087840194
GVNS,C07,0.9,0.75,0.25,wt_sds_102,102,0,5,498978.0,100.0,0.0
GVNS,C07,0.9,0.75,0.25,wt_sds_102,102,1,5,498269.2,99.85794964908273,0.14205035091727608
GVNS,C07,0.9,0.75,0.25,wt_sds_102,102,2,5,498050.8,99.8141801842967,0.18581981570330014
GVNS,C07,0.9,0.75,0.25,wt_sds_102,102,3,5,497714.6,99.7468024642369,0.2531975357631012
GVNS,C07,0.9,0.75,0.25,wt_sds_102,102,4,5,497653.8,99.73461755828914,0.26538244171085806
GVNS,C07,0.9,0.75,0.25,wt_sds_102,102,5,5,497101.6,99.62395135657285,0.3760486434271627
GVNS,C07,0.9,0.75,0.25,wt_sds_102,102,6,5,497045.2,99.61264825302919,0.3873517469708105
GVNS,C07,0.9,0.75,0.25,wt_sds_102,102,7,5,496919.0,99.5873565568021,0.41264344319789925
GVNS,C07,0.9,0.75,0.25,wt_sds_102,102,8,5,496885.4,99.58062279298886,0.41937720701113224
GVNS,C07,0.9,0.75,0.25,wt_sds_102,102,9,5,496825.0,99.56851805089603,0.43148194910396853
GVNS,C07,0.9,0.75,0.25,wt_sds_102,102,10,5,496825.0,99.56851805089603,0.43148194910396853
GVNS,C07,0.9,0.75,0.25,wt_sds_103,103,0,5,399977.0,100.0,0.0
GVNS,C07,0.9,0.75,0.25,wt_sds_103,103,1,5,387998.2,97.0051277948482,2.9948722051517933
GVNS,C07,0.9,0.75,0.25,wt_sds_103,103,2,5,384691.8,96.17848026261511,3.821519737384898
GVNS,C07,0.9,0.75,0.25,wt_sds_103,103,3,5,383755.0,95.94426679534074,4.055733204659265
GVNS,C07,0.9,0.75,0.25,wt_sds_103,103,4,5,383242.8,95.81620943204234,4.183790567957658
GVNS,C07,0.9,0.75,0.25,wt_sds_103,103,5,5,382879.0,95.72525420211662,4.274745797883381
GVNS,C07,0.9,0.75,0.25,wt_sds_103,103,6,5,382838.0,95.71500361270773,4.284996387292267
GVNS,C07,0.9,0.75,0.25,wt_sds_103,103,7,5,382381.2,95.60079704583013,4.399202954169866
GVNS,C07,0.9,0.75,0.25,wt_sds_103,103,8,5,382237.8,95.5649449843366,4.435055015663403
GVNS,C07,0.9,0.75,0.25,wt_sds_103,103,9,5,382237.8,95.5649449843366,4.435055015663403
GVNS,C07,0.9,0.75,0.25,wt_sds_103,103,10,5,381951.6,95.49339086997502,4.506609130024978
GVNS,C07,0.9,0.75,0.25,wt_sds_104,104,0,5,370253.0,100.0,0.0
GVNS,C07,0.9,0.75,0.25,wt_sds_104,104,1,5,366267.2,98.92349285488572,1.0765071451142858
GVNS,C07,0.9,0.75,0.25,wt_sds_104,104,2,5,365786.8,98.79374373739037,1.2062562626096252
GVNS,C07,0.9,0.75,0.25,wt_sds_104,104,3,5,365315.2,98.66637137308814,1.3336286269118687
GVNS,C07,0.9,0.75,0.25,wt_sds_104,104,4,5,363808.8,98.25951444012608,1.7404855598739233
GVNS,C07,0.9,0.75,0.25,wt_sds_104,104,5,5,363299.4,98.12193284051716,1.878067159482839
GVNS,C07,0.9,0.75,0.25,wt_sds_104,104,6,5,363177.0,98.08887436428604,1.9111256357139552
GVNS,C07,0.9,0.75,0.25,wt_sds_104,104,7,5,362058.0,97.78664858893784,2.2133514110621633
GVNS,C07,0.9,0.75,0.25,wt_sds_104,104,8,5,361613.8,97.66667656980498,2.3333234301950254
GVNS,C07,0.9,0.75,0.25,wt_sds_104,104,9,5,361585.8,97.65911417328151,2.3408858267184853
GVNS,C07,0.9,0.75,0.25,wt_sds_104,104,10,5,361585.8,97.65911417328151,2.3408858267184853
GVNS,C07,0.9,0.75,0.25,wt_sds_105,105,0,5,465059.0,100.0,0.0
GVNS,C07,0.9,0.75,0.25,wt_sds_105,105,1,5,459549.0,98.81520409238398,1.1847959076160266
GVNS,C07,0.9,0.75,0.25,wt_sds_105,105,2,5,457690.4,98.41555587570609,1.584444124293904
GVNS,C07,0.9,0.75,0.25,wt_sds_105,105,3,5,456179.8,98.09073687424606,1.9092631257539352
GVNS,C07,0.9,0.75,0.25,wt_sds_105,105,4,5,455065.2,97.85106835906842,2.1489316409315764
GVNS,C07,0.9,0.75,0.25,wt_sds_105,105,5,5,454569.6,97.74450123532714,2.2554987646728675
GVNS,C07,0.9,0.75,0.25,wt_sds_105,105,6,5,454354.6,97.69827054201724,2.3017294579827507
GVNS,C07,0.9,0.75,0.25,wt_sds_105,105,7,5,454354.6,97.69827054201724,2.3017294579827507
GVNS,C07,0.9,0.75,0.25,wt_sds_105,105,8,5,454153.4,97.65500721413842,2.344992785861578
GVNS,C07,0.9,0.75,0.25,wt_sds_105,105,9,5,454153.4,97.65500721413842,2.344992785861578
GVNS,C07,0.9,0.75,0.25,wt_sds_105,105,10,5,453960.6,97.61355010869588,2.386449891304113
GVNS,C08,0.9,0.75,0.75,wt_sds_111,111,0,5,365649.0,100.0,0.0
GVNS,C08,0.9,0.75,0.75,wt_sds_111,111,1,5,361488.2,98.86207811316316,1.1379218868368297
GVNS,C08,0.9,0.75,0.75,wt_sds_111,111,2,5,355188.8,97.13927837899188,2.8607216210081248
GVNS,C08,0.9,0.75,0.75,wt_sds_111,111,3,5,354929.6,97.06839072443792,2.931609275562084
GVNS,C08,0.9,0.75,0.75,wt_sds_111,111,4,5,353322.6,96.62889820565624,3.3711017943437582
GVNS,C08,0.9,0.75,0.75,wt_sds_111,111,5,5,352861.4,96.5027663141428,3.497233685857202
GVNS,C08,0.9,0.75,0.75,wt_sds_111,111,6,5,352028.2,96.27489751100099,3.7251024889990134
GVNS,C08,0.9,0.75,0.75,wt_sds_111,111,7,5,349442.4,95.56771658065523,4.432283419344782
GVNS,C08,0.9,0.75,0.75,wt_sds_111,111,8,5,349219.0,95.50661973641388,4.493380263586116
GVNS,C08,0.9,0.75,0.75,wt_sds_111,111,9,5,349219.0,95.50661973641388,4.493380263586116
GVNS,C08,0.9,0.75,0.75,wt_sds_111,111,10,5,348961.8,95.4362790545031,4.563720945496908
GVNS,C08,0.9,0.75,0.75,wt_sds_112,112,0,5,402909.0,100.0,0.0
GVNS,C08,0.9,0.75,0.75,wt_sds_112,112,1,5,387419.8,96.15565797735965,3.84434202264035
GVNS,C08,0.9,0.75,0.75,wt_sds_112,112,2,5,380920.8,94.54263866034266,5.457361339657339
GVNS,C08,0.9,0.75,0.75,wt_sds_112,112,3,5,380533.0,94.4463886386256,5.5536113613744025
GVNS,C08,0.9,0.75,0.75,wt_sds_112,112,4,5,379051.0,94.0785636458853,5.921436354114698
GVNS,C08,0.9,0.75,0.75,wt_sds_112,112,5,5,378829.8,94.0236629114763,5.976337088523709
GVNS,C08,0.9,0.75,0.75,wt_sds_112,112,6,5,378244.0,93.8782702793931,6.121729720606888
GVNS,C08,0.9,0.75,0.75,wt_sds_112,112,7,5,377722.6,93.74886140542901,6.251138594570984
GVNS,C08,0.9,0.75,0.75,wt_sds_112,112,8,5,377385.2,93.66512041180515,6.334879588194852
GVNS,C08,0.9,0.75,0.75,wt_sds_112,112,9,5,377121.8,93.59974584831811,6.400254151681892
GVNS,C08,0.9,0.75,0.75,wt_sds_112,112,10,5,377121.8,93.59974584831811,6.400254151681892
GVNS,C08,0.9,0.75,0.75,wt_sds_113,113,0,5,269459.0,100.0,0.0
GVNS,C08,0.9,0.75,0.75,wt_sds_113,113,1,5,265873.0,98.66918529349547,1.3308147065045177
GVNS,C08,0.9,0.75,0.75,wt_sds_113,113,2,5,265678.4,98.59696651438624,1.4030334856137672
GVNS,C08,0.9,0.75,0.75,wt_sds_113,113,3,5,264999.0,98.34483168125763,1.6551683187423691
GVNS,C08,0.9,0.75,0.75,wt_sds_113,113,4,5,264797.6,98.27008932713326,1.7299106728667397
GVNS,C08,0.9,0.75,0.75,wt_sds_113,113,5,5,264415.6,98.128323789519,1.8716762104809959
GVNS,C08,0.9,0.75,0.75,wt_sds_113,113,6,5,264242.6,98.06412107222249,1.935878927777506
GVNS,C08,0.9,0.75,0.75,wt_sds_113,113,7,5,263629.0,97.83640553850493,2.1635944614950686
GVNS,C08,0.9,0.75,0.75,wt_sds_113,113,8,5,263494.8,97.78660204335354,2.213397956646466
GVNS,C08,0.9,0.75,0.75,wt_sds_113,113,9,5,263460.6,97.77390994548337,2.2260900545166407
GVNS,C08,0.9,0.75,0.75,wt_sds_113,113,10,5,263460.6,97.77390994548337,2.2260900545166407
GVNS,C08,0.9,0.75,0.75,wt_sds_114,114,0,5,494861.0,100.0,0.0
GVNS,C08,0.9,0.75,0.75,wt_sds_114,114,1,5,484587.0,97.92386144796215,2.076138552037847
GVNS,C08,0.9,0.75,0.75,wt_sds_114,114,2,5,481687.6,97.33795954823678,2.662040451763221
GVNS,C08,0.9,0.75,0.75,wt_sds_114,114,3,5,478745.4,96.74340875518581,3.256591244814197
GVNS,C08,0.9,0.75,0.75,wt_sds_114,114,4,5,476884.6,96.36738397246904,3.6326160275309634
GVNS,C08,0.9,0.75,0.75,wt_sds_114,114,5,5,476528.8,96.29548499477632,3.7045150052236893
GVNS,C08,0.9,0.75,0.75,wt_sds_114,114,6,5,476196.0,96.22823378686135,3.771766213138639
GVNS,C08,0.9,0.75,0.75,wt_sds_114,114,7,5,475847.0,96.15770893240729,3.842291067592717
GVNS,C08,0.9,0.75,0.75,wt_sds_114,114,8,5,475795.6,96.14732217733868,3.8526778226613145
GVNS,C08,0.9,0.75,0.75,wt_sds_114,114,9,5,475410.2,96.06944172201891,3.9305582779810893
GVNS,C08,0.9,0.75,0.75,wt_sds_114,114,10,5,475410.2,96.06944172201891,3.9305582779810893
GVNS,C08,0.9,0.75,0.75,wt_sds_115,115,0,5,493200.0,100.0,0.0
GVNS,C08,0.9,0.75,0.75,wt_sds_115,115,1,5,486531.0,98.64781021897811,1.3521897810218946
GVNS,C08,0.9,0.75,0.75,wt_sds_115,115,2,5,481913.8,97.71163828061637,2.2883617193836185
GVNS,C08,0.9,0.75,0.75,wt_sds_115,115,3,5,481040.8,97.53463098134631,2.465369018653689
GVNS,C08,0.9,0.75,0.75,wt_sds_115,115,4,5,480298.8,97.38418491484185,2.6158150851581494
GVNS,C08,0.9,0.75,0.75,wt_sds_115,115,5,5,478476.8,97.01476074614762,2.985239253852393
GVNS,C08,0.9,0.75,0.75,wt_sds_115,115,6,5,477512.0,96.81914030819141,3.180859691808595
GVNS,C08,0.9,0.75,0.75,wt_sds_115,115,7,5,477219.4,96.75981346309814,3.240186536901865
GVNS,C08,0.9,0.75,0.75,wt_sds_115,115,8,5,476668.4,96.64809407948094,3.3519059205190613
GVNS,C08,0.9,0.75,0.75,wt_sds_115,115,9,5,476459.8,96.60579886455798,3.3942011354420116
GVNS,C08,0.9,0.75,0.75,wt_sds_115,115,10,5,475741.4,96.46013787510138,3.539862124898619
SA,C01,0.3,0.25,0.25,wt_sds_1,1,0,5,2442.0,100.0,0.0
SA,C01,0.3,0.25,0.25,wt_sds_1,1,1,5,2442.0,100.0,0.0
SA,C01,0.3,0.25,0.25,wt_sds_1,1,2,5,2442.0,100.0,0.0
SA,C01,0.3,0.25,0.25,wt_sds_1,1,3,5,2442.0,100.0,0.0
SA,C01,0.3,0.25,0.25,wt_sds_1,1,4,5,2442.0,100.0,0.0
SA,C01,0.3,0.25,0.25,wt_sds_1,1,5,5,2023.8,82.87469287469287,17.125307125307124
SA,C01,0.3,0.25,0.25,wt_sds_1,1,6,5,1294.8,53.022113022113025,46.977886977886975
SA,C01,0.3,0.25,0.25,wt_sds_1,1,7,5,948.6,38.845208845208845,61.154791154791155
SA,C01,0.3,0.25,0.25,wt_sds_1,1,8,5,893.4,36.584766584766584,63.41523341523341
SA,C01,0.3,0.25,0.25,wt_sds_1,1,9,5,891.8,36.51924651924652,63.48075348075348
SA,C01,0.3,0.25,0.25,wt_sds_1,1,10,5,891.8,36.51924651924652,63.48075348075348
SA,C01,0.3,0.25,0.25,wt_sds_2,2,0,5,13089.0,100.0,0.0
SA,C01,0.3,0.25,0.25,wt_sds_2,2,1,5,12471.8,95.28459011383605,4.715409886163957
SA,C01,0.3,0.25,0.25,wt_sds_2,2,2,5,12471.8,95.28459011383605,4.715409886163957
SA,C01,0.3,0.25,0.25,wt_sds_2,2,3,5,12471.8,95.28459011383605,4.715409886163957
SA,C01,0.3,0.25,0.25,wt_sds_2,2,4,5,12002.0,91.69531667812666,8.304683321873332
SA,C01,0.3,0.25,0.25,wt_sds_2,2,5,5,8999.6,68.7569715027886,31.2430284972114
SA,C01,0.3,0.25,0.25,wt_sds_2,2,6,5,6896.4,52.688517075406835,47.311482924593165
SA,C01,0.3,0.25,0.25,wt_sds_2,2,7,5,6151.0,46.99365879746352,53.00634120253649
SA,C01,0.3,0.25,0.25,wt_sds_2,2,8,5,6142.0,46.92489876995951,53.07510123004049
SA,C01,0.3,0.25,0.25,wt_sds_2,2,9,5,6142.0,46.92489876995951,53.07510123004049
SA,C01,0.3,0.25,0.25,wt_sds_2,2,10,5,6142.0,46.92489876995951,53.07510123004049
SA,C01,0.3,0.25,0.25,wt_sds_3,3,0,5,5053.0,100.0,0.0
SA,C01,0.3,0.25,0.25,wt_sds_3,3,1,5,4971.6,98.38907579655651,1.610924203443497
SA,C01,0.3,0.25,0.25,wt_sds_3,3,2,5,4971.6,98.38907579655651,1.610924203443497
SA,C01,0.3,0.25,0.25,wt_sds_3,3,3,5,4971.6,98.38907579655651,1.610924203443497
SA,C01,0.3,0.25,0.25,wt_sds_3,3,4,5,4971.6,98.38907579655651,1.610924203443497
SA,C01,0.3,0.25,0.25,wt_sds_3,3,5,5,3944.2,78.05660003958045,21.943399960419555
SA,C01,0.3,0.25,0.25,wt_sds_3,3,6,5,2763.0,54.680387888383144,45.31961211161686
SA,C01,0.3,0.25,0.25,wt_sds_3,3,7,5,2297.4,45.46605976647536,54.53394023352464
SA,C01,0.3,0.25,0.25,wt_sds_3,3,8,5,2291.4,45.3473184246982,54.6526815753018
SA,C01,0.3,0.25,0.25,wt_sds_3,3,9,5,2291.4,45.3473184246982,54.6526815753018
SA,C01,0.3,0.25,0.25,wt_sds_3,3,10,5,2291.4,45.3473184246982,54.6526815753018
SA,C01,0.3,0.25,0.25,wt_sds_4,4,0,5,16155.0,100.0,0.0
SA,C01,0.3,0.25,0.25,wt_sds_4,4,1,5,15638.6,96.8034664190653,3.1965335809346955
SA,C01,0.3,0.25,0.25,wt_sds_4,4,2,5,15638.6,96.8034664190653,3.1965335809346955
SA,C01,0.3,0.25,0.25,wt_sds_4,4,3,5,15638.6,96.8034664190653,3.1965335809346955
SA,C01,0.3,0.25,0.25,wt_sds_4,4,4,5,15396.8,95.30671618693903,4.69328381306097
SA,C01,0.3,0.25,0.25,wt_sds_4,4,5,5,11872.8,73.49303621169916,26.506963788300833
SA,C01,0.3,0.25,0.25,wt_sds_4,4,6,5,8754.6,54.19127205199628,45.80872794800372
SA,C01,0.3,0.25,0.25,wt_sds_4,4,7,5,7862.6,48.66976168368926,51.33023831631074
SA,C01,0.3,0.25,0.25,wt_sds_4,4,8,5,7679.0,47.53327143299288,52.466728567007124
SA,C01,0.3,0.25,0.25,wt_sds_4,4,9,5,7679.0,47.53327143299288,52.466728567007124
SA,C01,0.3,0.25,0.25,wt_sds_4,4,10,5,7679.0,47.53327143299288,52.466728567007124
SA,C01,0.3,0.25,0.25,wt_sds_5,5,0,5,10127.0,100.0,0.0
SA,C01,0.3,0.25,0.25,wt_sds_5,5,1,5,10100.2,99.7353609163622,0.26463908363780037
SA,C01,0.3,0.25,0.25,wt_sds_5,5,2,5,10100.2,99.7353609163622,0.26463908363780037
SA,C01,0.3,0.25,0.25,wt_sds_5,5,3,5,10100.2,99.7353609163622,0.26463908363780037
SA,C01,0.3,0.25,0.25,wt_sds_5,5,4,5,10100.2,99.7353609163622,0.26463908363780037
SA,C01,0.3,0.25,0.25,wt_sds_5,5,5,5,8094.2,79.92692801421941,20.073071985780587
SA,C01,0.3,0.25,0.25,wt_sds_5,5,6,5,6230.4,61.522662190184654,38.477337809815346
SA,C01,0.3,0.25,0.25,wt_sds_5,5,7,5,5571.4,55.01530561864323,44.98469438135677
SA,C01,0.3,0.25,0.25,wt_sds_5,5,8,5,5485.0,54.162140811691515,45.837859188308485
SA,C01,0.3,0.25,0.25,wt_sds_5,5,9,5,5483.2,54.144366544880015,45.85563345511998
SA,C01,0.3,0.25,0.25,wt_sds_5,5,10,5,5483.2,54.144366544880015,45.85563345511998
SA,C02,0.3,0.25,0.75,wt_sds_11,11,0,5,16772.0,100.0,0.0
SA,C02,0.3,0.25,0.75,wt_sds_11,11,1,5,16027.4,95.56045790603386,4.4395420939661365
SA,C02,0.3,0.25,0.75,wt_sds_11,11,2,5,16027.4,95.56045790603386,4.4395420939661365
SA,C02,0.3,0.25,0.75,wt_sds_11,11,3,5,16027.4,95.56045790603386,4.4395420939661365
SA,C02,0.3,0.25,0.75,wt_sds_11,11,4,5,16027.4,95.56045790603386,4.4395420939661365
SA,C02,0.3,0.25,0.75,wt_sds_11,11,5,5,13437.6,80.11924636298593,19.880753637014074
SA,C02,0.3,0.25,0.75,wt_sds_11,11,6,5,8073.2,48.134986882900066,51.865013117099934
SA,C02,0.3,0.25,0.75,wt_sds_11,11,7,5,7095.6,42.30622466014786,57.69377533985213
SA,C02,0.3,0.25,0.75,wt_sds_11,11,8,5,7071.2,42.16074409730503,57.83925590269497
SA,C02,0.3,0.25,0.75,wt_sds_11,11,9,5,7071.2,42.16074409730503,57.83925590269497
SA,C02,0.3,0.25,0.75,wt_sds_11,11,10,5,7071.2,42.16074409730503,57.83925590269497
SA,C02,0.3,0.25,0.75,wt_sds_12,12,0,5,751.0,100.0,0.0
SA,C02,0.3,0.25,0.75,wt_sds_12,12,1,5,747.0,99.46737683089215,0.5326231691078561
SA,C02,0.3,0.25,0.75,wt_sds_12,12,2,5,747.0,99.46737683089215,0.5326231691078561
SA,C02,0.3,0.25,0.75,wt_sds_12,12,3,5,747.0,99.46737683089215,0.5326231691078561
SA,C02,0.3,0.25,0.75,wt_sds_12,12,4,5,588.0,78.29560585885486,21.704394141145137
SA,C02,0.3,0.25,0.75,wt_sds_12,12,5,5,200.6,26.711051930758988,73.28894806924102
SA,C02,0.3,0.25,0.75,wt_sds_12,12,6,5,0.0,0.0,100.0
SA,C02,0.3,0.25,0.75,wt_sds_12,12,7,5,0.0,0.0,100.0
SA,C02,0.3,0.25,0.75,wt_sds_12,12,8,5,0.0,0.0,100.0
SA,C02,0.3,0.25,0.75,wt_sds_12,12,9,5,0.0,0.0,100.0
SA,C02,0.3,0.25,0.75,wt_sds_12,12,10,5,0.0,0.0,100.0
SA,C02,0.3,0.25,0.75,wt_sds_13,13,0,5,11556.0,100.0,0.0
SA,C02,0.3,0.25,0.75,wt_sds_13,13,1,5,11545.6,99.91000346140534,0.08999653859467002
SA,C02,0.3,0.25,0.75,wt_sds_13,13,2,5,11545.6,99.91000346140534,0.08999653859467002
SA,C02,0.3,0.25,0.75,wt_sds_13,13,3,5,11545.6,99.91000346140534,0.08999653859467002
SA,C02,0.3,0.25,0.75,wt_sds_13,13,4,5,11545.6,99.91000346140534,0.08999653859467002
SA,C02,0.3,0.25,0.75,wt_sds_13,13,5,5,11330.4,98.04776739356178,1.9522326064382127
SA,C02,0.3,0.25,0.75,wt_sds_13,13,6,5,9166.4,79.3215645552094,20.678435444790587
SA,C02,0.3,0.25,0.75,wt_sds_13,13,7,5,8350.0,72.25683627552787,27.743163724472133
SA,C02,0.3,0.25,0.75,wt_sds_13,13,8,5,8299.8,71.82242990654206,28.177570093457938
SA,C02,0.3,0.25,0.75,wt_sds_13,13,9,5,8299.8,71.82242990654206,28.177570093457938
SA,C02,0.3,0.25,0.75,wt_sds_13,13,10,5,8299.8,71.82242990654206,28.177570093457938
SA,C02,0.3,0.25,0.75,wt_sds_14,14,0,5,15307.0,100.0,0.0
SA,C02,0.3,0.25,0.75,wt_sds_14,14,1,5,15307.0,100.0,0.0
SA,C02,0.3,0.25,0.75,wt_sds_14,14,2,5,15307.0,100.0,0.0
SA,C02,0.3,0.25,0.75,wt_sds_14,14,3,5,15307.0,100.0,0.0
SA,C02,0.3,0.25,0.75,wt_sds_14,14,4,5,14055.6,91.82465538642451,8.17534461357549
SA,C02,0.3,0.25,0.75,wt_sds_14,14,5,5,9322.4,60.90285490298557,39.09714509701443
SA,C02,0.3,0.25,0.75,wt_sds_14,14,6,5,6561.6,42.86666231136081,57.13333768863919
SA,C02,0.3,0.25,0.75,wt_sds_14,14,7,5,5109.2,33.378192983602275,66.62180701639772
SA,C02,0.3,0.25,0.75,wt_sds_14,14,8,5,4989.4,32.59554452211406,67.40445547788593
SA,C02,0.3,0.25,0.75,wt_sds_14,14,9,5,4958.4,32.39302280002613,67.60697719997387
SA,C02,0.3,0.25,0.75,wt_sds_14,14,10,5,4958.4,32.39302280002613,67.60697719997387
SA,C02,0.3,0.25,0.75,wt_sds_15,15,0,5,7572.0,100.0,0.0
SA,C02,0.3,0.25,0.75,wt_sds_15,15,1,5,7572.0,100.0,0.0
SA,C02,0.3,0.25,0.75,wt_sds_15,15,2,5,7572.0,100.0,0.0
SA,C02,0.3,0.25,0.75,wt_sds_15,15,3,5,7572.0,100.0,0.0
SA,C02,0.3,0.25,0.75,wt_sds_15,15,4,5,7572.0,100.0,0.0
SA,C02,0.3,0.25,0.75,wt_sds_15,15,5,5,5999.4,79.23137876386689,20.76862123613312
SA,C02,0.3,0.25,0.75,wt_sds_15,15,6,5,4338.4,57.295298468040144,42.704701531959856
SA,C02,0.3,0.25,0.75,wt_sds_15,15,7,5,3590.8,47.422081352350766,52.577918647649234
SA,C02,0.3,0.25,0.75,wt_sds_15,15,8,5,3432.4,45.33016376122556,54.66983623877443
SA,C02,0.3,0.25,0.75,wt_sds_15,15,9,5,3430.8,45.30903328050713,54.69096671949287
SA,C02,0.3,0.25,0.75,wt_sds_15,15,10,5,3365.0,44.440042260961434,55.559957739038566
SA,C03,0.3,0.75,0.25,wt_sds_21,21,0,5,3736.0,100.0,0.0
SA,C03,0.3,0.75,0.25,wt_sds_21,21,1,5,3198.8,85.62098501070663,14.379014989293362
SA,C03,0.3,0.75,0.25,wt_sds_21,21,2,5,3198.8,85.62098501070663,14.379014989293362
SA,C03,0.3,0.75,0.25,wt_sds_21,21,3,5,3198.8,85.62098501070663,14.379014989293362
SA,C03,0.3,0.75,0.25,wt_sds_21,21,4,5,1844.0,49.357601713062095,50.642398286937905
SA,C03,0.3,0.75,0.25,wt_sds_21,21,5,5,680.8,18.222698072805137,81.77730192719487
SA,C03,0.3,0.75,0.25,wt_sds_21,21,6,5,206.8,5.535331905781584,94.46466809421841
SA,C03,0.3,0.75,0.25,wt_sds_21,21,7,5,69.2,1.8522483940042829,98.14775160599572
SA,C03,0.3,0.75,0.25,wt_sds_21,21,8,5,0.0,0.0,100.0
SA,C03,0.3,0.75,0.25,wt_sds_21,21,9,5,0.0,0.0,100.0
SA,C03,0.3,0.75,0.25,wt_sds_21,21,10,5,0.0,0.0,100.0
SA,C03,0.3,0.75,0.25,wt_sds_22,22,0,5,1325.0,100.0,0.0
SA,C03,0.3,0.75,0.25,wt_sds_22,22,1,5,1232.6,93.02641509433963,6.973584905660377
SA,C03,0.3,0.75,0.25,wt_sds_22,22,2,5,1232.6,93.02641509433963,6.973584905660377
SA,C03,0.3,0.75,0.25,wt_sds_22,22,3,5,1232.6,93.02641509433963,6.973584905660377
SA,C03,0.3,0.75,0.25,wt_sds_22,22,4,5,1146.6,86.53584905660378,13.464150943396225
SA,C03,0.3,0.75,0.25,wt_sds_22,22,5,5,224.6,16.950943396226414,83.04905660377358
SA,C03,0.3,0.75,0.25,wt_sds_22,22,6,5,0.0,0.0,100.0
SA,C03,0.3,0.75,0.25,wt_sds_22,22,7,5,0.0,0.0,100.0
SA,C03,0.3,0.75,0.25,wt_sds_22,22,8,5,0.0,0.0,100.0
SA,C03,0.3,0.75,0.25,wt_sds_22,22,9,5,0.0,0.0,100.0
SA,C03,0.3,0.75,0.25,wt_sds_22,22,10,5,0.0,0.0,100.0
SA,C03,0.3,0.75,0.25,wt_sds_23,23,0,5,0.0,100.0,0.0
SA,C03,0.3,0.75,0.25,wt_sds_23,23,1,5,0.0,100.0,0.0
SA,C03,0.3,0.75,0.25,wt_sds_23,23,2,5,0.0,100.0,0.0
SA,C03,0.3,0.75,0.25,wt_sds_23,23,3,5,0.0,100.0,0.0
SA,C03,0.3,0.75,0.25,wt_sds_23,23,4,5,0.0,100.0,0.0
SA,C03,0.3,0.75,0.25,wt_sds_23,23,5,5,0.0,100.0,0.0
SA,C03,0.3,0.75,0.25,wt_sds_23,23,6,5,0.0,100.0,0.0
SA,C03,0.3,0.75,0.25,wt_sds_23,23,7,5,0.0,100.0,0.0
SA,C03,0.3,0.75,0.25,wt_sds_23,23,8,5,0.0,100.0,0.0
SA,C03,0.3,0.75,0.25,wt_sds_23,23,9,5,0.0,100.0,0.0
SA,C03,0.3,0.75,0.25,wt_sds_23,23,10,5,0.0,100.0,0.0
SA,C03,0.3,0.75,0.25,wt_sds_24,24,0,5,4871.0,100.0,0.0
SA,C03,0.3,0.75,0.25,wt_sds_24,24,1,5,4636.2,95.17963457195648,4.820365428043519
SA,C03,0.3,0.75,0.25,wt_sds_24,24,2,5,4636.2,95.17963457195648,4.820365428043519
SA,C03,0.3,0.75,0.25,wt_sds_24,24,3,5,4636.2,95.17963457195648,4.820365428043519
SA,C03,0.3,0.75,0.25,wt_sds_24,24,4,5,4636.2,95.17963457195648,4.820365428043519
SA,C03,0.3,0.75,0.25,wt_sds_24,24,5,5,4149.4,85.18579347156641,14.814206528433587
SA,C03,0.3,0.75,0.25,wt_sds_24,24,6,5,2681.6,55.05235064668447,44.94764935331554
SA,C03,0.3,0.75,0.25,wt_sds_24,24,7,5,2245.6,46.10141654691028,53.898583453089714
SA,C03,0.3,0.75,0.25,wt_sds_24,24,8,5,1931.8,39.659207554916854,60.34079244508315
SA,C03,0.3,0.75,0.25,wt_sds_24,24,9,5,1406.6,28.87702730445494,71.12297269554506
SA,C03,0.3,0.75,0.25,wt_sds_24,24,10,5,1406.6,28.87702730445494,71.12297269554506
SA,C03,0.3,0.75,0.25,wt_sds_25,25,0,5,2696.0,100.0,0.0
SA,C03,0.3,0.75,0.25,wt_sds_25,25,1,5,2571.6,95.38575667655786,4.614243323442136
SA,C03,0.3,0.75,0.25,wt_sds_25,25,2,5,2571.6,95.38575667655786,4.614243323442136
SA,C03,0.3,0.75,0.25,wt_sds_25,25,3,5,2571.6,95.38575667655786,4.614243323442136
SA,C03,0.3,0.75,0.25,wt_sds_25,25,4,5,2571.6,95.38575667655786,4.614243323442136
SA,C03,0.3,0.75,0.25,wt_sds_25,25,5,5,1176.2,43.62759643916914,56.372403560830854
SA,C03,0.3,0.75,0.25,wt_sds_25,25,6,5,314.8,11.676557863501483,88.32344213649851
SA,C03,0.3,0.75,0.25,wt_sds_25,25,7,5,59.6,2.2106824925816024,97.7893175074184
SA,C03,0.3,0.75,0.25,wt_sds_25,25,8,5,2.6,0.09643916913946589,99.90356083086053
SA,C03,0.3,0.75,0.25,wt_sds_25,25,9,5,0.0,0.0,100.0
SA,C03,0.3,0.75,0.25,wt_sds_25,25,10,5,0.0,0.0,100.0
SA,C04,0.3,0.75,0.75,wt_sds_31,31,0,5,237.0,100.0,0.0
SA,C04,0.3,0.75,0.75,wt_sds_31,31,1,5,214.8,90.63291139240506,9.367088607594937
SA,C04,0.3,0.75,0.75,wt_sds_31,31,2,5,214.8,90.63291139240506,9.367088607594937
SA,C04,0.3,0.75,0.75,wt_sds_31,31,3,5,214.8,90.63291139240506,9.367088607594937
SA,C04,0.3,0.75,0.75,wt_sds_31,31,4,5,167.4,70.63291139240506,29.36708860759494
SA,C04,0.3,0.75,0.75,wt_sds_31,31,5,5,0.0,0.0,100.0
SA,C04,0.3,0.75,0.75,wt_sds_31,31,6,5,0.0,0.0,100.0
SA,C04,0.3,0.75,0.75,wt_sds_31,31,7,5,0.0,0.0,100.0
SA,C04,0.3,0.75,0.75,wt_sds_31,31,8,5,0.0,0.0,100.0
SA,C04,0.3,0.75,0.75,wt_sds_31,31,9,5,0.0,0.0,100.0
SA,C04,0.3,0.75,0.75,wt_sds_31,31,10,5,0.0,0.0,100.0
SA,C04,0.3,0.75,0.75,wt_sds_32,32,0,5,1595.0,100.0,0.0
SA,C04,0.3,0.75,0.75,wt_sds_32,32,1,5,1512.8,94.84639498432601,5.153605015673984
SA,C04,0.3,0.75,0.75,wt_sds_32,32,2,5,1512.8,94.84639498432601,5.153605015673984
SA,C04,0.3,0.75,0.75,wt_sds_32,32,3,5,1512.8,94.84639498432601,5.153605015673984
SA,C04,0.3,0.75,0.75,wt_sds_32,32,4,5,981.8,61.55485893416928,38.445141065830725
SA,C04,0.3,0.75,0.75,wt_sds_32,32,5,5,11.6,0.7272727272727273,99.27272727272728
SA,C04,0.3,0.75,0.75,wt_sds_32,32,6,5,0.0,0.0,100.0
SA,C04,0.3,0.75,0.75,wt_sds_32,32,7,5,0.0,0.0,100.0
SA,C04,0.3,0.75,0.75,wt_sds_32,32,8,5,0.0,0.0,100.0
SA,C04,0.3,0.75,0.75,wt_sds_32,32,9,5,0.0,0.0,100.0
SA,C04,0.3,0.75,0.75,wt_sds_32,32,10,5,0.0,0.0,100.0
SA,C04,0.3,0.75,0.75,wt_sds_33,33,0,5,541.0,100.0,0.0
SA,C04,0.3,0.75,0.75,wt_sds_33,33,1,5,436.0,80.59149722735675,19.408502772643253
SA,C04,0.3,0.75,0.75,wt_sds_33,33,2,5,436.0,80.59149722735675,19.408502772643253
SA,C04,0.3,0.75,0.75,wt_sds_33,33,3,5,436.0,80.59149722735675,19.408502772643253
SA,C04,0.3,0.75,0.75,wt_sds_33,33,4,5,436.0,80.59149722735675,19.408502772643253
SA,C04,0.3,0.75,0.75,wt_sds_33,33,5,5,206.0,38.07763401109058,61.92236598890943
SA,C04,0.3,0.75,0.75,wt_sds_33,33,6,5,0.0,0.0,100.0
SA,C04,0.3,0.75,0.75,wt_sds_33,33,7,5,0.0,0.0,100.0
SA,C04,0.3,0.75,0.75,wt_sds_33,33,8,5,0.0,0.0,100.0
SA,C04,0.3,0.75,0.75,wt_sds_33,33,9,5,0.0,0.0,100.0
SA,C04,0.3,0.75,0.75,wt_sds_33,33,10,5,0.0,0.0,100.0
SA,C04,0.3,0.75,0.75,wt_sds_34,34,0,5,0.0,100.0,0.0
SA,C04,0.3,0.75,0.75,wt_sds_34,34,1,5,0.0,100.0,0.0
SA,C04,0.3,0.75,0.75,wt_sds_34,34,2,5,0.0,100.0,0.0
SA,C04,0.3,0.75,0.75,wt_sds_34,34,3,5,0.0,100.0,0.0
SA,C04,0.3,0.75,0.75,wt_sds_34,34,4,5,0.0,100.0,0.0
SA,C04,0.3,0.75,0.75,wt_sds_34,34,5,5,0.0,100.0,0.0
SA,C04,0.3,0.75,0.75,wt_sds_34,34,6,5,0.0,100.0,0.0
SA,C04,0.3,0.75,0.75,wt_sds_34,34,7,5,0.0,100.0,0.0
SA,C04,0.3,0.75,0.75,wt_sds_34,34,8,5,0.0,100.0,0.0
SA,C04,0.3,0.75,0.75,wt_sds_34,34,9,5,0.0,100.0,0.0
SA,C04,0.3,0.75,0.75,wt_sds_34,34,10,5,0.0,100.0,0.0
SA,C04,0.3,0.75,0.75,wt_sds_35,35,0,5,0.0,100.0,0.0
SA,C04,0.3,0.75,0.75,wt_sds_35,35,1,5,0.0,100.0,0.0
SA,C04,0.3,0.75,0.75,wt_sds_35,35,2,5,0.0,100.0,0.0
SA,C04,0.3,0.75,0.75,wt_sds_35,35,3,5,0.0,100.0,0.0
SA,C04,0.3,0.75,0.75,wt_sds_35,35,4,5,0.0,100.0,0.0
SA,C04,0.3,0.75,0.75,wt_sds_35,35,5,5,0.0,100.0,0.0
SA,C04,0.3,0.75,0.75,wt_sds_35,35,6,5,0.0,100.0,0.0
SA,C04,0.3,0.75,0.75,wt_sds_35,35,7,5,0.0,100.0,0.0
SA,C04,0.3,0.75,0.75,wt_sds_35,35,8,5,0.0,100.0,0.0
SA,C04,0.3,0.75,0.75,wt_sds_35,35,9,5,0.0,100.0,0.0
SA,C04,0.3,0.75,0.75,wt_sds_35,35,10,5,0.0,100.0,0.0
SA,C05,0.9,0.25,0.25,wt_sds_81,81,0,5,404367.0,100.0,0.0
SA,C05,0.9,0.25,0.25,wt_sds_81,81,1,5,404367.0,100.0,0.0
SA,C05,0.9,0.25,0.25,wt_sds_81,81,2,5,404367.0,100.0,0.0
SA,C05,0.9,0.25,0.25,wt_sds_81,81,3,5,404367.0,100.0,0.0
SA,C05,0.9,0.25,0.25,wt_sds_81,81,4,5,404367.0,100.0,0.0
SA,C05,0.9,0.25,0.25,wt_sds_81,81,5,5,401982.0,99.41018925876742,0.5898107412325914
SA,C05,0.9,0.25,0.25,wt_sds_81,81,6,5,392755.8,97.12854906557656,2.871450934423433
SA,C05,0.9,0.25,0.25,wt_sds_81,81,7,5,389958.8,96.43685068267193,3.5631493173280715
SA,C05,0.9,0.25,0.25,wt_sds_81,81,8,5,389885.2,96.4186493952276,3.581350604772402
SA,C05,0.9,0.25,0.25,wt_sds_81,81,9,5,389885.2,96.4186493952276,3.581350604772402
SA,C05,0.9,0.25,0.25,wt_sds_81,81,10,5,389885.2,96.4186493952276,3.581350604772402
SA,C05,0.9,0.25,0.25,wt_sds_82,82,0,5,429017.0,100.0,0.0
SA,C05,0.9,0.25,0.25,wt_sds_82,82,1,5,428955.0,99.98554835822355,0.014451641776435053
SA,C05,0.9,0.25,0.25,wt_sds_82,82,2,5,428955.0,99.98554835822355,0.014451641776435053
SA,C05,0.9,0.25,0.25,wt_sds_82,82,3,5,428955.0,99.98554835822355,0.014451641776435053
SA,C05,0.9,0.25,0.25,wt_sds_82,82,4,5,428955.0,99.98554835822355,0.014451641776435053
SA,C05,0.9,0.25,0.25,wt_sds_82,82,5,5,426564.8,99.42841425864243,0.5715857413575691
SA,C05,0.9,0.25,0.25,wt_sds_82,82,6,5,420123.2,97.92693529627032,2.0730647037296874
SA,C05,0.9,0.25,0.25,wt_sds_82,82,7,5,418397.0,97.52457361829485,2.475426381705154
SA,C05,0.9,0.25,0.25,wt_sds_82,82,8,5,418232.8,97.48630007668694,2.513699923313061
SA,C05,0.9,0.25,0.25,wt_sds_82,82,9,5,418232.8,97.48630007668694,2.513699923313061
SA,C05,0.9,0.25,0.25,wt_sds_82,82,10,5,418232.8,97.48630007668694,2.513699923313061
SA,C05,0.9,0.25,0.25,wt_sds_83,83,0,5,480103.0,100.0,0.0
SA,C05,0.9,0.25,0.25,wt_sds_83,83,1,5,480103.0,100.0,0.0
SA,C05,0.9,0.25,0.25,wt_sds_83,83,2,5,480103.0,100.0,0.0
SA,C05,0.9,0.25,0.25,wt_sds_83,83,3,5,480103.0,100.0,0.0
SA,C05,0.9,0.25,0.25,wt_sds_83,83,4,5,480103.0,100.0,0.0
SA,C05,0.9,0.25,0.25,wt_sds_83,83,5,5,478513.2,99.66886272320731,0.33113727679268834
SA,C05,0.9,0.25,0.25,wt_sds_83,83,6,5,472307.4,98.37626509311544,1.6237349068845646
SA,C05,0.9,0.25,0.25,wt_sds_83,83,7,5,469825.0,97.85920937798764,2.1407906220123607
SA,C05,0.9,0.25,0.25,wt_sds_83,83,8,5,469320.8,97.75419024667625,2.2458097533237606
SA,C05,0.9,0.25,0.25,wt_sds_83,83,9,5,469276.8,97.74502554660145,2.2549744533985403
SA,C05,0.9,0.25,0.25,wt_sds_83,83,10,5,469276.8,97.74502554660145,2.2549744533985403
SA,C05,0.9,0.25,0.25,wt_sds_84,84,0,5,340970.0,100.0,0.0
SA,C05,0.9,0.25,0.25,wt_sds_84,84,1,5,340970.0,100.0,0.0
SA,C05,0.9,0.25,0.25,wt_sds_84,84,2,5,340970.0,100.0,0.0
SA,C05,0.9,0.25,0.25,wt_sds_84,84,3,5,340970.0,100.0,0.0
SA,C05,0.9,0.25,0.25,wt_sds_84,84,4,5,340970.0,100.0,0.0
SA,C05,0.9,0.25,0.25,wt_sds_84,84,5,5,340970.0,100.0,0.0
SA,C05,0.9,0.25,0.25,wt_sds_84,84,6,5,337693.6,99.03909434847641,0.9609056515235949
SA,C05,0.9,0.25,0.25,wt_sds_84,84,7,5,335657.8,98.44203302343314,1.5579669765668485
SA,C05,0.9,0.25,0.25,wt_sds_84,84,8,5,335295.8,98.33586532539519,1.6641346746048042
SA,C05,0.9,0.25,0.25,wt_sds_84,84,9,5,335293.4,98.33516145115406,1.6648385488459383
SA,C05,0.9,0.25,0.25,wt_sds_84,84,10,5,335293.4,98.33516145115406,1.6648385488459383
SA,C05,0.9,0.25,0.25,wt_sds_85,85,0,5,574751.0,100.0,0.0
SA,C05,0.9,0.25,0.25,wt_sds_85,85,1,5,574704.8,99.99196173647371,0.008038263526293577
SA,C05,0.9,0.25,0.25,wt_sds_85,85,2,5,574704.8,99.99196173647371,0.008038263526293577
SA,C05,0.9,0.25,0.25,wt_sds_85,85,3,5,574704.8,99.99196173647371,0.008038263526293577
SA,C05,0.9,0.25,0.25,wt_sds_85,85,4,5,574704.8,99.99196173647371,0.008038263526293577
SA,C05,0.9,0.25,0.25,wt_sds_85,85,5,5,572365.0,99.58486370619626,0.4151362938037494
SA,C05,0.9,0.25,0.25,wt_sds_85,85,6,5,565986.6,98.47509617208148,1.5249038279185243
SA,C05,0.9,0.25,0.25,wt_sds_85,85,7,5,563123.0,97.97686302416176,2.0231369758382356
SA,C05,0.9,0.25,0.25,wt_sds_85,85,8,5,562931.2,97.94349205134048,2.0565079486595095
SA,C05,0.9,0.25,0.25,wt_sds_85,85,9,5,562926.0,97.9425873117228,2.0574126882771906
SA,C05,0.9,0.25,0.25,wt_sds_85,85,10,5,562926.0,97.9425873117228,2.0574126882771906
SA,C06,0.9,0.25,0.75,wt_sds_91,91,0,5,356272.0,100.0,0.0
SA,C06,0.9,0.25,0.75,wt_sds_91,91,1,5,356272.0,100.0,0.0
SA,C06,0.9,0.25,0.75,wt_sds_91,91,2,5,356272.0,100.0,0.0
SA,C06,0.9,0.25,0.75,wt_sds_91,91,3,5,356272.0,100.0,0.0
SA,C06,0.9,0.25,0.75,wt_sds_91,91,4,5,356272.0,100.0,0.0
SA,C06,0.9,0.25,0.75,wt_sds_91,91,5,5,356272.0,100.0,0.0
SA,C06,0.9,0.25,0.75,wt_sds_91,91,6,5,356272.0,100.0,0.0
SA,C06,0.9,0.25,0.75,wt_sds_91,91,7,5,356272.0,100.0,0.0
SA,C06,0.9,0.25,0.75,wt_sds_91,91,8,5,356272.0,100.0,0.0
SA,C06,0.9,0.25,0.75,wt_sds_91,91,9,5,356272.0,100.0,0.0
SA,C06,0.9,0.25,0.75,wt_sds_91,91,10,5,356272.0,100.0,0.0
SA,C06,0.9,0.25,0.75,wt_sds_92,92,0,5,390582.0,100.0,0.0
SA,C06,0.9,0.25,0.75,wt_sds_92,92,1,5,390582.0,100.0,0.0
SA,C06,0.9,0.25,0.75,wt_sds_92,92,2,5,390582.0,100.0,0.0
SA,C06,0.9,0.25,0.75,wt_sds_92,92,3,5,390582.0,100.0,0.0
SA,C06,0.9,0.25,0.75,wt_sds_92,92,4,5,390582.0,100.0,0.0
SA,C06,0.9,0.25,0.75,wt_sds_92,92,5,5,383085.6,98.08071032459253,1.9192896754074666
SA,C06,0.9,0.25,0.75,wt_sds_92,92,6,5,378579.4,96.9269961237333,3.0730038762666965
SA,C06,0.9,0.25,0.75,wt_sds_92,92,7,5,378151.8,96.81751847243345,3.1824815275665514
SA,C06,0.9,0.25,0.75,wt_sds_92,92,8,5,378095.8,96.80318089415283,3.1968191058471715
SA,C06,0.9,0.25,0.75,wt_sds_92,92,9,5,378095.8,96.80318089415283,3.1968191058471715
SA,C06,0.9,0.25,0.75,wt_sds_92,92,10,5,378095.8,96.80318089415283,3.1968191058471715
SA,C06,0.9,0.25,0.75,wt_sds_93,93,0,5,431927.0,100.0,0.0
SA,C06,0.9,0.25,0.75,wt_sds_93,93,1,5,431927.0,100.0,0.0
SA,C06,0.9,0.25,0.75,wt_sds_93,93,2,5,431927.0,100.0,0.0
SA,C06,0.9,0.25,0.75,wt_sds_93,93,3,5,431927.0,100.0,0.0
SA,C06,0.9,0.25,0.75,wt_sds_93,93,4,5,431927.0,100.0,0.0
SA,C06,0.9,0.25,0.75,wt_sds_93,93,5,5,431927.0,100.0,0.0
SA,C06,0.9,0.25,0.75,wt_sds_93,93,6,5,429036.8,99.33085914981004,0.6691408501899616
SA,C06,0.9,0.25,0.75,wt_sds_93,93,7,5,426801.0,98.81322538299295,1.1867746170070432
SA,C06,0.9,0.25,0.75,wt_sds_93,93,8,5,426789.0,98.81044713574285,1.1895528642571578
SA,C06,0.9,0.25,0.75,wt_sds_93,93,9,5,426789.0,98.81044713574285,1.1895528642571578
SA,C06,0.9,0.25,0.75,wt_sds_93,93,10,5,426789.0,98.81044713574285,1.1895528642571578
SA,C06,0.9,0.25,0.75,wt_sds_94,94,0,5,357721.0,100.0,0.0
SA,C06,0.9,0.25,0.75,wt_sds_94,94,1,5,357672.4,99.9864139930281,0.013586006971911502
SA,C06,0.9,0.25,0.75,wt_sds_94,94,2,5,357672.4,99.9864139930281,0.013586006971911502
SA,C06,0.9,0.25,0.75,wt_sds_94,94,3,5,357672.4,99.9864139930281,0.013586006971911502
SA,C06,0.9,0.25,0.75,wt_sds_94,94,4,5,357672.4,99.9864139930281,0.013586006971911502
SA,C06,0.9,0.25,0.75,wt_sds_94,94,5,5,357123.0,99.83283061380237,0.1671693861976223
SA,C06,0.9,0.25,0.75,wt_sds_94,94,6,5,353193.4,98.73432088135726,1.2656791186427427
SA,C06,0.9,0.25,0.75,wt_sds_94,94,7,5,351988.2,98.39741027225128,1.6025897277487218
SA,C06,0.9,0.25,0.75,wt_sds_94,94,8,5,351850.0,98.35877681209658,1.6412231879034238
SA,C06,0.9,0.25,0.75,wt_sds_94,94,9,5,351775.0,98.33781075195473,1.6621892480452658
SA,C06,0.9,0.25,0.75,wt_sds_94,94,10,5,351775.0,98.33781075195473,1.6621892480452658
SA,C06,0.9,0.25,0.75,wt_sds_95,95,0,5,569806.0,100.0,0.0
SA,C06,0.9,0.25,0.75,wt_sds_95,95,1,5,569806.0,100.0,0.0
SA,C06,0.9,0.25,0.75,wt_sds_95,95,2,5,569806.0,100.0,0.0
SA,C06,0.9,0.25,0.75,wt_sds_95,95,3,5,569806.0,100.0,0.0
SA,C06,0.9,0.25,0.75,wt_sds_95,95,4,5,569806.0,100.0,0.0
SA,C06,0.9,0.25,0.75,wt_sds_95,95,5,5,562454.0,98.7097362962131,1.2902637037868998
SA,C06,0.9,0.25,0.75,wt_sds_95,95,6,5,547765.4,96.1319115628828,3.868088437117194
SA,C06,0.9,0.25,0.75,wt_sds_95,95,7,5,545573.0,95.74714902966976,4.252850970330252
SA,C06,0.9,0.25,0.75,wt_sds_95,95,8,5,545520.8,95.7379880169742,4.2620119830258005
SA,C06,0.9,0.25,0.75,wt_sds_95,95,9,5,545520.8,95.7379880169742,4.2620119830258005
SA,C06,0.9,0.25,0.75,wt_sds_95,95,10,5,545520.8,95.7379880169742,4.2620119830258005
SA,C07,0.9,0.75,0.25,wt_sds_101,101,0,5,362875.0,100.0,0.0
SA,C07,0.9,0.75,0.25,wt_sds_101,101,1,5,362870.4,99.99873234584912,0.0012676541508767514
SA,C07,0.9,0.75,0.25,wt_sds_101,101,2,5,362870.4,99.99873234584912,0.0012676541508767514
SA,C07,0.9,0.75,0.25,wt_sds_101,101,3,5,362870.4,99.99873234584912,0.0012676541508767514
SA,C07,0.9,0.75,0.25,wt_sds_101,101,4,5,362870.4,99.99873234584912,0.0012676541508767514
SA,C07,0.9,0.75,0.25,wt_sds_101,101,5,5,362356.2,99.85703065794006,0.14296934205993636
SA,C07,0.9,0.75,0.25,wt_sds_101,101,6,5,360365.2,99.30835687220117,0.6916431277988295
SA,C07,0.9,0.75,0.25,wt_sds_101,101,7,5,359891.4,99.17778849466069,0.8222115053393025
SA,C07,0.9,0.75,0.25,wt_sds_101,101,8,5,359350.0,99.02859111264209,0.9714088873579044
SA,C07,0.9,0.75,0.25,wt_sds_101,101,9,5,359174.4,98.98019979331727,1.0198002066827399
SA,C07,0.9,0.75,0.25,wt_sds_101,101,10,5,359174.4,98.98019979331727,1.0198002066827399
SA,C07,0.9,0.75,0.25,wt_sds_102,102,0,5,498978.0,100.0,0.0
SA,C07,0.9,0.75,0.25,wt_sds_102,102,1,5,498978.0,100.0,0.0
SA,C07,0.9,0.75,0.25,wt_sds_102,102,2,5,498978.0,100.0,0.0
SA,C07,0.9,0.75,0.25,wt_sds_102,102,3,5,498978.0,100.0,0.0
SA,C07,0.9,0.75,0.25,wt_sds_102,102,4,5,498978.0,100.0,0.0
SA,C07,0.9,0.75,0.25,wt_sds_102,102,5,5,498978.0,100.0,0.0
SA,C07,0.9,0.75,0.25,wt_sds_102,102,6,5,498978.0,100.0,0.0
SA,C07,0.9,0.75,0.25,wt_sds_102,102,7,5,498978.0,100.0,0.0
SA,C07,0.9,0.75,0.25,wt_sds_102,102,8,5,498927.2,99.98981919042522,0.010180809574771387
SA,C07,0.9,0.75,0.25,wt_sds_102,102,9,5,498909.0,99.98617173502639,0.013828264973605542
SA,C07,0.9,0.75,0.25,wt_sds_102,102,10,5,498892.8,99.98292509890216,0.01707490109784544
SA,C07,0.9,0.75,0.25,wt_sds_103,103,0,5,399977.0,100.0,0.0
SA,C07,0.9,0.75,0.25,wt_sds_103,103,1,5,399953.6,99.99414966360567,0.005850336394343003
SA,C07,0.9,0.75,0.25,wt_sds_103,103,2,5,399953.6,99.99414966360567,0.005850336394343003
SA,C07,0.9,0.75,0.25,wt_sds_103,103,3,5,399953.6,99.99414966360567,0.005850336394343003
SA,C07,0.9,0.75,0.25,wt_sds_103,103,4,5,399953.6,99.99414966360567,0.005850336394343003
SA,C07,0.9,0.75,0.25,wt_sds_103,103,5,5,396546.2,99.14225067941406,0.8577493205859354
SA,C07,0.9,0.75,0.25,wt_sds_103,103,6,5,390779.4,97.70046777689717,2.299532223102827
SA,C07,0.9,0.75,0.25,wt_sds_103,103,7,5,386994.6,96.7542133672686,3.2457866327313867
SA,C07,0.9,0.75,0.25,wt_sds_103,103,8,5,386194.6,96.55420186660733,3.4457981333926684
SA,C07,0.9,0.75,0.25,wt_sds_103,103,9,5,386194.6,96.55420186660733,3.4457981333926684
SA,C07,0.9,0.75,0.25,wt_sds_103,103,10,5,386194.6,96.55420186660733,3.4457981333926684
SA,C07,0.9,0.75,0.25,wt_sds_104,104,0,5,370253.0,100.0,0.0
SA,C07,0.9,0.75,0.25,wt_sds_104,104,1,5,370253.0,100.0,0.0
SA,C07,0.9,0.75,0.25,wt_sds_104,104,2,5,370253.0,100.0,0.0
SA,C07,0.9,0.75,0.25,wt_sds_104,104,3,5,370253.0,100.0,0.0
SA,C07,0.9,0.75,0.25,wt_sds_104,104,4,5,370253.0,100.0,0.0
SA,C07,0.9,0.75,0.25,wt_sds_104,104,5,5,369964.2,99.92199928157234,0.0780007184276684
SA,C07,0.9,0.75,0.25,wt_sds_104,104,6,5,366417.0,98.96395167628621,1.0360483237137856
SA,C07,0.9,0.75,0.25,wt_sds_104,104,7,5,363821.6,98.26297153567967,1.7370284643203433
SA,C07,0.9,0.75,0.25,wt_sds_104,104,8,5,363260.6,98.11145351962037,1.8885464803796252
SA,C07,0.9,0.75,0.25,wt_sds_104,104,9,5,363219.4,98.10032599330728,1.8996740066927202
SA,C07,0.9,0.75,0.25,wt_sds_104,104,10,5,363219.4,98.10032599330728,1.8996740066927202
SA,C07,0.9,0.75,0.25,wt_sds_105,105,0,5,465059.0,100.0,0.0
SA,C07,0.9,0.75,0.25,wt_sds_105,105,1,5,465059.0,100.0,0.0
SA,C07,0.9,0.75,0.25,wt_sds_105,105,2,5,465059.0,100.0,0.0
SA,C07,0.9,0.75,0.25,wt_sds_105,105,3,5,465059.0,100.0,0.0
SA,C07,0.9,0.75,0.25,wt_sds_105,105,4,5,465059.0,100.0,0.0
SA,C07,0.9,0.75,0.25,wt_sds_105,105,5,5,463469.0,99.6581078959874,0.3418921040126094
SA,C07,0.9,0.75,0.25,wt_sds_105,105,6,5,460029.8,98.9185888242137,1.0814111757862974
SA,C07,0.9,0.75,0.25,wt_sds_105,105,7,5,459564.6,98.81855850547996,1.1814414945200498
SA,C07,0.9,0.75,0.25,wt_sds_105,105,8,5,459545.6,98.81447300235024,1.1855269976497624
SA,C07,0.9,0.75,0.25,wt_sds_105,105,9,5,459545.6,98.81447300235024,1.1855269976497624
SA,C07,0.9,0.75,0.25,wt_sds_105,105,10,5,459545.6,98.81447300235024,1.1855269976497624
SA,C08,0.9,0.75,0.75,wt_sds_111,111,0,5,365649.0,100.0,0.0
SA,C08,0.9,0.75,0.75,wt_sds_111,111,1,5,365649.0,100.0,0.0
SA,C08,0.9,0.75,0.75,wt_sds_111,111,2,5,365649.0,100.0,0.0
SA,C08,0.9,0.75,0.75,wt_sds_111,111,3,5,365649.0,100.0,0.0
SA,C08,0.9,0.75,0.75,wt_sds_111,111,4,5,365649.0,100.0,0.0
SA,C08,0.9,0.75,0.75,wt_sds_111,111,5,5,363645.8,99.45215220060769,0.547847799392315
SA,C08,0.9,0.75,0.75,wt_sds_111,111,6,5,360499.2,98.59160014111895,1.4083998588810573
SA,C08,0.9,0.75,0.75,wt_sds_111,111,7,5,360062.0,98.47203192132346,1.5279680786765453
SA,C08,0.9,0.75,0.75,wt_sds_111,111,8,5,359971.8,98.4473634551168,1.552636544883208
SA,C08,0.9,0.75,0.75,wt_sds_111,111,9,5,359971.8,98.4473634551168,1.552636544883208
SA,C08,0.9,0.75,0.75,wt_sds_111,111,10,5,359971.8,98.4473634551168,1.552636544883208
SA,C08,0.9,0.75,0.75,wt_sds_112,112,0,5,402909.0,100.0,0.0
SA,C08,0.9,0.75,0.75,wt_sds_112,112,1,5,402909.0,100.0,0.0
SA,C08,0.9,0.75,0.75,wt_sds_112,112,2,5,402909.0,100.0,0.0
SA,C08,0.9,0.75,0.75,wt_sds_112,112,3,5,402909.0,100.0,0.0
SA,C08,0.9,0.75,0.75,wt_sds_112,112,4,5,402909.0,100.0,0.0
SA,C08,0.9,0.75,0.75,wt_sds_112,112,5,5,394048.6,97.80089300561664,2.199106994383348
SA,C08,0.9,0.75,0.75,wt_sds_112,112,6,5,384684.2,95.47669573030137,4.5233042696986185
SA,C08,0.9,0.75,0.75,wt_sds_112,112,7,5,383556.2,95.19673176821564,4.803268231784349
SA,C08,0.9,0.75,0.75,wt_sds_112,112,8,5,383552.0,95.19568934920788,4.804310650792113
SA,C08,0.9,0.75,0.75,wt_sds_112,112,9,5,383552.0,95.19568934920788,4.804310650792113
SA,C08,0.9,0.75,0.75,wt_sds_112,112,10,5,383552.0,95.19568934920788,4.804310650792113
SA,C08,0.9,0.75,0.75,wt_sds_113,113,0,5,269459.0,100.0,0.0
SA,C08,0.9,0.75,0.75,wt_sds_113,113,1,5,269459.0,100.0,0.0
SA,C08,0.9,0.75,0.75,wt_sds_113,113,2,5,269459.0,100.0,0.0
SA,C08,0.9,0.75,0.75,wt_sds_113,113,3,5,269459.0,100.0,0.0
SA,C08,0.9,0.75,0.75,wt_sds_113,113,4,5,269459.0,100.0,0.0
SA,C08,0.9,0.75,0.75,wt_sds_113,113,5,5,269459.0,100.0,0.0
SA,C08,0.9,0.75,0.75,wt_sds_113,113,6,5,269309.4,99.9444813496673,0.05551865033270644
SA,C08,0.9,0.75,0.75,wt_sds_113,113,7,5,268691.8,99.71528136005848,0.28471863994151364
SA,C08,0.9,0.75,0.75,wt_sds_113,113,8,5,268653.4,99.7010305835025,0.298969416497502
SA,C08,0.9,0.75,0.75,wt_sds_113,113,9,5,268653.4,99.7010305835025,0.298969416497502
SA,C08,0.9,0.75,0.75,wt_sds_113,113,10,5,268653.4,99.7010305835025,0.298969416497502
SA,C08,0.9,0.75,0.75,wt_sds_114,114,0,5,494861.0,100.0,0.0
SA,C08,0.9,0.75,0.75,wt_sds_114,114,1,5,494861.0,100.0,0.0
SA,C08,0.9,0.75,0.75,wt_sds_114,114,2,5,494861.0,100.0,0.0
SA,C08,0.9,0.75,0.75,wt_sds_114,114,3,5,494861.0,100.0,0.0
SA,C08,0.9,0.75,0.75,wt_sds_114,114,4,5,494861.0,100.0,0.0
SA,C08,0.9,0.75,0.75,wt_sds_114,114,5,5,494636.8,99.95469434851402,0.04530565148597247
SA,C08,0.9,0.75,0.75,wt_sds_114,114,6,5,493838.8,99.79343694491988,0.20656305508011313
SA,C08,0.9,0.75,0.75,wt_sds_114,114,7,5,493544.0,99.73386466098562,0.2661353390143887
SA,C08,0.9,0.75,0.75,wt_sds_114,114,8,5,492946.8,99.61318430832092,0.3868156916790781
SA,C08,0.9,0.75,0.75,wt_sds_114,114,9,5,492843.0,99.59220872123687,0.4077912787631277
SA,C08,0.9,0.75,0.75,wt_sds_114,114,10,5,492843.0,99.59220872123687,0.4077912787631277
SA,C08,0.9,0.75,0.75,wt_sds_115,115,0,5,493200.0,100.0,0.0
SA,C08,0.9,0.75,0.75,wt_sds_115,115,1,5,493200.0,100.0,0.0
SA,C08,0.9,0.75,0.75,wt_sds_115,115,2,5,493200.0,100.0,0.0
SA,C08,0.9,0.75,0.75,wt_sds_115,115,3,5,493200.0,100.0,0.0
SA,C08,0.9,0.75,0.75,wt_sds_115,115,4,5,493200.0,100.0,0.0
SA,C08,0.9,0.75,0.75,wt_sds_115,115,5,5,490762.2,99.50571776155718,0.494282238442824
SA,C08,0.9,0.75,0.75,wt_sds_115,115,6,5,486821.8,98.70677210056772,1.2932278994322814
SA,C08,0.9,0.75,0.75,wt_sds_115,115,7,5,482882.8,97.9081103000811,2.091889699918897
SA,C08,0.9,0.75,0.75,wt_sds_115,115,8,5,482208.8,97.77145174371452,2.228548256285481
SA,C08,0.9,0.75,0.75,wt_sds_115,115,9,5,481749.2,97.67826439578263,2.321735604217358
SA,C08,0.9,0.75,0.75,wt_sds_115,115,10,5,481738.8,97.67615571776156,2.3238442822384426
TS,C01,0.3,0.25,0.25,wt_sds_1,1,0,5,2442.0,100.0,0.0
TS,C01,0.3,0.25,0.25,wt_sds_1,1,1,5,1169.0,47.87059787059788,52.12940212940212
TS,C01,0.3,0.25,0.25,wt_sds_1,1,2,5,1105.8,45.282555282555286,54.71744471744472
TS,C01,0.3,0.25,0.25,wt_sds_1,1,3,5,1081.8,44.2997542997543,55.7002457002457
TS,C01,0.3,0.25,0.25,wt_sds_1,1,4,5,1054.6,43.18591318591318,56.81408681408682
TS,C01,0.3,0.25,0.25,wt_sds_1,1,5,5,1043.4,42.72727272727273,57.27272727272727
TS,C01,0.3,0.25,0.25,wt_sds_1,1,6,5,1035.4,42.3996723996724,57.6003276003276
TS,C01,0.3,0.25,0.25,wt_sds_1,1,7,5,1019.4,41.74447174447174,58.25552825552826
TS,C01,0.3,0.25,0.25,wt_sds_1,1,8,5,997.8,40.85995085995086,59.14004914004914
TS,C01,0.3,0.25,0.25,wt_sds_1,1,9,5,995.4,40.76167076167076,59.23832923832924
TS,C01,0.3,0.25,0.25,wt_sds_1,1,10,5,995.4,40.76167076167076,59.23832923832924
TS,C01,0.3,0.25,0.25,wt_sds_2,2,0,5,13089.0,100.0,0.0
TS,C01,0.3,0.25,0.25,wt_sds_2,2,1,5,7655.4,58.48727939491175,41.51272060508824
TS,C01,0.3,0.25,0.25,wt_sds_2,2,2,5,7020.6,53.637405454962185,46.362594545037815
TS,C01,0.3,0.25,0.25,wt_sds_2,2,3,5,6802.4,51.970356788142716,48.029643211857284
TS,C01,0.3,0.25,0.25,wt_sds_2,2,4,5,6693.0,51.13454045381618,48.86545954618382
TS,C01,0.3,0.25,0.25,wt_sds_2,2,5,5,6668.6,50.948124379249755,49.051875620750245
TS,C01,0.3,0.25,0.25,wt_sds_2,2,6,5,6527.6,49.87088394835358,50.12911605164642
TS,C01,0.3,0.25,0.25,wt_sds_2,2,7,5,6502.4,49.67835587134235,50.32164412865765
TS,C01,0.3,0.25,0.25,wt_sds_2,2,8,5,6502.4,49.67835587134235,50.32164412865765
TS,C01,0.3,0.25,0.25,wt_sds_2,2,9,5,6474.0,49.46137978455191,50.53862021544809
TS,C01,0.3,0.25,0.25,wt_sds_2,2,10,5,6450.8,49.284131713652684,50.715868286347316
TS,C01,0.3,0.25,0.25,wt_sds_3,3,0,5,5053.0,100.0,0.0
TS,C01,0.3,0.25,0.25,wt_sds_3,3,1,5,2807.2,55.555115772808236,44.444884227191764
TS,C01,0.3,0.25,0.25,wt_sds_3,3,2,5,2649.4,52.43221848406887,47.56778151593113
TS,C01,0.3,0.25,0.25,wt_sds_3,3,3,5,2621.4,51.87809222244211,48.12190777755789
TS,C01,0.3,0.25,0.25,wt_sds_3,3,4,5,2614.4,51.739560657035426,48.260439342964574
TS,C01,0.3,0.25,0.25,wt_sds_3,3,5,5,2599.0,51.434791213140706,48.565208786859294
TS,C01,0.3,0.25,0.25,wt_sds_3,3,6,5,2599.0,51.434791213140706,48.565208786859294
TS,C01,0.3,0.25,0.25,wt_sds_3,3,7,5,2599.0,51.434791213140706,48.565208786859294
TS,C01,0.3,0.25,0.25,wt_sds_3,3,8,5,2599.0,51.434791213140706,48.565208786859294
TS,C01,0.3,0.25,0.25,wt_sds_3,3,9,5,2529.0,50.04947555907382,49.95052444092618
TS,C01,0.3,0.25,0.25,wt_sds_3,3,10,5,2497.0,49.41618840292895,50.58381159707105
TS,C01,0.3,0.25,0.25,wt_sds_4,4,0,5,16155.0,100.0,0.0
TS,C01,0.3,0.25,0.25,wt_sds_4,4,1,5,9781.0,60.544722995976485,39.45527700402352
TS,C01,0.3,0.25,0.25,wt_sds_4,4,2,5,9781.0,60.544722995976485,39.45527700402352
TS,C01,0.3,0.25,0.25,wt_sds_4,4,3,5,9694.4,60.00866604766327,39.99133395233674
TS,C01,0.3,0.25,0.25,wt_sds_4,4,4,5,9669.2,59.852677189724545,40.147322810275455
TS,C01,0.3,0.25,0.25,wt_sds_4,4,5,5,9585.2,59.33271432992882,40.66728567007119
TS,C01,0.3,0.25,0.25,wt_sds_4,4,6,5,9585.2,59.33271432992882,40.66728567007119
TS,C01,0.3,0.25,0.25,wt_sds_4,4,7,5,9441.0,58.44011142061281,41.55988857938719
TS,C01,0.3,0.25,0.25,wt_sds_4,4,8,5,9362.8,57.956050758279176,42.04394924172083
TS,C01,0.3,0.25,0.25,wt_sds_4,4,9,5,9247.8,57.244196843082634,42.755803156917366
TS,C01,0.3,0.25,0.25,wt_sds_4,4,10,5,9189.0,56.880222841225624,43.11977715877437
TS,C01,0.3,0.25,0.25,wt_sds_5,5,0,5,10127.0,100.0,0.0
TS,C01,0.3,0.25,0.25,wt_sds_5,5,1,5,6428.8,63.48178137651822,36.518218623481786
TS,C01,0.3,0.25,0.25,wt_sds_5,5,2,5,6102.2,60.25673940949936,39.74326059050064
TS,C01,0.3,0.25,0.25,wt_sds_5,5,3,5,6058.2,59.82225733188507,40.17774266811494
TS,C01,0.3,0.25,0.25,wt_sds_5,5,4,5,6010.4,59.35025180211316,40.64974819788684
TS,C01,0.3,0.25,0.25,wt_sds_5,5,5,5,5987.8,59.127086007702175,40.87291399229782
TS,C01,0.3,0.25,0.25,wt_sds_5,5,6,5,5894.0,58.20084921496988,41.799150785030115
TS,C01,0.3,0.25,0.25,wt_sds_5,5,7,5,5727.4,56.55574207563937,43.44425792436063
TS,C01,0.3,0.25,0.25,wt_sds_5,5,8,5,5727.4,56.55574207563937,43.44425792436063
TS,C01,0.3,0.25,0.25,wt_sds_5,5,9,5,5727.4,56.55574207563937,43.44425792436063
TS,C01,0.3,0.25,0.25,wt_sds_5,5,10,5,5727.4,56.55574207563937,43.44425792436063
TS,C02,0.3,0.25,0.75,wt_sds_11,11,0,5,16772.0,100.0,0.0
TS,C02,0.3,0.25,0.75,wt_sds_11,11,1,5,8409.6,50.1407107083234,49.8592892916766
TS,C02,0.3,0.25,0.75,wt_sds_11,11,2,5,8297.2,49.47054614834248,50.52945385165752
TS,C02,0.3,0.25,0.75,wt_sds_11,11,3,5,7632.0,45.504412115430476,54.495587884569524
TS,C02,0.3,0.25,0.75,wt_sds_11,11,4,5,7534.4,44.922489864059145,55.07751013594086
TS,C02,0.3,0.25,0.75,wt_sds_11,11,5,5,7356.4,43.861197233484376,56.13880276651562
TS,C02,0.3,0.25,0.75,wt_sds_11,11,6,5,7061.8,42.10469830670165,57.89530169329836
TS,C02,0.3,0.25,0.75,wt_sds_11,11,7,5,6770.4,40.36727879799666,59.63272120200334
TS,C02,0.3,0.25,0.75,wt_sds_11,11,8,5,6641.2,39.59694729310756,60.40305270689244
TS,C02,0.3,0.25,0.75,wt_sds_11,11,9,5,6641.2,39.59694729310756,60.40305270689244
TS,C02,0.3,0.25,0.75,wt_sds_11,11,10,5,6641.2,39.59694729310756,60.40305270689244
TS,C02,0.3,0.25,0.75,wt_sds_12,12,0,5,751.0,100.0,0.0
TS,C02,0.3,0.25,0.75,wt_sds_12,12,1,5,0.0,0.0,100.0
TS,C02,0.3,0.25,0.75,wt_sds_12,12,2,5,0.0,0.0,100.0
TS,C02,0.3,0.25,0.75,wt_sds_12,12,3,5,0.0,0.0,100.0
TS,C02,0.3,0.25,0.75,wt_sds_12,12,4,5,0.0,0.0,100.0
TS,C02,0.3,0.25,0.75,wt_sds_12,12,5,5,0.0,0.0,100.0
TS,C02,0.3,0.25,0.75,wt_sds_12,12,6,5,0.0,0.0,100.0
TS,C02,0.3,0.25,0.75,wt_sds_12,12,7,5,0.0,0.0,100.0
TS,C02,0.3,0.25,0.75,wt_sds_12,12,8,5,0.0,0.0,100.0
TS,C02,0.3,0.25,0.75,wt_sds_12,12,9,5,0.0,0.0,100.0
TS,C02,0.3,0.25,0.75,wt_sds_12,12,10,5,0.0,0.0,100.0
TS,C02,0.3,0.25,0.75,wt_sds_13,13,0,5,11556.0,100.0,0.0
TS,C02,0.3,0.25,0.75,wt_sds_13,13,1,5,10245.6,88.66043613707166,11.33956386292835
TS,C02,0.3,0.25,0.75,wt_sds_13,13,2,5,10245.6,88.66043613707166,11.33956386292835
TS,C02,0.3,0.25,0.75,wt_sds_13,13,3,5,9931.0,85.9380408445829,14.0619591554171
TS,C02,0.3,0.25,0.75,wt_sds_13,13,4,5,9931.0,85.9380408445829,14.0619591554171
TS,C02,0.3,0.25,0.75,wt_sds_13,13,5,5,9931.0,85.9380408445829,14.0619591554171
TS,C02,0.3,0.25,0.75,wt_sds_13,13,6,5,9931.0,85.9380408445829,14.0619591554171
TS,C02,0.3,0.25,0.75,wt_sds_13,13,7,5,9931.0,85.9380408445829,14.0619591554171
TS,C02,0.3,0.25,0.75,wt_sds_13,13,8,5,9931.0,85.9380408445829,14.0619591554171
TS,C02,0.3,0.25,0.75,wt_sds_13,13,9,5,9931.0,85.9380408445829,14.0619591554171
TS,C02,0.3,0.25,0.75,wt_sds_13,13,10,5,9931.0,85.9380408445829,14.0619591554171
TS,C02,0.3,0.25,0.75,wt_sds_14,14,0,5,15307.0,100.0,0.0
TS,C02,0.3,0.25,0.75,wt_sds_14,14,1,5,7481.8,48.87829097798393,51.12170902201607
TS,C02,0.3,0.25,0.75,wt_sds_14,14,2,5,6523.6,42.61840987783367,57.38159012216632
TS,C02,0.3,0.25,0.75,wt_sds_14,14,3,5,6517.2,42.57659894166068,57.42340105833932
TS,C02,0.3,0.25,0.75,wt_sds_14,14,4,5,6169.4,40.3044358790096,59.6955641209904
TS,C02,0.3,0.25,0.75,wt_sds_14,14,5,5,6014.0,39.28921408505912,60.71078591494088
TS,C02,0.3,0.25,0.75,wt_sds_14,14,6,5,5776.0,37.734369896125955,62.265630103874045
TS,C02,0.3,0.25,0.75,wt_sds_14,14,7,5,5756.2,37.60501731234076,62.39498268765924
TS,C02,0.3,0.25,0.75,wt_sds_14,14,8,5,5756.2,37.60501731234076,62.39498268765924
TS,C02,0.3,0.25,0.75,wt_sds_14,14,9,5,5756.2,37.60501731234076,62.39498268765924
TS,C02,0.3,0.25,0.75,wt_sds_14,14,10,5,5756.2,37.60501731234076,62.39498268765924
TS,C02,0.3,0.25,0.75,wt_sds_15,15,0,5,7572.0,100.0,0.0
TS,C02,0.3,0.25,0.75,wt_sds_15,15,1,5,5234.6,69.13100898045431,30.868991019545696
TS,C02,0.3,0.25,0.75,wt_sds_15,15,2,5,4731.0,62.48019017432646,37.51980982567353
TS,C02,0.3,0.25,0.75,wt_sds_15,15,3,5,4628.8,61.130480718436345,38.869519281563655
TS,C02,0.3,0.25,0.75,wt_sds_15,15,4,5,4624.8,61.077654516640244,38.92234548335975
TS,C02,0.3,0.25,0.75,wt_sds_15,15,5,5,4624.8,61.077654516640244,38.92234548335975
TS,C02,0.3,0.25,0.75,wt_sds_15,15,6,5,4594.4,60.67617538298996,39.32382461701004
TS,C02,0.3,0.25,0.75,wt_sds_15,15,7,5,4594.4,60.67617538298996,39.32382461701004
TS,C02,0.3,0.25,0.75,wt_sds_15,15,8,5,4526.8,59.78341257263603,40.216587427363976
TS,C02,0.3,0.25,0.75,wt_sds_15,15,9,5,4510.8,59.57210776545166,40.42789223454834
TS,C02,0.3,0.25,0.75,wt_sds_15,15,10,5,4446.8,58.726888536714206,41.273111463285794
TS,C03,0.3,0.75,0.25,wt_sds_21,21,0,5,3736.0,100.0,0.0
TS,C03,0.3,0.75,0.25,wt_sds_21,21,1,5,0.0,0.0,100.0
TS,C03,0.3,0.75,0.25,wt_sds_21,21,2,5,0.0,0.0,100.0
TS,C03,0.3,0.75,0.25,wt_sds_21,21,3,5,0.0,0.0,100.0
TS,C03,0.3,0.75,0.25,wt_sds_21,21,4,5,0.0,0.0,100.0
TS,C03,0.3,0.75,0.25,wt_sds_21,21,5,5,0.0,0.0,100.0
TS,C03,0.3,0.75,0.25,wt_sds_21,21,6,5,0.0,0.0,100.0
TS,C03,0.3,0.75,0.25,wt_sds_21,21,7,5,0.0,0.0,100.0
TS,C03,0.3,0.75,0.25,wt_sds_21,21,8,5,0.0,0.0,100.0
TS,C03,0.3,0.75,0.25,wt_sds_21,21,9,5,0.0,0.0,100.0
TS,C03,0.3,0.75,0.25,wt_sds_21,21,10,5,0.0,0.0,100.0
TS,C03,0.3,0.75,0.25,wt_sds_22,22,0,5,1325.0,100.0,0.0
TS,C03,0.3,0.75,0.25,wt_sds_22,22,1,5,0.0,0.0,100.0
TS,C03,0.3,0.75,0.25,wt_sds_22,22,2,5,0.0,0.0,100.0
TS,C03,0.3,0.75,0.25,wt_sds_22,22,3,5,0.0,0.0,100.0
TS,C03,0.3,0.75,0.25,wt_sds_22,22,4,5,0.0,0.0,100.0
TS,C03,0.3,0.75,0.25,wt_sds_22,22,5,5,0.0,0.0,100.0
TS,C03,0.3,0.75,0.25,wt_sds_22,22,6,5,0.0,0.0,100.0
TS,C03,0.3,0.75,0.25,wt_sds_22,22,7,5,0.0,0.0,100.0
TS,C03,0.3,0.75,0.25,wt_sds_22,22,8,5,0.0,0.0,100.0
TS,C03,0.3,0.75,0.25,wt_sds_22,22,9,5,0.0,0.0,100.0
TS,C03,0.3,0.75,0.25,wt_sds_22,22,10,5,0.0,0.0,100.0
TS,C03,0.3,0.75,0.25,wt_sds_23,23,0,5,0.0,100.0,0.0
TS,C03,0.3,0.75,0.25,wt_sds_23,23,1,5,0.0,100.0,0.0
TS,C03,0.3,0.75,0.25,wt_sds_23,23,2,5,0.0,100.0,0.0
TS,C03,0.3,0.75,0.25,wt_sds_23,23,3,5,0.0,100.0,0.0
TS,C03,0.3,0.75,0.25,wt_sds_23,23,4,5,0.0,100.0,0.0
TS,C03,0.3,0.75,0.25,wt_sds_23,23,5,5,0.0,100.0,0.0
TS,C03,0.3,0.75,0.25,wt_sds_23,23,6,5,0.0,100.0,0.0
TS,C03,0.3,0.75,0.25,wt_sds_23,23,7,5,0.0,100.0,0.0
TS,C03,0.3,0.75,0.25,wt_sds_23,23,8,5,0.0,100.0,0.0
TS,C03,0.3,0.75,0.25,wt_sds_23,23,9,5,0.0,100.0,0.0
TS,C03,0.3,0.75,0.25,wt_sds_23,23,10,5,0.0,100.0,0.0
TS,C03,0.3,0.75,0.25,wt_sds_24,24,0,5,4871.0,100.0,0.0
TS,C03,0.3,0.75,0.25,wt_sds_24,24,1,5,2640.8,54.214740299733116,45.785259700266884
TS,C03,0.3,0.75,0.25,wt_sds_24,24,2,5,2473.4,50.77807431738863,49.22192568261137
TS,C03,0.3,0.75,0.25,wt_sds_24,24,3,5,2398.2,49.23424348183124,50.76575651816876
TS,C03,0.3,0.75,0.25,wt_sds_24,24,4,5,2155.2,44.245534797782796,55.754465202217204
TS,C03,0.3,0.75,0.25,wt_sds_24,24,5,5,2155.2,44.245534797782796,55.754465202217204
TS,C03,0.3,0.75,0.25,wt_sds_24,24,6,5,2155.2,44.245534797782796,55.754465202217204
TS,C03,0.3,0.75,0.25,wt_sds_24,24,7,5,2011.8,41.30158078423322,58.69841921576678
TS,C03,0.3,0.75,0.25,wt_sds_24,24,8,5,1838.4,37.74173680969,62.258263190310004
TS,C03,0.3,0.75,0.25,wt_sds_24,24,9,5,1838.4,37.74173680969,62.258263190310004
TS,C03,0.3,0.75,0.25,wt_sds_24,24,10,5,1838.4,37.74173680969,62.258263190310004
TS,C03,0.3,0.75,0.25,wt_sds_25,25,0,5,2696.0,100.0,0.0
TS,C03,0.3,0.75,0.25,wt_sds_25,25,1,5,16.8,0.6231454005934718,99.37685459940653
TS,C03,0.3,0.75,0.25,wt_sds_25,25,2,5,8.6,0.3189910979228487,99.68100890207715
TS,C03,0.3,0.75,0.25,wt_sds_25,25,3,5,2.2,0.08160237388724037,99.91839762611275
TS,C03,0.3,0.75,0.25,wt_sds_25,25,4,5,0.8,0.029673590504451043,99.97032640949554
TS,C03,0.3,0.75,0.25,wt_sds_25,25,5,5,0.2,0.007418397626112761,99.99258160237389
TS,C03,0.3,0.75,0.25,wt_sds_25,25,6,5,0.2,0.007418397626112761,99.99258160237389
TS,C03,0.3,0.75,0.25,wt_sds_25,25,7,5,0.2,0.007418397626112761,99.99258160237389
TS,C03,0.3,0.75,0.25,wt_sds_25,25,8,5,0.0,0.0,100.0
TS,C03,0.3,0.75,0.25,wt_sds_25,25,9,5,0.0,0.0,100.0
TS,C03,0.3,0.75,0.25,wt_sds_25,25,10,5,0.0,0.0,100.0
TS,C04,0.3,0.75,0.75,wt_sds_31,31,0,5,237.0,100.0,0.0
TS,C04,0.3,0.75,0.75,wt_sds_31,31,1,5,0.0,0.0,100.0
TS,C04,0.3,0.75,0.75,wt_sds_31,31,2,5,0.0,0.0,100.0
TS,C04,0.3,0.75,0.75,wt_sds_31,31,3,5,0.0,0.0,100.0
TS,C04,0.3,0.75,0.75,wt_sds_31,31,4,5,0.0,0.0,100.0
TS,C04,0.3,0.75,0.75,wt_sds_31,31,5,5,0.0,0.0,100.0
TS,C04,0.3,0.75,0.75,wt_sds_31,31,6,5,0.0,0.0,100.0
TS,C04,0.3,0.75,0.75,wt_sds_31,31,7,5,0.0,0.0,100.0
TS,C04,0.3,0.75,0.75,wt_sds_31,31,8,5,0.0,0.0,100.0
TS,C04,0.3,0.75,0.75,wt_sds_31,31,9,5,0.0,0.0,100.0
TS,C04,0.3,0.75,0.75,wt_sds_31,31,10,5,0.0,0.0,100.0
TS,C04,0.3,0.75,0.75,wt_sds_32,32,0,5,1595.0,100.0,0.0
TS,C04,0.3,0.75,0.75,wt_sds_32,32,1,5,0.0,0.0,100.0
TS,C04,0.3,0.75,0.75,wt_sds_32,32,2,5,0.0,0.0,100.0
TS,C04,0.3,0.75,0.75,wt_sds_32,32,3,5,0.0,0.0,100.0
TS,C04,0.3,0.75,0.75,wt_sds_32,32,4,5,0.0,0.0,100.0
TS,C04,0.3,0.75,0.75,wt_sds_32,32,5,5,0.0,0.0,100.0
TS,C04,0.3,0.75,0.75,wt_sds_32,32,6,5,0.0,0.0,100.0
TS,C04,0.3,0.75,0.75,wt_sds_32,32,7,5,0.0,0.0,100.0
TS,C04,0.3,0.75,0.75,wt_sds_32,32,8,5,0.0,0.0,100.0
TS,C04,0.3,0.75,0.75,wt_sds_32,32,9,5,0.0,0.0,100.0
TS,C04,0.3,0.75,0.75,wt_sds_32,32,10,5,0.0,0.0,100.0
TS,C04,0.3,0.75,0.75,wt_sds_33,33,0,5,541.0,100.0,0.0
TS,C04,0.3,0.75,0.75,wt_sds_33,33,1,5,0.0,0.0,100.0
TS,C04,0.3,0.75,0.75,wt_sds_33,33,2,5,0.0,0.0,100.0
TS,C04,0.3,0.75,0.75,wt_sds_33,33,3,5,0.0,0.0,100.0
TS,C04,0.3,0.75,0.75,wt_sds_33,33,4,5,0.0,0.0,100.0
TS,C04,0.3,0.75,0.75,wt_sds_33,33,5,5,0.0,0.0,100.0
TS,C04,0.3,0.75,0.75,wt_sds_33,33,6,5,0.0,0.0,100.0
TS,C04,0.3,0.75,0.75,wt_sds_33,33,7,5,0.0,0.0,100.0
TS,C04,0.3,0.75,0.75,wt_sds_33,33,8,5,0.0,0.0,100.0
TS,C04,0.3,0.75,0.75,wt_sds_33,33,9,5,0.0,0.0,100.0
TS,C04,0.3,0.75,0.75,wt_sds_33,33,10,5,0.0,0.0,100.0
TS,C04,0.3,0.75,0.75,wt_sds_34,34,0,5,0.0,100.0,0.0
TS,C04,0.3,0.75,0.75,wt_sds_34,34,1,5,0.0,100.0,0.0
TS,C04,0.3,0.75,0.75,wt_sds_34,34,2,5,0.0,100.0,0.0
TS,C04,0.3,0.75,0.75,wt_sds_34,34,3,5,0.0,100.0,0.0
TS,C04,0.3,0.75,0.75,wt_sds_34,34,4,5,0.0,100.0,0.0
TS,C04,0.3,0.75,0.75,wt_sds_34,34,5,5,0.0,100.0,0.0
TS,C04,0.3,0.75,0.75,wt_sds_34,34,6,5,0.0,100.0,0.0
TS,C04,0.3,0.75,0.75,wt_sds_34,34,7,5,0.0,100.0,0.0
TS,C04,0.3,0.75,0.75,wt_sds_34,34,8,5,0.0,100.0,0.0
TS,C04,0.3,0.75,0.75,wt_sds_34,34,9,5,0.0,100.0,0.0
TS,C04,0.3,0.75,0.75,wt_sds_34,34,10,5,0.0,100.0,0.0
TS,C04,0.3,0.75,0.75,wt_sds_35,35,0,5,0.0,100.0,0.0
TS,C04,0.3,0.75,0.75,wt_sds_35,35,1,5,0.0,100.0,0.0
TS,C04,0.3,0.75,0.75,wt_sds_35,35,2,5,0.0,100.0,0.0
TS,C04,0.3,0.75,0.75,wt_sds_35,35,3,5,0.0,100.0,0.0
TS,C04,0.3,0.75,0.75,wt_sds_35,35,4,5,0.0,100.0,0.0
TS,C04,0.3,0.75,0.75,wt_sds_35,35,5,5,0.0,100.0,0.0
TS,C04,0.3,0.75,0.75,wt_sds_35,35,6,5,0.0,100.0,0.0
TS,C04,0.3,0.75,0.75,wt_sds_35,35,7,5,0.0,100.0,0.0
TS,C04,0.3,0.75,0.75,wt_sds_35,35,8,5,0.0,100.0,0.0
TS,C04,0.3,0.75,0.75,wt_sds_35,35,9,5,0.0,100.0,0.0
TS,C04,0.3,0.75,0.75,wt_sds_35,35,10,5,0.0,100.0,0.0
TS,C05,0.9,0.25,0.25,wt_sds_81,81,0,5,404367.0,100.0,0.0
TS,C05,0.9,0.25,0.25,wt_sds_81,81,1,5,404229.0,99.96587258604188,0.034127413958114514
TS,C05,0.9,0.25,0.25,wt_sds_81,81,2,5,404151.0,99.94658317815251,0.05341682184748322
TS,C05,0.9,0.25,0.25,wt_sds_81,81,3,5,404107.2,99.93575143372234,0.06424856627766644
TS,C05,0.9,0.25,0.25,wt_sds_81,81,4,5,404107.2,99.93575143372234,0.06424856627766644
TS,C05,0.9,0.25,0.25,wt_sds_81,81,5,5,404072.4,99.92714539020247,0.07285460979753963
TS,C05,0.9,0.25,0.25,wt_sds_81,81,6,5,404072.4,99.92714539020247,0.07285460979753963
TS,C05,0.9,0.25,0.25,wt_sds_81,81,7,5,404037.6,99.91853934668259,0.08146065331741
TS,C05,0.9,0.25,0.25,wt_sds_81,81,8,5,404037.6,99.91853934668259,0.08146065331741
TS,C05,0.9,0.25,0.25,wt_sds_81,81,9,5,404037.6,99.91853934668259,0.08146065331741
TS,C05,0.9,0.25,0.25,wt_sds_81,81,10,5,404037.6,99.91853934668259,0.08146065331741
TS,C05,0.9,0.25,0.25,wt_sds_82,82,0,5,429017.0,100.0,0.0
TS,C05,0.9,0.25,0.25,wt_sds_82,82,1,5,426444.6,99.40039672087586,0.599603279124139
TS,C05,0.9,0.25,0.25,wt_sds_82,82,2,5,426419.0,99.39442959136818,0.6055704086318258
TS,C05,0.9,0.25,0.25,wt_sds_82,82,3,5,426160.2,99.3341056415014,0.6658943584986105
TS,C05,0.9,0.25,0.25,wt_sds_82,82,4,5,426160.2,99.3341056415014,0.6658943584986105
TS,C05,0.9,0.25,0.25,wt_sds_82,82,5,5,425784.0,99.24641680865793,0.753583191342068
TS,C05,0.9,0.25,0.25,wt_sds_82,82,6,5,425676.2,99.22128959924665,0.7787104007533514
TS,C05,0.9,0.25,0.25,wt_sds_82,82,7,5,425676.2,99.22128959924665,0.7787104007533514
TS,C05,0.9,0.25,0.25,wt_sds_82,82,8,5,425676.2,99.22128959924665,0.7787104007533514
TS,C05,0.9,0.25,0.25,wt_sds_82,82,9,5,425676.2,99.22128959924665,0.7787104007533514
TS,C05,0.9,0.25,0.25,wt_sds_82,82,10,5,425586.0,99.20026479137191,0.7997352086280956
TS,C05,0.9,0.25,0.25,wt_sds_83,83,0,5,480103.0,100.0,0.0
TS,C05,0.9,0.25,0.25,wt_sds_83,83,1,5,479963.0,99.97083959067116,0.029160409328832772
TS,C05,0.9,0.25,0.25,wt_sds_83,83,2,5,479954.2,99.96900665065621,0.030993349343785326
TS,C05,0.9,0.25,0.25,wt_sds_83,83,3,5,479907.2,99.95921708466724,0.04078291533275262
TS,C05,0.9,0.25,0.25,wt_sds_83,83,4,5,479869.2,99.95130211642086,0.04869788357914899
TS,C05,0.9,0.25,0.25,wt_sds_83,83,5,5,479869.2,99.95130211642086,0.04869788357914899
TS,C05,0.9,0.25,0.25,wt_sds_83,83,6,5,479857.8,99.94892762594694,0.051072374053066485
TS,C05,0.9,0.25,0.25,wt_sds_83,83,7,5,479849.2,99.9471363436596,0.05286365634040635
TS,C05,0.9,0.25,0.25,wt_sds_83,83,8,5,479849.2,99.9471363436596,0.05286365634040635
TS,C05,0.9,0.25,0.25,wt_sds_83,83,9,5,479839.4,99.94509511500658,0.054904884993422345
TS,C05,0.9,0.25,0.25,wt_sds_83,83,10,5,479826.4,99.94238736271176,0.05761263728824133
TS,C05,0.9,0.25,0.25,wt_sds_84,84,0,5,340970.0,100.0,0.0
TS,C05,0.9,0.25,0.25,wt_sds_84,84,1,5,340589.2,99.8883186204065,0.11168137959350588
TS,C05,0.9,0.25,0.25,wt_sds_84,84,2,5,340583.4,99.88661759099041,0.11338240900958851
TS,C05,0.9,0.25,0.25,wt_sds_84,84,3,5,340583.4,99.88661759099041,0.11338240900958851
TS,C05,0.9,0.25,0.25,wt_sds_84,84,4,5,340583.4,99.88661759099041,0.11338240900958851
TS,C05,0.9,0.25,0.25,wt_sds_84,84,5,5,340583.4,99.88661759099041,0.11338240900958851
TS,C05,0.9,0.25,0.25,wt_sds_84,84,6,5,340583.2,99.88655893480366,0.1134410651963492
TS,C05,0.9,0.25,0.25,wt_sds_84,84,7,5,340583.2,99.88655893480366,0.1134410651963492
TS,C05,0.9,0.25,0.25,wt_sds_84,84,8,5,340583.2,99.88655893480366,0.1134410651963492
TS,C05,0.9,0.25,0.25,wt_sds_84,84,9,5,340583.2,99.88655893480366,0.1134410651963492
TS,C05,0.9,0.25,0.25,wt_sds_84,84,10,5,340583.2,99.88655893480366,0.1134410651963492
TS,C05,0.9,0.25,0.25,wt_sds_85,85,0,5,574751.0,100.0,0.0
TS,C05,0.9,0.25,0.25,wt_sds_85,85,1,5,573538.0,99.78895208533783,0.21104791466217704
TS,C05,0.9,0.25,0.25,wt_sds_85,85,2,5,573396.8,99.76438492495011,0.23561507504989265
TS,C05,0.9,0.25,0.25,wt_sds_85,85,3,5,573336.6,99.7539108239916,0.24608917600839675
TS,C05,0.9,0.25,0.25,wt_sds_85,85,4,5,573305.0,99.74841279093033,0.2515872090696689
TS,C05,0.9,0.25,0.25,wt_sds_85,85,5,5,573272.2,99.74270597180343,0.25729402819656
TS,C05,0.9,0.25,0.25,wt_sds_85,85,6,5,573266.0,99.74162724379775,0.2583727562022517
TS,C05,0.9,0.25,0.25,wt_sds_85,85,7,5,573266.0,99.74162724379775,0.2583727562022517
TS,C05,0.9,0.25,0.25,wt_sds_85,85,8,5,573251.4,99.73908701333274,0.26091298666727025
TS,C05,0.9,0.25,0.25,wt_sds_85,85,9,5,573234.2,99.73609441305886,0.2639055869411294
TS,C05,0.9,0.25,0.25,wt_sds_85,85,10,5,573219.2,99.73348458723865,0.2665154127613533
TS,C06,0.9,0.25,0.75,wt_sds_91,91,0,5,356272.0,100.0,0.0
TS,C06,0.9,0.25,0.75,wt_sds_91,91,1,5,356226.2,99.98714465352315,0.012855346476848694
TS,C06,0.9,0.25,0.75,wt_sds_91,91,2,5,356054.6,99.9389792068981,0.06102079310190049
TS,C06,0.9,0.25,0.75,wt_sds_91,91,3,5,355880.2,99.89002784389456,0.109972156105448
TS,C06,0.9,0.25,0.75,wt_sds_91,91,4,5,355807.8,99.86970629182198,0.1302937081780186
TS,C06,0.9,0.25,0.75,wt_sds_91,91,5,5,355778.8,99.86156644361611,0.1384335563838846
TS,C06,0.9,0.25,0.75,wt_sds_91,91,6,5,355778.8,99.86156644361611,0.1384335563838846
TS,C06,0.9,0.25,0.75,wt_sds_91,91,7,5,355762.2,99.8569070822293,0.14309291777069005
TS,C06,0.9,0.25,0.75,wt_sds_91,91,8,5,355762.2,99.8569070822293,0.14309291777069005
TS,C06,0.9,0.25,0.75,wt_sds_91,91,9,5,355762.2,99.8569070822293,0.14309291777069005
TS,C06,0.9,0.25,0.75,wt_sds_91,91,10,5,355762.2,99.8569070822293,0.14309291777069005
TS,C06,0.9,0.25,0.75,wt_sds_92,92,0,5,390582.0,100.0,0.0
TS,C06,0.9,0.25,0.75,wt_sds_92,92,1,5,390582.0,100.0,0.0
TS,C06,0.9,0.25,0.75,wt_sds_92,92,2,5,390567.8,99.99636439979312,0.003635600206871459
TS,C06,0.9,0.25,0.75,wt_sds_92,92,3,5,390567.8,99.99636439979312,0.003635600206871459
TS,C06,0.9,0.25,0.75,wt_sds_92,92,4,5,390567.8,99.99636439979312,0.003635600206871459
TS,C06,0.9,0.25,0.75,wt_sds_92,92,5,5,390567.8,99.99636439979312,0.003635600206871459
TS,C06,0.9,0.25,0.75,wt_sds_92,92,6,5,390567.8,99.99636439979312,0.003635600206871459
TS,C06,0.9,0.25,0.75,wt_sds_92,92,7,5,390567.8,99.99636439979312,0.003635600206871459
TS,C06,0.9,0.25,0.75,wt_sds_92,92,8,5,390567.8,99.99636439979312,0.003635600206871459
TS,C06,0.9,0.25,0.75,wt_sds_92,92,9,5,390567.8,99.99636439979312,0.003635600206871459
TS,C06,0.9,0.25,0.75,wt_sds_92,92,10,5,390567.8,99.99636439979312,0.003635600206871459
TS,C06,0.9,0.25,0.75,wt_sds_93,93,0,5,431927.0,100.0,0.0
TS,C06,0.9,0.25,0.75,wt_sds_93,93,1,5,431654.2,99.93684117918075,0.0631588208192511
TS,C06,0.9,0.25,0.75,wt_sds_93,93,2,5,431346.2,99.86553283309448,0.13446716690551455
TS,C06,0.9,0.25,0.75,wt_sds_93,93,3,5,431326.4,99.8609487251318,0.13905127486820276
TS,C06,0.9,0.25,0.75,wt_sds_93,93,4,5,431326.4,99.8609487251318,0.13905127486820276
TS,C06,0.9,0.25,0.75,wt_sds_93,93,5,5,431132.4,99.81603372792162,0.18396627207837923
TS,C06,0.9,0.25,0.75,wt_sds_93,93,6,5,431045.6,99.79593773947913,0.20406226052087106
TS,C06,0.9,0.25,0.75,wt_sds_93,93,7,5,431001.4,99.78570452877454,0.2142954712254607
TS,C06,0.9,0.25,0.75,wt_sds_93,93,8,5,430927.2,99.76852569994466,0.2314743000553335
TS,C06,0.9,0.25,0.75,wt_sds_93,93,9,5,430927.2,99.76852569994466,0.2314743000553335
TS,C06,0.9,0.25,0.75,wt_sds_93,93,10,5,430927.2,99.76852569994466,0.2314743000553335
TS,C06,0.9,0.25,0.75,wt_sds_94,94,0,5,357721.0,100.0,0.0
TS,C06,0.9,0.25,0.75,wt_sds_94,94,1,5,357473.0,99.93067222779764,0.06932777220235949
TS,C06,0.9,0.25,0.75,wt_sds_94,94,2,5,357473.0,99.93067222779764,0.06932777220235949
TS,C06,0.9,0.25,0.75,wt_sds_94,94,3,5,357379.2,99.9044506752469,0.09554932475309101
TS,C06,0.9,0.25,0.75,wt_sds_94,94,4,5,357379.2,99.9044506752469,0.09554932475309101
TS,C06,0.9,0.25,0.75,wt_sds_94,94,5,5,357379.2,99.9044506752469,0.09554932475309101
TS,C06,0.9,0.25,0.75,wt_sds_94,94,6,5,357314.2,99.88628008979065,0.11371991020935468
TS,C06,0.9,0.25,0.75,wt_sds_94,94,7,5,357314.2,99.88628008979065,0.11371991020935468
TS,C06,0.9,0.25,0.75,wt_sds_94,94,8,5,357314.2,99.88628008979065,0.11371991020935468
TS,C06,0.9,0.25,0.75,wt_sds_94,94,9,5,357314.2,99.88628008979065,0.11371991020935468
TS,C06,0.9,0.25,0.75,wt_sds_94,94,10,5,357314.2,99.88628008979065,0.11371991020935468
TS,C06,0.9,0.25,0.75,wt_sds_95,95,0,5,569806.0,100.0,0.0
TS,C06,0.9,0.25,0.75,wt_sds_95,95,1,5,567442.4,99.58519215311878,0.4148078468812173
TS,C06,0.9,0.25,0.75,wt_sds_95,95,2,5,567205.4,99.54359904950107,0.45640095049894003
TS,C06,0.9,0.25,0.75,wt_sds_95,95,3,5,567186.4,99.54026458127854,0.4597354187214592
TS,C06,0.9,0.25,0.75,wt_sds_95,95,4,5,567108.6,99.52661081139897,0.47338918860103263
TS,C06,0.9,0.25,0.75,wt_sds_95,95,5,5,567108.6,99.52661081139897,0.47338918860103263
TS,C06,0.9,0.25,0.75,wt_sds_95,95,6,5,567108.6,99.52661081139897,0.47338918860103263
TS,C06,0.9,0.25,0.75,wt_sds_95,95,7,5,566946.2,99.4981098830128,0.5018901169871868
TS,C06,0.9,0.25,0.75,wt_sds_95,95,8,5,566946.2,99.4981098830128,0.5018901169871868
TS,C06,0.9,0.25,0.75,wt_sds_95,95,9,5,566946.2,99.4981098830128,0.5018901169871868
TS,C06,0.9,0.25,0.75,wt_sds_95,95,10,5,566946.2,99.4981098830128,0.5018901169871868
TS,C07,0.9,0.75,0.25,wt_sds_101,101,0,5,362875.0,100.0,0.0
TS,C07,0.9,0.75,0.25,wt_sds_101,101,1,5,360563.4,99.36297623148468,0.6370237685153285
TS,C07,0.9,0.75,0.25,wt_sds_101,101,2,5,360555.8,99.36088184636583,0.6391181536341719
TS,C07,0.9,0.75,0.25,wt_sds_101,101,3,5,360425.8,99.32505683775405,0.6749431622459525
TS,C07,0.9,0.75,0.25,wt_sds_101,101,4,5,360373.0,99.31050637271787,0.689493627282124
TS,C07,0.9,0.75,0.25,wt_sds_101,101,5,5,360324.2,99.297058215639,0.7029417843610105
TS,C07,0.9,0.75,0.25,wt_sds_101,101,6,5,360240.6,99.27401997933171,0.7259800206682797
TS,C07,0.9,0.75,0.25,wt_sds_101,101,7,5,360151.4,99.24943851188425,0.7505614881157442
TS,C07,0.9,0.75,0.25,wt_sds_101,101,8,5,360151.4,99.24943851188425,0.7505614881157442
TS,C07,0.9,0.75,0.25,wt_sds_101,101,9,5,360098.6,99.23488804684808,0.7651119531519157
TS,C07,0.9,0.75,0.25,wt_sds_101,101,10,5,360044.2,99.219896658629,0.7801033413710001
TS,C07,0.9,0.75,0.25,wt_sds_102,102,0,5,498978.0,100.0,0.0
TS,C07,0.9,0.75,0.25,wt_sds_102,102,1,5,498857.4,99.97583059774179,0.024169402258212357
TS,C07,0.9,0.75,0.25,wt_sds_102,102,2,5,498801.8,99.96468782190797,0.03531217809201905
TS,C07,0.9,0.75,0.25,wt_sds_102,102,3,5,498781.4,99.96059946530708,0.03940053469291342
TS,C07,0.9,0.75,0.25,wt_sds_102,102,4,5,498762.2,99.95675160027096,0.04324839972904613
TS,C07,0.9,0.75,0.25,wt_sds_102,102,5,5,498757.2,99.95574955208446,0.04425044791554171
TS,C07,0.9,0.75,0.25,wt_sds_102,102,6,5,498746.2,99.95354504607417,0.04645495392582859
TS,C07,0.9,0.75,0.25,wt_sds_102,102,7,5,498746.2,99.95354504607417,0.04645495392582859
TS,C07,0.9,0.75,0.25,wt_sds_102,102,8,5,498746.2,99.95354504607417,0.04645495392582859
TS,C07,0.9,0.75,0.25,wt_sds_102,102,9,5,498746.2,99.95354504607417,0.04645495392582859
TS,C07,0.9,0.75,0.25,wt_sds_102,102,10,5,498746.2,99.95354504607417,0.04645495392582859
TS,C07,0.9,0.75,0.25,wt_sds_103,103,0,5,399977.0,100.0,0.0
TS,C07,0.9,0.75,0.25,wt_sds_103,103,1,5,394623.2,98.6614730346995,1.3385269653005054
TS,C07,0.9,0.75,0.25,wt_sds_103,103,2,5,394561.6,98.64607214914858,1.353927850851423
TS,C07,0.9,0.75,0.25,wt_sds_103,103,3,5,394507.6,98.63257137285395,1.3674286271460574
TS,C07,0.9,0.75,0.25,wt_sds_103,103,4,5,394507.6,98.63257137285395,1.3674286271460574
TS,C07,0.9,0.75,0.25,wt_sds_103,103,5,5,394507.6,98.63257137285395,1.3674286271460574
TS,C07,0.9,0.75,0.25,wt_sds_103,103,6,5,394507.6,98.63257137285395,1.3674286271460574
TS,C07,0.9,0.75,0.25,wt_sds_103,103,7,5,394507.6,98.63257137285395,1.3674286271460574
TS,C07,0.9,0.75,0.25,wt_sds_103,103,8,5,394507.6,98.63257137285395,1.3674286271460574
TS,C07,0.9,0.75,0.25,wt_sds_103,103,9,5,394507.6,98.63257137285395,1.3674286271460574
TS,C07,0.9,0.75,0.25,wt_sds_103,103,10,5,394507.6,98.63257137285395,1.3674286271460574
TS,C07,0.9,0.75,0.25,wt_sds_104,104,0,5,370253.0,100.0,0.0
TS,C07,0.9,0.75,0.25,wt_sds_104,104,1,5,368536.6,99.536425093112,0.4635749068879932
TS,C07,0.9,0.75,0.25,wt_sds_104,104,2,5,368385.0,99.4954801176493,0.504519882350715
TS,C07,0.9,0.75,0.25,wt_sds_104,104,3,5,368305.6,99.47403532179348,0.5259646782065233
TS,C07,0.9,0.75,0.25,wt_sds_104,104,4,5,368225.4,99.45237445746557,0.5476255425344277
TS,C07,0.9,0.75,0.25,wt_sds_104,104,5,5,368225.4,99.45237445746557,0.5476255425344277
TS,C07,0.9,0.75,0.25,wt_sds_104,104,6,5,368225.4,99.45237445746557,0.5476255425344277
TS,C07,0.9,0.75,0.25,wt_sds_104,104,7,5,368225.4,99.45237445746557,0.5476255425344277
TS,C07,0.9,0.75,0.25,wt_sds_104,104,8,5,368225.4,99.45237445746557,0.5476255425344277
TS,C07,0.9,0.75,0.25,wt_sds_104,104,9,5,368179.4,99.4399505203199,0.5600494796801087
TS,C07,0.9,0.75,0.25,wt_sds_104,104,10,5,368110.4,99.42131461460137,0.5786853853986316
TS,C07,0.9,0.75,0.25,wt_sds_105,105,0,5,465059.0,100.0,0.0
TS,C07,0.9,0.75,0.25,wt_sds_105,105,1,5,464976.2,99.98219580741367,0.0178041925863198
TS,C07,0.9,0.75,0.25,wt_sds_105,105,2,5,464956.2,99.97789527780347,0.02210472219654207
TS,C07,0.9,0.75,0.25,wt_sds_105,105,3,5,464949.2,99.97639009243987,0.02360990756012029
TS,C07,0.9,0.75,0.25,wt_sds_105,105,4,5,464936.2,99.97359474819324,0.02640525180676434
TS,C07,0.9,0.75,0.25,wt_sds_105,105,5,5,464917.6,99.96959525565573,0.03040474434426983
TS,C07,0.9,0.75,0.25,wt_sds_105,105,6,5,464892.0,99.96409057775465,0.035909422245356384
TS,C07,0.9,0.75,0.25,wt_sds_105,105,7,5,464870.0,99.9593599951834,0.04064000481660059
TS,C07,0.9,0.75,0.25,wt_sds_105,105,8,5,464870.0,99.9593599951834,0.04064000481660059
TS,C07,0.9,0.75,0.25,wt_sds_105,105,9,5,464870.0,99.9593599951834,0.04064000481660059
TS,C07,0.9,0.75,0.25,wt_sds_105,105,10,5,464870.0,99.9593599951834,0.04064000481660059
TS,C08,0.9,0.75,0.75,wt_sds_111,111,0,5,365649.0,100.0,0.0
TS,C08,0.9,0.75,0.75,wt_sds_111,111,1,5,364796.8,99.76693495674814,0.23306504325186098
TS,C08,0.9,0.75,0.75,wt_sds_111,111,2,5,364680.0,99.7349917543874,0.26500824561259717
TS,C08,0.9,0.75,0.75,wt_sds_111,111,3,5,364655.0,99.72815459634788,0.27184540365213367
TS,C08,0.9,0.75,0.75,wt_sds_111,111,4,5,364637.2,99.72328653982372,0.2767134601762848
TS,C08,0.9,0.75,0.75,wt_sds_111,111,5,5,364637.2,99.72328653982372,0.2767134601762848
TS,C08,0.9,0.75,0.75,wt_sds_111,111,6,5,364637.2,99.72328653982372,0.2767134601762848
TS,C08,0.9,0.75,0.75,wt_sds_111,111,7,5,364631.2,99.72164562189423,0.2783543781057773
TS,C08,0.9,0.75,0.75,wt_sds_111,111,8,5,364631.2,99.72164562189423,0.2783543781057773
TS,C08,0.9,0.75,0.75,wt_sds_111,111,9,5,364631.2,99.72164562189423,0.2783543781057773
TS,C08,0.9,0.75,0.75,wt_sds_111,111,10,5,364596.6,99.7121829951675,0.2878170048325018
TS,C08,0.9,0.75,0.75,wt_sds_112,112,0,5,402909.0,100.0,0.0
TS,C08,0.9,0.75,0.75,wt_sds_112,112,1,5,397347.6,98.61968831671668,1.380311683283324
TS,C08,0.9,0.75,0.75,wt_sds_112,112,2,5,397291.0,98.60564047961202,1.3943595203879824
TS,C08,0.9,0.75,0.75,wt_sds_112,112,3,5,397291.0,98.60564047961202,1.3943595203879824
TS,C08,0.9,0.75,0.75,wt_sds_112,112,4,5,397181.4,98.57843830740936,1.4215616925906347
TS,C08,0.9,0.75,0.75,wt_sds_112,112,5,5,397112.6,98.56136249128215,1.4386375087178493
TS,C08,0.9,0.75,0.75,wt_sds_112,112,6,5,397094.2,98.55679570324813,1.4432042967518697
TS,C08,0.9,0.75,0.75,wt_sds_112,112,7,5,397025.8,98.53981916512166,1.4601808348783436
TS,C08,0.9,0.75,0.75,wt_sds_112,112,8,5,397025.8,98.53981916512166,1.4601808348783436
TS,C08,0.9,0.75,0.75,wt_sds_112,112,9,5,396928.8,98.51574424994229,1.4842557500577045
TS,C08,0.9,0.75,0.75,wt_sds_112,112,10,5,396928.8,98.51574424994229,1.4842557500577045
TS,C08,0.9,0.75,0.75,wt_sds_113,113,0,5,269459.0,100.0,0.0
TS,C08,0.9,0.75,0.75,wt_sds_113,113,1,5,267532.2,99.28493759718548,0.7150624028145245
TS,C08,0.9,0.75,0.75,wt_sds_113,113,2,5,267532.2,99.28493759718548,0.7150624028145245
TS,C08,0.9,0.75,0.75,wt_sds_113,113,3,5,267532.2,99.28493759718548,0.7150624028145245
TS,C08,0.9,0.75,0.75,wt_sds_113,113,4,5,267532.2,99.28493759718548,0.7150624028145245
TS,C08,0.9,0.75,0.75,wt_sds_113,113,5,5,267532.2,99.28493759718548,0.7150624028145245
TS,C08,0.9,0.75,0.75,wt_sds_113,113,6,5,267532.2,99.28493759718548,0.7150624028145245
TS,C08,0.9,0.75,0.75,wt_sds_113,113,7,5,267532.2,99.28493759718548,0.7150624028145245
TS,C08,0.9,0.75,0.75,wt_sds_113,113,8,5,267532.2,99.28493759718548,0.7150624028145245
TS,C08,0.9,0.75,0.75,wt_sds_113,113,9,5,267532.2,99.28493759718548,0.7150624028145245
TS,C08,0.9,0.75,0.75,wt_sds_113,113,10,5,267532.2,99.28493759718548,0.7150624028145245
TS,C08,0.9,0.75,0.75,wt_sds_114,114,0,5,494861.0,100.0,0.0
TS,C08,0.9,0.75,0.75,wt_sds_114,114,1,5,494861.0,100.0,0.0
TS,C08,0.9,0.75,0.75,wt_sds_114,114,2,5,494861.0,100.0,0.0
TS,C08,0.9,0.75,0.75,wt_sds_114,114,3,5,494861.0,100.0,0.0
TS,C08,0.9,0.75,0.75,wt_sds_114,114,4,5,494861.0,100.0,0.0
TS,C08,0.9,0.75,0.75,wt_sds_114,114,5,5,494861.0,100.0,0.0
TS,C08,0.9,0.75,0.75,wt_sds_114,114,6,5,494861.0,100.0,0.0
TS,C08,0.9,0.75,0.75,wt_sds_114,114,7,5,494861.0,100.0,0.0
TS,C08,0.9,0.75,0.75,wt_sds_114,114,8,5,494861.0,100.0,0.0
TS,C08,0.9,0.75,0.75,wt_sds_114,114,9,5,494858.6,99.99951501532753,0.00048498467246531617
TS,C08,0.9,0.75,0.75,wt_sds_114,114,10,5,494858.6,99.99951501532753,0.00048498467246531617
TS,C08,0.9,0.75,0.75,wt_sds_115,115,0,5,493200.0,100.0,0.0
TS,C08,0.9,0.75,0.75,wt_sds_115,115,1,5,493167.4,99.9933901054339,0.0066098945660996835
TS,C08,0.9,0.75,0.75,wt_sds_115,115,2,5,493141.4,99.98811841038119,0.011881589618818111
TS,C08,0.9,0.75,0.75,wt_sds_115,115,3,5,493075.0,99.97465531224654,0.025344687753448624
TS,C08,0.9,0.75,0.75,wt_sds_115,115,4,5,493075.0,99.97465531224654,0.025344687753448624
TS,C08,0.9,0.75,0.75,wt_sds_115,115,5,5,493075.0,99.97465531224654,0.025344687753448624
TS,C08,0.9,0.75,0.75,wt_sds_115,115,6,5,493066.4,99.97291159772911,0.027088402270885582
TS,C08,0.9,0.75,0.75,wt_sds_115,115,7,5,492985.6,99.95652879156529,0.0434712084347126
TS,C08,0.9,0.75,0.75,wt_sds_115,115,8,5,492975.0,99.9543795620438,0.045620437956205254
TS,C08,0.9,0.75,0.75,wt_sds_115,115,9,5,492904.8,99.94014598540146,0.059854014598539604
TS,C08,0.9,0.75,0.75,wt_sds_115,115,10,5,492904.8,99.94014598540146,0.059854014598539604
