algorithm,instance,tau,R,eta,seed,elapsed_sec,best_twt
SA,wt_sds_1,0.3,0.25,0.25,0,0,2442
SA,wt_sds_1,0.3,0.25,0.25,0,1,2442
SA,wt_sds_1,0.3,0.25,0.25,0,2,2442
SA,wt_sds_1,0.3,0.25,0.25,0,3,2442
SA,wt_sds_1,0.3,0.25,0.25,0,4,2442
SA,wt_sds_1,0.3,0.25,0.25,0,5,2442
SA,wt_sds_1,0.3,0.25,0.25,0,6,1544
SA,wt_sds_1,0.3,0.25,0.25,0,7,847
SA,wt_sds_1,0.3,0.25,0.25,0,8,847
SA,wt_sds_1,0.3,0.25,0.25,0,9,847
SA,wt_sds_1,0.3,0.25,0.25,0,10,847
SA,wt_sds_1,0.3,0.25,0.25,1,0,2442
SA,wt_sds_1,0.3,0.25,0.25,1,1,2442
SA,wt_sds_1,0.3,0.25,0.25,1,2,2442
SA,wt_sds_1,0.3,0.25,0.25,1,3,2442
SA,wt_sds_1,0.3,0.25,0.25,1,4,2442
SA,wt_sds_1,0.3,0.25,0.25,1,5,1660
SA,wt_sds_1,0.3,0.25,0.25,1,6,994
SA,wt_sds_1,0.3,0.25,0.25,1,7,994
SA,wt_sds_1,0.3,0.25,0.25,1,8,930
SA,wt_sds_1,0.3,0.25,0.25,1,9,926
SA,wt_sds_1,0.3,0.25,0.25,1,10,926
SA,wt_sds_1,0.3,0.25,0.25,2,0,2442
SA,wt_sds_1,0.3,0.25,0.25,2,1,2442
SA,wt_sds_1,0.3,0.25,0.25,2,2,2442
SA,wt_sds_1,0.3,0.25,0.25,2,3,2442
SA,wt_sds_1,0.3,0.25,0.25,2,4,2442
SA,wt_sds_1,0.3,0.25,0.25,2,5,1710
SA,wt_sds_1,0.3,0.25,0.25,2,6,1098
SA,wt_sds_1,0.3,0.25,0.25,2,7,946
SA,wt_sds_1,0.3,0.25,0.25,2,8,946
SA,wt_sds_1,0.3,0.25,0.25,2,9,946
SA,wt_sds_1,0.3,0.25,0.25,2,10,946
SA,wt_sds_1,0.3,0.25,0.25,3,0,2442
SA,wt_sds_1,0.3,0.25,0.25,3,1,2442
SA,wt_sds_1,0.3,0.25,0.25,3,2,2442
SA,wt_sds_1,0.3,0.25,0.25,3,3,2442
SA,wt_sds_1,0.3,0.25,0.25,3,4,2442
SA,wt_sds_1,0.3,0.25,0.25,3,5,2171
SA,wt_sds_1,0.3,0.25,0.25,3,6,1042
SA,wt_sds_1,0.3,0.25,0.25,3,7,986
SA,wt_sds_1,0.3,0.25,0.25,3,8,862
SA,wt_sds_1,0.3,0.25,0.25,3,9,858
SA,wt_sds_1,0.3,0.25,0.25,3,10,858
SA,wt_sds_1,0.3,0.25,0.25,4,0,2442
SA,wt_sds_1,0.3,0.25,0.25,4,1,2442
SA,wt_sds_1,0.3,0.25,0.25,4,2,2442
SA,wt_sds_1,0.3,0.25,0.25,4,3,2442
SA,wt_sds_1,0.3,0.25,0.25,4,4,2442
SA,wt_sds_1,0.3,0.25,0.25,4,5,2136
SA,wt_sds_1,0.3,0.25,0.25,4,6,1796
SA,wt_sds_1,0.3,0.25,0.25,4,7,970
SA,wt_sds_1,0.3,0.25,0.25,4,8,882
SA,wt_sds_1,0.3,0.25,0.25,4,9,882
SA,wt_sds_1,0.3,0.25,0.25,4,10,882
SA,wt_sds_2,0.3,0.25,0.25,0,0,13089
SA,wt_sds_2,0.3,0.25,0.25,0,1,13089
SA,wt_sds_2,0.3,0.25,0.25,0,2,13089
SA,wt_sds_2,0.3,0.25,0.25,0,3,13089
SA,wt_sds_2,0.3,0.25,0.25,0,4,13089
SA,wt_sds_2,0.3,0.25,0.25,0,5,8544
SA,wt_sds_2,0.3,0.25,0.25,0,6,6117
SA,wt_sds_2,0.3,0.25,0.25,0,7,5922
SA,wt_sds_2,0.3,0.25,0.25,0,8,5922
SA,wt_sds_2,0.3,0.25,0.25,0,9,5922
SA,wt_sds_2,0.3,0.25,0.25,0,10,5922
SA,wt_sds_2,0.3,0.25,0.25,1,0,13089
SA,wt_sds_2,0.3,0.25,0.25,1,1,13089
SA,wt_sds_2,0.3,0.25,0.25,1,2,13089
SA,wt_sds_2,0.3,0.25,0.25,1,3,13089
SA,wt_sds_2,0.3,0.25,0.25,1,4,10740
SA,wt_sds_2,0.3,0.25,0.25,1,5,7796
SA,wt_sds_2,0.3,0.25,0.25,1,6,6207
SA,wt_sds_2,0.3,0.25,0.25,1,7,6042
SA,wt_sds_2,0.3,0.25,0.25,1,8,5997
SA,wt_sds_2,0.3,0.25,0.25,1,9,5997
SA,wt_sds_2,0.3,0.25,0.25,1,10,5997
SA,wt_sds_2,0.3,0.25,0.25,2,0,13089
SA,wt_sds_2,0.3,0.25,0.25,2,1,10641
SA,wt_sds_2,0.3,0.25,0.25,2,2,10641
SA,wt_sds_2,0.3,0.25,0.25,2,3,10641
SA,wt_sds_2,0.3,0.25,0.25,2,4,10641
SA,wt_sds_2,0.3,0.25,0.25,2,5,7987
SA,wt_sds_2,0.3,0.25,0.25,2,6,6297
SA,wt_sds_2,0.3,0.25,0.25,2,7,5952
SA,wt_sds_2,0.3,0.25,0.25,2,8,5952
SA,wt_sds_2,0.3,0.25,0.25,2,9,5952
SA,wt_sds_2,0.3,0.25,0.25,2,10,5952
SA,wt_sds_2,0.3,0.25,0.25,3,0,13089
SA,wt_sds_2,0.3,0.25,0.25,3,1,13089
SA,wt_sds_2,0.3,0.25,0.25,3,2,13089
SA,wt_sds_2,0.3,0.25,0.25,3,3,13089
SA,wt_sds_2,0.3,0.25,0.25,3,4,13089
SA,wt_sds_2,0.3,0.25,0.25,3,5,11837
SA,wt_sds_2,0.3,0.25,0.25,3,6,8904
SA,wt_sds_2,0.3,0.25,0.25,3,7,7037
SA,wt_sds_2,0.3,0.25,0.25,3,8,7037
SA,wt_sds_2,0.3,0.25,0.25,3,9,7037
SA,wt_sds_2,0.3,0.25,0.25,3,10,7037
SA,wt_sds_2,0.3,0.25,0.25,4,0,13089
SA,wt_sds_2,0.3,0.25,0.25,4,1,12451
SA,wt_sds_2,0.3,0.25,0.25,4,2,12451
SA,wt_sds_2,0.3,0.25,0.25,4,3,12451
SA,wt_sds_2,0.3,0.25,0.25,4,4,12451
SA,wt_sds_2,0.3,0.25,0.25,4,5,8834
SA,wt_sds_2,0.3,0.25,0.25,4,6,6957
SA,wt_sds_2,0.3,0.25,0.25,4,7,5802
SA,wt_sds_2,0.3,0.25,0.25,4,8,5802
SA,wt_sds_2,0.3,0.25,0.25,4,9,5802
SA,wt_sds_2,0.3,0.25,0.25,4,10,5802
SA,wt_sds_3,0.3,0.25,0.25,0,0,5053
SA,wt_sds_3,0.3,0.25,0.25,0,1,5053
SA,wt_sds_3,0.3,0.25,0.25,0,2,5053
SA,wt_sds_3,0.3,0.25,0.25,0,3,5053
SA,wt_sds_3,0.3,0.25,0.25,0,4,5053
SA,wt_sds_3,0.3,0.25,0.25,0,5,3002
SA,wt_sds_3,0.3,0.25,0.25,0,6,2454
SA,wt_sds_3,0.3,0.25,0.25,0,7,2168
SA,wt_sds_3,0.3,0.25,0.25,0,8,2168
SA,wt_sds_3,0.3,0.25,0.25,0,9,2168
SA,wt_sds_3,0.3,0.25,0.25,0,10,2168
SA,wt_sds_3,0.3,0.25,0.25,1,0,5053
SA,wt_sds_3,0.3,0.25,0.25,1,1,5053
SA,wt_sds_3,0.3,0.25,0.25,1,2,5053
SA,wt_sds_3,0.3,0.25,0.25,1,3,5053
SA,wt_sds_3,0.3,0.25,0.25,1,4,5053
SA,wt_sds_3,0.3,0.25,0.25,1,5,3924
SA,wt_sds_3,0.3,0.25,0.25,1,6,2587
SA,wt_sds_3,0.3,0.25,0.25,1,7,2433
SA,wt_sds_3,0.3,0.25,0.25,1,8,2433
SA,wt_sds_3,0.3,0.25,0.25,1,9,2433
SA,wt_sds_3,0.3,0.25,0.25,1,10,2433
SA,wt_sds_3,0.3,0.25,0.25,2,0,5053
SA,wt_sds_3,0.3,0.25,0.25,2,1,5053
SA,wt_sds_3,0.3,0.25,0.25,2,2,5053
SA,wt_sds_3,0.3,0.25,0.25,2,3,5053
SA,wt_sds_3,0.3,0.25,0.25,2,4,5053
SA,wt_sds_3,0.3,0.25,0.25,2,5,4468
SA,wt_sds_3,0.3,0.25,0.25,2,6,3020
SA,wt_sds_3,0.3,0.25,0.25,2,7,2314
SA,wt_sds_3,0.3,0.25,0.25,2,8,2284
SA,wt_sds_3,0.3,0.25,0.25,2,9,2284
SA,wt_sds_3,0.3,0.25,0.25,2,10,2284
SA,wt_sds_3,0.3,0.25,0.25,3,0,5053
SA,wt_sds_3,0.3,0.25,0.25,3,1,4646
SA,wt_sds_3,0.3,0.25,0.25,3,2,4646
SA,wt_sds_3,0.3,0.25,0.25,3,3,4646
SA,wt_sds_3,0.3,0.25,0.25,3,4,4646
SA,wt_sds_3,0.3,0.25,0.25,3,5,4646
SA,wt_sds_3,0.3,0.25,0.25,3,6,2839
SA,wt_sds_3,0.3,0.25,0.25,3,7,2256
SA,wt_sds_3,0.3,0.25,0.25,3,8,2256
SA,wt_sds_3,0.3,0.25,0.25,3,9,2256
SA,wt_sds_3,0.3,0.25,0.25,3,10,2256
SA,wt_sds_3,0.3,0.25,0.25,4,0,5053
SA,wt_sds_3,0.3,0.25,0.25,4,1,5053
SA,wt_sds_3,0.3,0.25,0.25,4,2,5053
SA,wt_sds_3,0.3,0.25,0.25,4,3,5053
SA,wt_sds_3,0.3,0.25,0.25,4,4,5053
SA,wt_sds_3,0.3,0.25,0.25,4,5,3681
SA,wt_sds_3,0.3,0.25,0.25,4,6,2915
SA,wt_sds_3,0.3,0.25,0.25,4,7,2316
SA,wt_sds_3,0.3,0.25,0.25,4,8,2316
SA,wt_sds_3,0.3,0.25,0.25,4,9,2316
SA,wt_sds_3,0.3,0.25,0.25,4,10,2316
SA,wt_sds_4,0.3,0.25,0.25,0,0,16155
SA,wt_sds_4,0.3,0.25,0.25,0,1,13573
SA,wt_sds_4,0.3,0.25,0.25,0,2,13573
SA,wt_sds_4,0.3,0.25,0.25,0,3,13573
SA,wt_sds_4,0.3,0.25,0.25,0,4,13573
SA,wt_sds_4,0.3,0.25,0.25,0,5,13410
SA,wt_sds_4,0.3,0.25,0.25,0,6,8522
SA,wt_sds_4,0.3,0.25,0.25,0,7,7900
SA,wt_sds_4,0.3,0.25,0.25,0,8,7085
SA,wt_sds_4,0.3,0.25,0.25,0,9,7085
SA,wt_sds_4,0.3,0.25,0.25,0,10,7085
SA,wt_sds_4,0.3,0.25,0.25,1,0,16155
SA,wt_sds_4,0.3,0.25,0.25,1,1,16155
SA,wt_sds_4,0.3,0.25,0.25,1,2,16155
SA,wt_sds_4,0.3,0.25,0.25,1,3,16155
SA,wt_sds_4,0.3,0.25,0.25,1,4,15706
SA,wt_sds_4,0.3,0.25,0.25,1,5,10663
SA,wt_sds_4,0.3,0.25,0.25,1,6,8129
SA,wt_sds_4,0.3,0.25,0.25,1,7,8051
SA,wt_sds_4,0.3,0.25,0.25,1,8,8051
SA,wt_sds_4,0.3,0.25,0.25,1,9,8051
SA,wt_sds_4,0.3,0.25,0.25,1,10,8051
SA,wt_sds_4,0.3,0.25,0.25,2,0,16155
SA,wt_sds_4,0.3,0.25,0.25,2,1,16155
SA,wt_sds_4,0.3,0.25,0.25,2,2,16155
SA,wt_sds_4,0.3,0.25,0.25,2,3,16155
SA,wt_sds_4,0.3,0.25,0.25,2,4,16155
SA,wt_sds_4,0.3,0.25,0.25,2,5,12056
SA,wt_sds_4,0.3,0.25,0.25,2,6,8698
SA,wt_sds_4,0.3,0.25,0.25,2,7,7458
SA,wt_sds_4,0.3,0.25,0.25,2,8,7425
SA,wt_sds_4,0.3,0.25,0.25,2,9,7425
SA,wt_sds_4,0.3,0.25,0.25,2,10,7425
SA,wt_sds_4,0.3,0.25,0.25,3,0,16155
SA,wt_sds_4,0.3,0.25,0.25,3,1,16155
SA,wt_sds_4,0.3,0.25,0.25,3,2,16155
SA,wt_sds_4,0.3,0.25,0.25,3,3,16155
SA,wt_sds_4,0.3,0.25,0.25,3,4,16155
SA,wt_sds_4,0.3,0.25,0.25,3,5,12841
SA,wt_sds_4,0.3,0.25,0.25,3,6,10455
SA,wt_sds_4,0.3,0.25,0.25,3,7,7952
SA,wt_sds_4,0.3,0.25,0.25,3,8,7882
SA,wt_sds_4,0.3,0.25,0.25,3,9,7882
SA,wt_sds_4,0.3,0.25,0.25,3,10,7882
SA,wt_sds_4,0.3,0.25,0.25,4,0,16155
SA,wt_sds_4,0.3,0.25,0.25,4,1,16155
SA,wt_sds_4,0.3,0.25,0.25,4,2,16155
SA,wt_sds_4,0.3,0.25,0.25,4,3,16155
SA,wt_sds_4,0.3,0.25,0.25,4,4,15395
SA,wt_sds_4,0.3,0.25,0.25,4,5,10394
SA,wt_sds_4,0.3,0.25,0.25,4,6,7969
SA,wt_sds_4,0.3,0.25,0.25,4,7,7952
SA,wt_sds_4,0.3,0.25,0.25,4,8,7952
SA,wt_sds_4,0.3,0.25,0.25,4,9,7952
SA,wt_sds_4,0.3,0.25,0.25,4,10,7952
SA,wt_sds_5,0.3,0.25,0.25,0,0,10127
SA,wt_sds_5,0.3,0.25,0.25,0,1,10127
SA,wt_sds_5,0.3,0.25,0.25,0,2,10127
SA,wt_sds_5,0.3,0.25,0.25,0,3,10127
SA,wt_sds_5,0.3,0.25,0.25,0,4,10127
SA,wt_sds_5,0.3,0.25,0.25,0,5,7173
SA,wt_sds_5,0.3,0.25,0.25,0,6,6193
SA,wt_sds_5,0.3,0.25,0.25,0,7,5884
SA,wt_sds_5,0.3,0.25,0.25,0,8,5851
SA,wt_sds_5,0.3,0.25,0.25,0,9,5851
SA,wt_sds_5,0.3,0.25,0.25,0,10,5851
SA,wt_sds_5,0.3,0.25,0.25,1,0,10127
SA,wt_sds_5,0.3,0.25,0.25,1,1,10127
SA,wt_sds_5,0.3,0.25,0.25,1,2,10127
SA,wt_sds_5,0.3,0.25,0.25,1,3,10127
SA,wt_sds_5,0.3,0.25,0.25,1,4,10127
SA,wt_sds_5,0.3,0.25,0.25,1,5,6824
SA,wt_sds_5,0.3,0.25,0.25,1,6,6130
SA,wt_sds_5,0.3,0.25,0.25,1,7,5533
SA,wt_sds_5,0.3,0.25,0.25,1,8,5533
SA,wt_sds_5,0.3,0.25,0.25,1,9,5533
SA,wt_sds_5,0.3,0.25,0.25,1,10,5533
SA,wt_sds_5,0.3,0.25,0.25,2,0,10127
SA,wt_sds_5,0.3,0.25,0.25,2,1,9993
SA,wt_sds_5,0.3,0.25,0.25,2,2,9993
SA,wt_sds_5,0.3,0.25,0.25,2,3,9993
SA,wt_sds_5,0.3,0.25,0.25,2,4,9993
SA,wt_sds_5,0.3,0.25,0.25,2,5,7936
SA,wt_sds_5,0.3,0.25,0.25,2,6,5602
SA,wt_sds_5,0.3,0.25,0.25,2,7,5314
SA,wt_sds_5,0.3,0.25,0.25,2,8,5314
SA,wt_sds_5,0.3,0.25,0.25,2,9,5314
SA,wt_sds_5,0.3,0.25,0.25,2,10,5314
SA,wt_sds_5,0.3,0.25,0.25,3,0,10127
SA,wt_sds_5,0.3,0.25,0.25,3,1,10127
SA,wt_sds_5,0.3,0.25,0.25,3,2,10127
SA,wt_sds_5,0.3,0.25,0.25,3,3,10127
SA,wt_sds_5,0.3,0.25,0.25,3,4,10127
SA,wt_sds_5,0.3,0.25,0.25,3,5,8547
SA,wt_sds_5,0.3,0.25,0.25,3,6,5924
SA,wt_sds_5,0.3,0.25,0.25,3,7,5389
SA,wt_sds_5,0.3,0.25,0.25,3,8,5314
SA,wt_sds_5,0.3,0.25,0.25,3,9,5314
SA,wt_sds_5,0.3,0.25,0.25,3,10,5314
SA,wt_sds_5,0.3,0.25,0.25,4,0,10127
SA,wt_sds_5,0.3,0.25,0.25,4,1,10127
SA,wt_sds_5,0.3,0.25,0.25,4,2,10127
SA,wt_sds_5,0.3,0.25,0.25,4,3,10127
SA,wt_sds_5,0.3,0.25,0.25,4,4,10127
SA,wt_sds_5,0.3,0.25,0.25,4,5,9991
SA,wt_sds_5,0.3,0.25,0.25,4,6,7303
SA,wt_sds_5,0.3,0.25,0.25,4,7,5737
SA,wt_sds_5,0.3,0.25,0.25,4,8,5413
SA,wt_sds_5,0.3,0.25,0.25,4,9,5404
SA,wt_sds_5,0.3,0.25,0.25,4,10,5404
SA,wt_sds_11,0.3,0.25,0.75,0,0,16772
SA,wt_sds_11,0.3,0.25,0.75,0,1,16772
SA,wt_sds_11,0.3,0.25,0.75,0,2,16772
SA,wt_sds_11,0.3,0.25,0.75,0,3,16772
SA,wt_sds_11,0.3,0.25,0.75,0,4,16772
SA,wt_sds_11,0.3,0.25,0.75,0,5,16772
SA,wt_sds_11,0.3,0.25,0.75,0,6,9218
SA,wt_sds_11,0.3,0.25,0.75,0,7,8692
SA,wt_sds_11,0.3,0.25,0.75,0,8,8692
SA,wt_sds_11,0.3,0.25,0.75,0,9,8692
SA,wt_sds_11,0.3,0.25,0.75,0,10,8692
SA,wt_sds_11,0.3,0.25,0.75,1,0,16772
SA,wt_sds_11,0.3,0.25,0.75,1,1,16772
SA,wt_sds_11,0.3,0.25,0.75,1,2,16772
SA,wt_sds_11,0.3,0.25,0.75,1,3,16772
SA,wt_sds_11,0.3,0.25,0.75,1,4,16772
SA,wt_sds_11,0.3,0.25,0.75,1,5,10596
SA,wt_sds_11,0.3,0.25,0.75,1,6,7719
SA,wt_sds_11,0.3,0.25,0.75,1,7,7205
SA,wt_sds_11,0.3,0.25,0.75,1,8,7173
SA,wt_sds_11,0.3,0.25,0.75,1,9,7173
SA,wt_sds_11,0.3,0.25,0.75,1,10,7173
SA,wt_sds_11,0.3,0.25,0.75,2,0,16772
SA,wt_sds_11,0.3,0.25,0.75,2,1,16171
SA,wt_sds_11,0.3,0.25,0.75,2,2,16171
SA,wt_sds_11,0.3,0.25,0.75,2,3,16171
SA,wt_sds_11,0.3,0.25,0.75,2,4,16171
SA,wt_sds_11,0.3,0.25,0.75,2,5,15707
SA,wt_sds_11,0.3,0.25,0.75,2,6,9382
SA,wt_sds_11,0.3,0.25,0.75,2,7,5919
SA,wt_sds_11,0.3,0.25,0.75,2,8,5829
SA,wt_sds_11,0.3,0.25,0.75,2,9,5829
SA,wt_sds_11,0.3,0.25,0.75,2,10,5829
SA,wt_sds_11,0.3,0.25,0.75,3,0,16772
SA,wt_sds_11,0.3,0.25,0.75,3,1,14934
SA,wt_sds_11,0.3,0.25,0.75,3,2,14934
SA,wt_sds_11,0.3,0.25,0.75,3,3,14934
SA,wt_sds_11,0.3,0.25,0.75,3,4,14934
SA,wt_sds_11,0.3,0.25,0.75,3,5,14934
SA,wt_sds_11,0.3,0.25,0.75,3,6,7174
SA,wt_sds_11,0.3,0.25,0.75,3,7,7154
SA,wt_sds_11,0.3,0.25,0.75,3,8,7154
SA,wt_sds_11,0.3,0.25,0.75,3,9,7154
SA,wt_sds_11,0.3,0.25,0.75,3,10,7154
SA,wt_sds_11,0.3,0.25,0.75,4,0,16772
SA,wt_sds_11,0.3,0.25,0.75,4,1,15488
SA,wt_sds_11,0.3,0.25,0.75,4,2,15488
SA,wt_sds_11,0.3,0.25,0.75,4,3,15488
SA,wt_sds_11,0.3,0.25,0.75,4,4,15488
SA,wt_sds_11,0.3,0.25,0.75,4,5,9179
SA,wt_sds_11,0.3,0.25,0.75,4,6,6873
SA,wt_sds_11,0.3,0.25,0.75,4,7,6508
SA,wt_sds_11,0.3,0.25,0.75,4,8,6508
SA,wt_sds_11,0.3,0.25,0.75,4,9,6508
SA,wt_sds_11,0.3,0.25,0.75,4,10,6508
SA,wt_sds_12,0.3,0.25,0.75,0,0,751
SA,wt_sds_12,0.3,0.25,0.75,0,1,751
SA,wt_sds_12,0.3,0.25,0.75,0,2,751
SA,wt_sds_12,0.3,0.25,0.75,0,3,751
SA,wt_sds_12,0.3,0.25,0.75,0,4,481
SA,wt_sds_12,0.3,0.25,0.75,0,5,0
SA,wt_sds_12,0.3,0.25,0.75,0,6,0
SA,wt_sds_12,0.3,0.25,0.75,0,7,0
SA,wt_sds_12,0.3,0.25,0.75,0,8,0
SA,wt_sds_12,0.3,0.25,0.75,0,9,0
SA,wt_sds_12,0.3,0.25,0.75,0,10,0
SA,wt_sds_12,0.3,0.25,0.75,1,0,751
SA,wt_sds_12,0.3,0.25,0.75,1,1,751
SA,wt_sds_12,0.3,0.25,0.75,1,2,751
SA,wt_sds_12,0.3,0.25,0.75,1,3,751
SA,wt_sds_12,0.3,0.25,0.75,1,4,585
SA,wt_sds_12,0.3,0.25,0.75,1,5,153
SA,wt_sds_12,0.3,0.25,0.75,1,6,0
SA,wt_sds_12,0.3,0.25,0.75,1,7,0
SA,wt_sds_12,0.3,0.25,0.75,1,8,0
SA,wt_sds_12,0.3,0.25,0.75,1,9,0
SA,wt_sds_12,0.3,0.25,0.75,1,10,0
SA,wt_sds_12,0.3,0.25,0.75,2,0,751
SA,wt_sds_12,0.3,0.25,0.75,2,1,731
SA,wt_sds_12,0.3,0.25,0.75,2,2,731
SA,wt_sds_12,0.3,0.25,0.75,2,3,731
SA,wt_sds_12,0.3,0.25,0.75,2,4,731
SA,wt_sds_12,0.3,0.25,0.75,2,5,458
SA,wt_sds_12,0.3,0.25,0.75,2,6,0
SA,wt_sds_12,0.3,0.25,0.75,2,7,0
SA,wt_sds_12,0.3,0.25,0.75,2,8,0
SA,wt_sds_12,0.3,0.25,0.75,2,9,0
SA,wt_sds_12,0.3,0.25,0.75,2,10,0
SA,wt_sds_12,0.3,0.25,0.75,3,0,751
SA,wt_sds_12,0.3,0.25,0.75,3,1,751
SA,wt_sds_12,0.3,0.25,0.75,3,2,751
SA,wt_sds_12,0.3,0.25,0.75,3,3,751
SA,wt_sds_12,0.3,0.25,0.75,3,4,392
SA,wt_sds_12,0.3,0.25,0.75,3,5,151
SA,wt_sds_12,0.3,0.25,0.75,3,6,0
SA,wt_sds_12,0.3,0.25,0.75,3,7,0
SA,wt_sds_12,0.3,0.25,0.75,3,8,0
SA,wt_sds_12,0.3,0.25,0.75,3,9,0
SA,wt_sds_12,0.3,0.25,0.75,3,10,0
SA,wt_sds_12,0.3,0.25,0.75,4,0,751
SA,wt_sds_12,0.3,0.25,0.75,4,1,751
SA,wt_sds_12,0.3,0.25,0.75,4,2,751
SA,wt_sds_12,0.3,0.25,0.75,4,3,751
SA,wt_sds_12,0.3,0.25,0.75,4,4,751
SA,wt_sds_12,0.3,0.25,0.75,4,5,241
SA,wt_sds_12,0.3,0.25,0.75,4,6,0
SA,wt_sds_12,0.3,0.25,0.75,4,7,0
SA,wt_sds_12,0.3,0.25,0.75,4,8,0
SA,wt_sds_12,0.3,0.25,0.75,4,9,0
SA,wt_sds_12,0.3,0.25,0.75,4,10,0
SA,wt_sds_13,0.3,0.25,0.75,0,0,11556
SA,wt_sds_13,0.3,0.25,0.75,0,1,11556
SA,wt_sds_13,0.3,0.25,0.75,0,2,11556
SA,wt_sds_13,0.3,0.25,0.75,0,3,11556
SA,wt_sds_13,0.3,0.25,0.75,0,4,11556
SA,wt_sds_13,0.3,0.25,0.75,0,5,10480
SA,wt_sds_13,0.3,0.25,0.75,0,6,8393
SA,wt_sds_13,0.3,0.25,0.75,0,7,8353
SA,wt_sds_13,0.3,0.25,0.75,0,8,8353
SA,wt_sds_13,0.3,0.25,0.75,0,9,8353
SA,wt_sds_13,0.3,0.25,0.75,0,10,8353
SA,wt_sds_13,0.3,0.25,0.75,1,0,11556
SA,wt_sds_13,0.3,0.25,0.75,1,1,11556
SA,wt_sds_13,0.3,0.25,0.75,1,2,11556
SA,wt_sds_13,0.3,0.25,0.75,1,3,11556
SA,wt_sds_13,0.3,0.25,0.75,1,4,11556
SA,wt_sds_13,0.3,0.25,0.75,1,5,11556
SA,wt_sds_13,0.3,0.25,0.75,1,6,9092
SA,wt_sds_13,0.3,0.25,0.75,1,7,8632
SA,wt_sds_13,0.3,0.25,0.75,1,8,8564
SA,wt_sds_13,0.3,0.25,0.75,1,9,8564
SA,wt_sds_13,0.3,0.25,0.75,1,10,8564
SA,wt_sds_13,0.3,0.25,0.75,2,0,11556
SA,wt_sds_13,0.3,0.25,0.75,2,1,11556
SA,wt_sds_13,0.3,0.25,0.75,2,2,11556
SA,wt_sds_13,0.3,0.25,0.75,2,3,11556
SA,wt_sds_13,0.3,0.25,0.75,2,4,11556
SA,wt_sds_13,0.3,0.25,0.75,2,5,11556
SA,wt_sds_13,0.3,0.25,0.75,2,6,10150
SA,wt_sds_13,0.3,0.25,0.75,2,7,7757
SA,wt_sds_13,0.3,0.25,0.75,2,8,7574
SA,wt_sds_13,0.3,0.25,0.75,2,9,7574
SA,wt_sds_13,0.3,0.25,0.75,2,10,7574
SA,wt_sds_13,0.3,0.25,0.75,3,0,11556
SA,wt_sds_13,0.3,0.25,0.75,3,1,11556
SA,wt_sds_13,0.3,0.25,0.75,3,2,11556
SA,wt_sds_13,0.3,0.25,0.75,3,3,11556
SA,wt_sds_13,0.3,0.25,0.75,3,4,11556
SA,wt_sds_13,0.3,0.25,0.75,3,5,11556
SA,wt_sds_13,0.3,0.25,0.75,3,6,8189
SA,wt_sds_13,0.3,0.25,0.75,3,7,8079
SA,wt_sds_13,0.3,0.25,0.75,3,8,8079
SA,wt_sds_13,0.3,0.25,0.75,3,9,8079
SA,wt_sds_13,0.3,0.25,0.75,3,10,8079
SA,wt_sds_13,0.3,0.25,0.75,4,0,11556
SA,wt_sds_13,0.3,0.25,0.75,4,1,11504
SA,wt_sds_13,0.3,0.25,0.75,4,2,11504
SA,wt_sds_13,0.3,0.25,0.75,4,3,11504
SA,wt_sds_13,0.3,0.25,0.75,4,4,11504
SA,wt_sds_13,0.3,0.25,0.75,4,5,11504
SA,wt_sds_13,0.3,0.25,0.75,4,6,10008
SA,wt_sds_13,0.3,0.25,0.75,4,7,8929
SA,wt_sds_13,0.3,0.25,0.75,4,8,8929
SA,wt_sds_13,0.3,0.25,0.75,4,9,8929
SA,wt_sds_13,0.3,0.25,0.75,4,10,8929
SA,wt_sds_14,0.3,0.25,0.75,0,0,15307
SA,wt_sds_14,0.3,0.25,0.75,0,1,15307
SA,wt_sds_14,0.3,0.25,0.75,0,2,15307
SA,wt_sds_14,0.3,0.25,0.75,0,3,15307
SA,wt_sds_14,0.3,0.25,0.75,0,4,15307
SA,wt_sds_14,0.3,0.25,0.75,0,5,15307
SA,wt_sds_14,0.3,0.25,0.75,0,6,10737
SA,wt_sds_14,0.3,0.25,0.75,0,7,5725
SA,wt_sds_14,0.3,0.25,0.75,0,8,5126
SA,wt_sds_14,0.3,0.25,0.75,0,9,4971
SA,wt_sds_14,0.3,0.25,0.75,0,10,4971
SA,wt_sds_14,0.3,0.25,0.75,1,0,15307
SA,wt_sds_14,0.3,0.25,0.75,1,1,15307
SA,wt_sds_14,0.3,0.25,0.75,1,2,15307
SA,wt_sds_14,0.3,0.25,0.75,1,3,15307
SA,wt_sds_14,0.3,0.25,0.75,1,4,15307
SA,wt_sds_14,0.3,0.25,0.75,1,5,12913
SA,wt_sds_14,0.3,0.25,0.75,1,6,7131
SA,wt_sds_14,0.3,0.25,0.75,1,7,5365
SA,wt_sds_14,0.3,0.25,0.75,1,8,5365
SA,wt_sds_14,0.3,0.25,0.75,1,9,5365
SA,wt_sds_14,0.3,0.25,0.75,1,10,5365
SA,wt_sds_14,0.3,0.25,0.75,2,0,15307
SA,wt_sds_14,0.3,0.25,0.75,2,1,15307
SA,wt_sds_14,0.3,0.25,0.75,2,2,15307
SA,wt_sds_14,0.3,0.25,0.75,2,3,15307
SA,wt_sds_14,0.3,0.25,0.75,2,4,12730
SA,wt_sds_14,0.3,0.25,0.75,2,5,5764
SA,wt_sds_14,0.3,0.25,0.75,2,6,4349
SA,wt_sds_14,0.3,0.25,0.75,2,7,4081
SA,wt_sds_14,0.3,0.25,0.75,2,8,4081
SA,wt_sds_14,0.3,0.25,0.75,2,9,4081
SA,wt_sds_14,0.3,0.25,0.75,2,10,4081
SA,wt_sds_14,0.3,0.25,0.75,3,0,15307
SA,wt_sds_14,0.3,0.25,0.75,3,1,15307
SA,wt_sds_14,0.3,0.25,0.75,3,2,15307
SA,wt_sds_14,0.3,0.25,0.75,3,3,15307
SA,wt_sds_14,0.3,0.25,0.75,3,4,15307
SA,wt_sds_14,0.3,0.25,0.75,3,5,5877
SA,wt_sds_14,0.3,0.25,0.75,3,6,4778
SA,wt_sds_14,0.3,0.25,0.75,3,7,4562
SA,wt_sds_14,0.3,0.25,0.75,3,8,4562
SA,wt_sds_14,0.3,0.25,0.75,3,9,4562
SA,wt_sds_14,0.3,0.25,0.75,3,10,4562
SA,wt_sds_14,0.3,0.25,0.75,4,0,15307
SA,wt_sds_14,0.3,0.25,0.75,4,1,15307
SA,wt_sds_14,0.3,0.25,0.75,4,2,15307
SA,wt_sds_14,0.3,0.25,0.75,4,3,15307
SA,wt_sds_14,0.3,0.25,0.75,4,4,11627
SA,wt_sds_14,0.3,0.25,0.75,4,5,6751
SA,wt_sds_14,0.3,0.25,0.75,4,6,5813
SA,wt_sds_14,0.3,0.25,0.75,4,7,5813
SA,wt_sds_14,0.3,0.25,0.75,4,8,5813
SA,wt_sds_14,0.3,0.25,0.75,4,9,5813
SA,wt_sds_14,0.3,0.25,0.75,4,10,5813
SA,wt_sds_15,0.3,0.25,0.75,0,0,7572
SA,wt_sds_15,0.3,0.25,0.75,0,1,7572
SA,wt_sds_15,0.3,0.25,0.75,0,2,7572
SA,wt_sds_15,0.3,0.25,0.75,0,3,7572
SA,wt_sds_15,0.3,0.25,0.75,0,4,7572
SA,wt_sds_15,0.3,0.25,0.75,0,5,4815
SA,wt_sds_15,0.3,0.25,0.75,0,6,3700
SA,wt_sds_15,0.3,0.25,0.75,0,7,3700
SA,wt_sds_15,0.3,0.25,0.75,0,8,3700
SA,wt_sds_15,0.3,0.25,0.75,0,9,3700
SA,wt_sds_15,0.3,0.25,0.75,0,10,3700
SA,wt_sds_15,0.3,0.25,0.75,1,0,7572
SA,wt_sds_15,0.3,0.25,0.75,1,1,7572
SA,wt_sds_15,0.3,0.25,0.75,1,2,7572
SA,wt_sds_15,0.3,0.25,0.75,1,3,7572
SA,wt_sds_15,0.3,0.25,0.75,1,4,7572
SA,wt_sds_15,0.3,0.25,0.75,1,5,7572
SA,wt_sds_15,0.3,0.25,0.75,1,6,4889
SA,wt_sds_15,0.3,0.25,0.75,1,7,4331
SA,wt_sds_15,0.3,0.25,0.75,1,8,4331
SA,wt_sds_15,0.3,0.25,0.75,1,9,4331
SA,wt_sds_15,0.3,0.25,0.75,1,10,4331
SA,wt_sds_15,0.3,0.25,0.75,2,0,7572
SA,wt_sds_15,0.3,0.25,0.75,2,1,7572
SA,wt_sds_15,0.3,0.25,0.75,2,2,7572
SA,wt_sds_15,0.3,0.25,0.75,2,3,7572
SA,wt_sds_15,0.3,0.25,0.75,2,4,7572
SA,wt_sds_15,0.3,0.25,0.75,2,5,3757
SA,wt_sds_15,0.3,0.25,0.75,2,6,2522
SA,wt_sds_15,0.3,0.25,0.75,2,7,2228
SA,wt_sds_15,0.3,0.25,0.75,2,8,2137
SA,wt_sds_15,0.3,0.25,0.75,2,9,2137
SA,wt_sds_15,0.3,0.25,0.75,2,10,2137
SA,wt_sds_15,0.3,0.25,0.75,3,0,7572
SA,wt_sds_15,0.3,0.25,0.75,3,1,7572
SA,wt_sds_15,0.3,0.25,0.75,3,2,7572
SA,wt_sds_15,0.3,0.25,0.75,3,3,7572
SA,wt_sds_15,0.3,0.25,0.75,3,4,7572
SA,wt_sds_15,0.3,0.25,0.75,3,5,6281
SA,wt_sds_15,0.3,0.25,0.75,3,6,3796
SA,wt_sds_15,0.3,0.25,0.75,3,7,3796
SA,wt_sds_15,0.3,0.25,0.75,3,8,3796
SA,wt_sds_15,0.3,0.25,0.75,3,9,3796
SA,wt_sds_15,0.3,0.25,0.75,3,10,3796
SA,wt_sds_15,0.3,0.25,0.75,4,0,7572
SA,wt_sds_15,0.3,0.25,0.75,4,1,7572
SA,wt_sds_15,0.3,0.25,0.75,4,2,7572
SA,wt_sds_15,0.3,0.25,0.75,4,3,7572
SA,wt_sds_15,0.3,0.25,0.75,4,4,7572
SA,wt_sds_15,0.3,0.25,0.75,4,5,7572
SA,wt_sds_15,0.3,0.25,0.75,4,6,6785
SA,wt_sds_15,0.3,0.25,0.75,4,7,3899
SA,wt_sds_15,0.3,0.25,0.75,4,8,3198
SA,wt_sds_15,0.3,0.25,0.75,4,9,3190
SA,wt_sds_15,0.3,0.25,0.75,4,10,2861
SA,wt_sds_21,0.3,0.75,0.25,0,0,3736
SA,wt_sds_21,0.3,0.75,0.25,0,1,1294
SA,wt_sds_21,0.3,0.75,0.25,0,2,1294
SA,wt_sds_21,0.3,0.75,0.25,0,3,1294
SA,wt_sds_21,0.3,0.75,0.25,0,4,1294
SA,wt_sds_21,0.3,0.75,0.25,0,5,1294
SA,wt_sds_21,0.3,0.75,0.25,0,6,926
SA,wt_sds_21,0.3,0.75,0.25,0,7,346
SA,wt_sds_21,0.3,0.75,0.25,0,8,0
SA,wt_sds_21,0.3,0.75,0.25,0,9,0
SA,wt_sds_21,0.3,0.75,0.25,0,10,0
SA,wt_sds_21,0.3,0.75,0.25,1,0,3736
SA,wt_sds_21,0.3,0.75,0.25,1,1,3492
SA,wt_sds_21,0.3,0.75,0.25,1,2,3492
SA,wt_sds_21,0.3,0.75,0.25,1,3,3492
SA,wt_sds_21,0.3,0.75,0.25,1,4,2011
SA,wt_sds_21,0.3,0.75,0.25,1,5,800
SA,wt_sds_21,0.3,0.75,0.25,1,6,20
SA,wt_sds_21,0.3,0.75,0.25,1,7,0
SA,wt_sds_21,0.3,0.75,0.25,1,8,0
SA,wt_sds_21,0.3,0.75,0.25,1,9,0
SA,wt_sds_21,0.3,0.75,0.25,1,10,0
SA,wt_sds_21,0.3,0.75,0.25,2,0,3736
SA,wt_sds_21,0.3,0.75,0.25,2,1,3736
SA,wt_sds_21,0.3,0.75,0.25,2,2,3736
SA,wt_sds_21,0.3,0.75,0.25,2,3,3736
SA,wt_sds_21,0.3,0.75,0.25,2,4,2142
SA,wt_sds_21,0.3,0.75,0.25,2,5,390
SA,wt_sds_21,0.3,0.75,0.25,2,6,66
SA,wt_sds_21,0.3,0.75,0.25,2,7,0
SA,wt_sds_21,0.3,0.75,0.25,2,8,0
SA,wt_sds_21,0.3,0.75,0.25,2,9,0
SA,wt_sds_21,0.3,0.75,0.25,2,10,0
SA,wt_sds_21,0.3,0.75,0.25,3,0,3736
SA,wt_sds_21,0.3,0.75,0.25,3,1,3736
SA,wt_sds_21,0.3,0.75,0.25,3,2,3736
SA,wt_sds_21,0.3,0.75,0.25,3,3,3736
SA,wt_sds_21,0.3,0.75,0.25,3,4,2186
SA,wt_sds_21,0.3,0.75,0.25,3,5,432
SA,wt_sds_21,0.3,0.75,0.25,3,6,22
SA,wt_sds_21,0.3,0.75,0.25,3,7,0
SA,wt_sds_21,0.3,0.75,0.25,3,8,0
SA,wt_sds_21,0.3,0.75,0.25,3,9,0
SA,wt_sds_21,0.3,0.75,0.25,3,10,0
SA,wt_sds_21,0.3,0.75,0.25,4,0,3736
SA,wt_sds_21,0.3,0.75,0.25,4,1,3736
SA,wt_sds_21,0.3,0.75,0.25,4,2,3736
SA,wt_sds_21,0.3,0.75,0.25,4,3,3736
SA,wt_sds_21,0.3,0.75,0.25,4,4,1587
SA,wt_sds_21,0.3,0.75,0.25,4,5,488
SA,wt_sds_21,0.3,0.75,0.25,4,6,0
SA,wt_sds_21,0.3,0.75,0.25,4,7,0
SA,wt_sds_21,0.3,0.75,0.25,4,8,0
SA,wt_sds_21,0.3,0.75,0.25,4,9,0
SA,wt_sds_21,0.3,0.75,0.25,4,10,0
SA,wt_sds_22,0.3,0.75,0.25,0,0,1325
SA,wt_sds_22,0.3,0.75,0.25,0,1,1325
SA,wt_sds_22,0.3,0.75,0.25,0,2,1325
SA,wt_sds_22,0.3,0.75,0.25,0,3,1325
SA,wt_sds_22,0.3,0.75,0.25,0,4,1325
SA,wt_sds_22,0.3,0.75,0.25,0,5,81
SA,wt_sds_22,0.3,0.75,0.25,0,6,0
SA,wt_sds_22,0.3,0.75,0.25,0,7,0
SA,wt_sds_22,0.3,0.75,0.25,0,8,0
SA,wt_sds_22,0.3,0.75,0.25,0,9,0
SA,wt_sds_22,0.3,0.75,0.25,0,10,0
SA,wt_sds_22,0.3,0.75,0.25,1,0,1325
SA,wt_sds_22,0.3,0.75,0.25,1,1,1118
SA,wt_sds_22,0.3,0.75,0.25,1,2,1118
SA,wt_sds_22,0.3,0.75,0.25,1,3,1118
SA,wt_sds_22,0.3,0.75,0.25,1,4,1118
SA,wt_sds_22,0.3,0.75,0.25,1,5,613
SA,wt_sds_22,0.3,0.75,0.25,1,6,0
SA,wt_sds_22,0.3,0.75,0.25,1,7,0
SA,wt_sds_22,0.3,0.75,0.25,1,8,0
SA,wt_sds_22,0.3,0.75,0.25,1,9,0
SA,wt_sds_22,0.3,0.75,0.25,1,10,0
SA,wt_sds_22,0.3,0.75,0.25,2,0,1325
SA,wt_sds_22,0.3,0.75,0.25,2,1,1118
SA,wt_sds_22,0.3,0.75,0.25,2,2,1118
SA,wt_sds_22,0.3,0.75,0.25,2,3,1118
SA,wt_sds_22,0.3,0.75,0.25,2,4,1118
SA,wt_sds_22,0.3,0.75,0.25,2,5,195
SA,wt_sds_22,0.3,0.75,0.25,2,6,0
SA,wt_sds_22,0.3,0.75,0.25,2,7,0
SA,wt_sds_22,0.3,0.75,0.25,2,8,0
SA,wt_sds_22,0.3,0.75,0.25,2,9,0
SA,wt_sds_22,0.3,0.75,0.25,2,10,0
SA,wt_sds_22,0.3,0.75,0.25,3,0,1325
SA,wt_sds_22,0.3,0.75,0.25,3,1,1325
SA,wt_sds_22,0.3,0.75,0.25,3,2,1325
SA,wt_sds_22,0.3,0.75,0.25,3,3,1325
SA,wt_sds_22,0.3,0.75,0.25,3,4,1325
SA,wt_sds_22,0.3,0.75,0.25,3,5,234
SA,wt_sds_22,0.3,0.75,0.25,3,6,0
SA,wt_sds_22,0.3,0.75,0.25,3,7,0
SA,wt_sds_22,0.3,0.75,0.25,3,8,0
SA,wt_sds_22,0.3,0.75,0.25,3,9,0
SA,wt_sds_22,0.3,0.75,0.25,3,10,0
SA,wt_sds_22,0.3,0.75,0.25,4,0,1325
SA,wt_sds_22,0.3,0.75,0.25,4,1,1277
SA,wt_sds_22,0.3,0.75,0.25,4,2,1277
SA,wt_sds_22,0.3,0.75,0.25,4,3,1277
SA,wt_sds_22,0.3,0.75,0.25,4,4,847
SA,wt_sds_22,0.3,0.75,0.25,4,5,0
SA,wt_sds_22,0.3,0.75,0.25,4,6,0
SA,wt_sds_22,0.3,0.75,0.25,4,7,0
SA,wt_sds_22,0.3,0.75,0.25,4,8,0
SA,wt_sds_22,0.3,0.75,0.25,4,9,0
SA,wt_sds_22,0.3,0.75,0.25,4,10,0
SA,wt_sds_23,0.3,0.75,0.25,0,0,0
SA,wt_sds_23,0.3,0.75,0.25,0,1,0
SA,wt_sds_23,0.3,0.75,0.25,0,2,0
SA,wt_sds_23,0.3,0.75,0.25,0,3,0
SA,wt_sds_23,0.3,0.75,0.25,0,4,0
SA,wt_sds_23,0.3,0.75,0.25,0,5,0
SA,wt_sds_23,0.3,0.75,0.25,0,6,0
SA,wt_sds_23,0.3,0.75,0.25,0,7,0
SA,wt_sds_23,0.3,0.75,0.25,0,8,0
SA,wt_sds_23,0.3,0.75,0.25,0,9,0
SA,wt_sds_23,0.3,0.75,0.25,0,10,0
SA,wt_sds_23,0.3,0.75,0.25,1,0,0
SA,wt_sds_23,0.3,0.75,0.25,1,1,0
SA,wt_sds_23,0.3,0.75,0.25,1,2,0
SA,wt_sds_23,0.3,0.75,0.25,1,3,0
SA,wt_sds_23,0.3,0.75,0.25,1,4,0
SA,wt_sds_23,0.3,0.75,0.25,1,5,0
SA,wt_sds_23,0.3,0.75,0.25,1,6,0
SA,wt_sds_23,0.3,0.75,0.25,1,7,0
SA,wt_sds_23,0.3,0.75,0.25,1,8,0
SA,wt_sds_23,0.3,0.75,0.25,1,9,0
SA,wt_sds_23,0.3,0.75,0.25,1,10,0
SA,wt_sds_23,0.3,0.75,0.25,2,0,0
SA,wt_sds_23,0.3,0.75,0.25,2,1,0
SA,wt_sds_23,0.3,0.75,0.25,2,2,0
SA,wt_sds_23,0.3,0.75,0.25,2,3,0
SA,wt_sds_23,0.3,0.75,0.25,2,4,0
SA,wt_sds_23,0.3,0.75,0.25,2,5,0
SA,wt_sds_23,0.3,0.75,0.25,2,6,0
SA,wt_sds_23,0.3,0.75,0.25,2,7,0
SA,wt_sds_23,0.3,0.75,0.25,2,8,0
SA,wt_sds_23,0.3,0.75,0.25,2,9,0
SA,wt_sds_23,0.3,0.75,0.25,2,10,0
SA,wt_sds_23,0.3,0.75,0.25,3,0,0
SA,wt_sds_23,0.3,0.75,0.25,3,1,0
SA,wt_sds_23,0.3,0.75,0.25,3,2,0
SA,wt_sds_23,0.3,0.75,0.25,3,3,0
SA,wt_sds_23,0.3,0.75,0.25,3,4,0
SA,wt_sds_23,0.3,0.75,0.25,3,5,0
SA,wt_sds_23,0.3,0.75,0.25,3,6,0
SA,wt_sds_23,0.3,0.75,0.25,3,7,0
SA,wt_sds_23,0.3,0.75,0.25,3,8,0
SA,wt_sds_23,0.3,0.75,0.25,3,9,0
SA,wt_sds_23,0.3,0.75,0.25,3,10,0
SA,wt_sds_23,0.3,0.75,0.25,4,0,0
SA,wt_sds_23,0.3,0.75,0.25,4,1,0
SA,wt_sds_23,0.3,0.75,0.25,4,2,0
SA,wt_sds_23,0.3,0.75,0.25,4,3,0
SA,wt_sds_23,0.3,0.75,0.25,4,4,0
SA,wt_sds_23,0.3,0.75,0.25,4,5,0
SA,wt_sds_23,0.3,0.75,0.25,4,6,0
SA,wt_sds_23,0.3,0.75,0.25,4,7,0
SA,wt_sds_23,0.3,0.75,0.25,4,8,0
SA,wt_sds_23,0.3,0.75,0.25,4,9,0
SA,wt_sds_23,0.3,0.75,0.25,4,10,0
SA,wt_sds_24,0.3,0.75,0.25,0,0,4871
SA,wt_sds_24,0.3,0.75,0.25,0,1,4655
SA,wt_sds_24,0.3,0.75,0.25,0,2,4655
SA,wt_sds_24,0.3,0.75,0.25,0,3,4655
SA,wt_sds_24,0.3,0.75,0.25,0,4,4655
SA,wt_sds_24,0.3,0.75,0.25,0,5,3152
SA,wt_sds_24,0.3,0.75,0.25,0,6,2616
SA,wt_sds_24,0.3,0.75,0.25,0,7,1503
SA,wt_sds_24,0.3,0.75,0.25,0,8,1503
SA,wt_sds_24,0.3,0.75,0.25,0,9,1503
SA,wt_sds_24,0.3,0.75,0.25,0,10,1503
SA,wt_sds_24,0.3,0.75,0.25,1,0,4871
SA,wt_sds_24,0.3,0.75,0.25,1,1,4392
SA,wt_sds_24,0.3,0.75,0.25,1,2,4392
SA,wt_sds_24,0.3,0.75,0.25,1,3,4392
SA,wt_sds_24,0.3,0.75,0.25,1,4,4392
SA,wt_sds_24,0.3,0.75,0.25,1,5,3958
SA,wt_sds_24,0.3,0.75,0.25,1,6,2622
SA,wt_sds_24,0.3,0.75,0.25,1,7,1980
SA,wt_sds_24,0.3,0.75,0.25,1,8,1413
SA,wt_sds_24,0.3,0.75,0.25,1,9,1413
SA,wt_sds_24,0.3,0.75,0.25,1,10,1413
SA,wt_sds_24,0.3,0.75,0.25,2,0,4871
SA,wt_sds_24,0.3,0.75,0.25,2,1,4392
SA,wt_sds_24,0.3,0.75,0.25,2,2,4392
SA,wt_sds_24,0.3,0.75,0.25,2,3,4392
SA,wt_sds_24,0.3,0.75,0.25,2,4,4392
SA,wt_sds_24,0.3,0.75,0.25,2,5,4392
SA,wt_sds_24,0.3,0.75,0.25,2,6,2684
SA,wt_sds_24,0.3,0.75,0.25,2,7,2626
SA,wt_sds_24,0.3,0.75,0.25,2,8,2566
SA,wt_sds_24,0.3,0.75,0.25,2,9,1361
SA,wt_sds_24,0.3,0.75,0.25,2,10,1361
SA,wt_sds_24,0.3,0.75,0.25,3,0,4871
SA,wt_sds_24,0.3,0.75,0.25,3,1,4871
SA,wt_sds_24,0.3,0.75,0.25,3,2,4871
SA,wt_sds_24,0.3,0.75,0.25,3,3,4871
SA,wt_sds_24,0.3,0.75,0.25,3,4,4871
SA,wt_sds_24,0.3,0.75,0.25,3,5,4454
SA,wt_sds_24,0.3,0.75,0.25,3,6,2668
SA,wt_sds_24,0.3,0.75,0.25,3,7,2501
SA,wt_sds_24,0.3,0.75,0.25,3,8,1703
SA,wt_sds_24,0.3,0.75,0.25,3,9,1473
SA,wt_sds_24,0.3,0.75,0.25,3,10,1473
SA,wt_sds_24,0.3,0.75,0.25,4,0,4871
SA,wt_sds_24,0.3,0.75,0.25,4,1,4871
SA,wt_sds_24,0.3,0.75,0.25,4,2,4871
SA,wt_sds_24,0.3,0.75,0.25,4,3,4871
SA,wt_sds_24,0.3,0.75,0.25,4,4,4871
SA,wt_sds_24,0.3,0.75,0.25,4,5,4791
SA,wt_sds_24,0.3,0.75,0.25,4,6,2818
SA,wt_sds_24,0.3,0.75,0.25,4,7,2618
SA,wt_sds_24,0.3,0.75,0.25,4,8,2474
SA,wt_sds_24,0.3,0.75,0.25,4,9,1283
SA,wt_sds_24,0.3,0.75,0.25,4,10,1283
SA,wt_sds_25,0.3,0.75,0.25,0,0,2696
SA,wt_sds_25,0.3,0.75,0.25,0,1,2696
SA,wt_sds_25,0.3,0.75,0.25,0,2,2696
SA,wt_sds_25,0.3,0.75,0.25,0,3,2696
SA,wt_sds_25,0.3,0.75,0.25,0,4,2696
SA,wt_sds_25,0.3,0.75,0.25,0,5,914
SA,wt_sds_25,0.3,0.75,0.25,0,6,246
SA,wt_sds_25,0.3,0.75,0.25,0,7,153
SA,wt_sds_25,0.3,0.75,0.25,0,8,8
SA,wt_sds_25,0.3,0.75,0.25,0,9,0
SA,wt_sds_25,0.3,0.75,0.25,0,10,0
SA,wt_sds_25,0.3,0.75,0.25,1,0,2696
SA,wt_sds_25,0.3,0.75,0.25,1,1,2696
SA,wt_sds_25,0.3,0.75,0.25,1,2,2696
SA,wt_sds_25,0.3,0.75,0.25,1,3,2696
SA,wt_sds_25,0.3,0.75,0.25,1,4,2696
SA,wt_sds_25,0.3,0.75,0.25,1,5,2696
SA,wt_sds_25,0.3,0.75,0.25,1,6,663
SA,wt_sds_25,0.3,0.75,0.25,1,7,126
SA,wt_sds_25,0.3,0.75,0.25,1,8,5
SA,wt_sds_25,0.3,0.75,0.25,1,9,0
SA,wt_sds_25,0.3,0.75,0.25,1,10,0
SA,wt_sds_25,0.3,0.75,0.25,2,0,2696
SA,wt_sds_25,0.3,0.75,0.25,2,1,2696
SA,wt_sds_25,0.3,0.75,0.25,2,2,2696
SA,wt_sds_25,0.3,0.75,0.25,2,3,2696
SA,wt_sds_25,0.3,0.75,0.25,2,4,2696
SA,wt_sds_25,0.3,0.75,0.25,2,5,996
SA,wt_sds_25,0.3,0.75,0.25,2,6,286
SA,wt_sds_25,0.3,0.75,0.25,2,7,19
SA,wt_sds_25,0.3,0.75,0.25,2,8,0
SA,wt_sds_25,0.3,0.75,0.25,2,9,0
SA,wt_sds_25,0.3,0.75,0.25,2,10,0
SA,wt_sds_25,0.3,0.75,0.25,3,0,2696
SA,wt_sds_25,0.3,0.75,0.25,3,1,2696
SA,wt_sds_25,0.3,0.75,0.25,3,2,2696
SA,wt_sds_25,0.3,0.75,0.25,3,3,2696
SA,wt_sds_25,0.3,0.75,0.25,3,4,2696
SA,wt_sds_25,0.3,0.75,0.25,3,5,885
SA,wt_sds_25,0.3,0.75,0.25,3,6,226
SA,wt_sds_25,0.3,0.75,0.25,3,7,0
SA,wt_sds_25,0.3,0.75,0.25,3,8,0
SA,wt_sds_25,0.3,0.75,0.25,3,9,0
SA,wt_sds_25,0.3,0.75,0.25,3,10,0
SA,wt_sds_25,0.3,0.75,0.25,4,0,2696
SA,wt_sds_25,0.3,0.75,0.25,4,1,2074
SA,wt_sds_25,0.3,0.75,0.25,4,2,2074
SA,wt_sds_25,0.3,0.75,0.25,4,3,2074
SA,wt_sds_25,0.3,0.75,0.25,4,4,2074
SA,wt_sds_25,0.3,0.75,0.25,4,5,390
SA,wt_sds_25,0.3,0.75,0.25,4,6,153
SA,wt_sds_25,0.3,0.75,0.25,4,7,0
SA,wt_sds_25,0.3,0.75,0.25,4,8,0
SA,wt_sds_25,0.3,0.75,0.25,4,9,0
SA,wt_sds_25,0.3,0.75,0.25,4,10,0
SA,wt_sds_31,0.3,0.75,0.75,0,0,237
SA,wt_sds_31,0.3,0.75,0.75,0,1,152
SA,wt_sds_31,0.3,0.75,0.75,0,2,152
SA,wt_sds_31,0.3,0.75,0.75,0,3,152
SA,wt_sds_31,0.3,0.75,0.75,0,4,152
SA,wt_sds_31,0.3,0.75,0.75,0,5,0
SA,wt_sds_31,0.3,0.75,0.75,0,6,0
SA,wt_sds_31,0.3,0.75,0.75,0,7,0
SA,wt_sds_31,0.3,0.75,0.75,0,8,0
SA,wt_sds_31,0.3,0.75,0.75,0,9,0
SA,wt_sds_31,0.3,0.75,0.75,0,10,0
SA,wt_sds_31,0.3,0.75,0.75,1,0,237
SA,wt_sds_31,0.3,0.75,0.75,1,1,224
SA,wt_sds_31,0.3,0.75,0.75,1,2,224
SA,wt_sds_31,0.3,0.75,0.75,1,3,224
SA,wt_sds_31,0.3,0.75,0.75,1,4,224
SA,wt_sds_31,0.3,0.75,0.75,1,5,0
SA,wt_sds_31,0.3,0.75,0.75,1,6,0
SA,wt_sds_31,0.3,0.75,0.75,1,7,0
SA,wt_sds_31,0.3,0.75,0.75,1,8,0
SA,wt_sds_31,0.3,0.75,0.75,1,9,0
SA,wt_sds_31,0.3,0.75,0.75,1,10,0
SA,wt_sds_31,0.3,0.75,0.75,2,0,237
SA,wt_sds_31,0.3,0.75,0.75,2,1,224
SA,wt_sds_31,0.3,0.75,0.75,2,2,224
SA,wt_sds_31,0.3,0.75,0.75,2,3,224
SA,wt_sds_31,0.3,0.75,0.75,2,4,224
SA,wt_sds_31,0.3,0.75,0.75,2,5,0
SA,wt_sds_31,0.3,0.75,0.75,2,6,0
SA,wt_sds_31,0.3,0.75,0.75,2,7,0
SA,wt_sds_31,0.3,0.75,0.75,2,8,0
SA,wt_sds_31,0.3,0.75,0.75,2,9,0
SA,wt_sds_31,0.3,0.75,0.75,2,10,0
SA,wt_sds_31,0.3,0.75,0.75,3,0,237
SA,wt_sds_31,0.3,0.75,0.75,3,1,237
SA,wt_sds_31,0.3,0.75,0.75,3,2,237
SA,wt_sds_31,0.3,0.75,0.75,3,3,237
SA,wt_sds_31,0.3,0.75,0.75,3,4,237
SA,wt_sds_31,0.3,0.75,0.75,3,5,0
SA,wt_sds_31,0.3,0.75,0.75,3,6,0
SA,wt_sds_31,0.3,0.75,0.75,3,7,0
SA,wt_sds_31,0.3,0.75,0.75,3,8,0
SA,wt_sds_31,0.3,0.75,0.75,3,9,0
SA,wt_sds_31,0.3,0.75,0.75,3,10,0
SA,wt_sds_31,0.3,0.75,0.75,4,0,237
SA,wt_sds_31,0.3,0.75,0.75,4,1,237
SA,wt_sds_31,0.3,0.75,0.75,4,2,237
SA,wt_sds_31,0.3,0.75,0.75,4,3,237
SA,wt_sds_31,0.3,0.75,0.75,4,4,0
SA,wt_sds_31,0.3,0.75,0.75,4,5,0
SA,wt_sds_31,0.3,0.75,0.75,4,6,0
SA,wt_sds_31,0.3,0.75,0.75,4,7,0
SA,wt_sds_31,0.3,0.75,0.75,4,8,0
SA,wt_sds_31,0.3,0.75,0.75,4,9,0
SA,wt_sds_31,0.3,0.75,0.75,4,10,0
SA,wt_sds_32,0.3,0.75,0.75,0,0,1595
SA,wt_sds_32,0.3,0.75,0.75,0,1,1220
SA,wt_sds_32,0.3,0.75,0.75,0,2,1220
SA,wt_sds_32,0.3,0.75,0.75,0,3,1220
SA,wt_sds_32,0.3,0.75,0.75,0,4,1220
SA,wt_sds_32,0.3,0.75,0.75,0,5,0
SA,wt_sds_32,0.3,0.75,0.75,0,6,0
SA,wt_sds_32,0.3,0.75,0.75,0,7,0
SA,wt_sds_32,0.3,0.75,0.75,0,8,0
SA,wt_sds_32,0.3,0.75,0.75,0,9,0
SA,wt_sds_32,0.3,0.75,0.75,0,10,0
SA,wt_sds_32,0.3,0.75,0.75,1,0,1595
SA,wt_sds_32,0.3,0.75,0.75,1,1,1595
SA,wt_sds_32,0.3,0.75,0.75,1,2,1595
SA,wt_sds_32,0.3,0.75,0.75,1,3,1595
SA,wt_sds_32,0.3,0.75,0.75,1,4,1595
SA,wt_sds_32,0.3,0.75,0.75,1,5,33
SA,wt_sds_32,0.3,0.75,0.75,1,6,0
SA,wt_sds_32,0.3,0.75,0.75,1,7,0
SA,wt_sds_32,0.3,0.75,0.75,1,8,0
SA,wt_sds_32,0.3,0.75,0.75,1,9,0
SA,wt_sds_32,0.3,0.75,0.75,1,10,0
SA,wt_sds_32,0.3,0.75,0.75,2,0,1595
SA,wt_sds_32,0.3,0.75,0.75,2,1,1595
SA,wt_sds_32,0.3,0.75,0.75,2,2,1595
SA,wt_sds_32,0.3,0.75,0.75,2,3,1595
SA,wt_sds_32,0.3,0.75,0.75,2,4,979
SA,wt_sds_32,0.3,0.75,0.75,2,5,0
SA,wt_sds_32,0.3,0.75,0.75,2,6,0
SA,wt_sds_32,0.3,0.75,0.75,2,7,0
SA,wt_sds_32,0.3,0.75,0.75,2,8,0
SA,wt_sds_32,0.3,0.75,0.75,2,9,0
SA,wt_sds_32,0.3,0.75,0.75,2,10,0
SA,wt_sds_32,0.3,0.75,0.75,3,0,1595
SA,wt_sds_32,0.3,0.75,0.75,3,1,1559
SA,wt_sds_32,0.3,0.75,0.75,3,2,1559
SA,wt_sds_32,0.3,0.75,0.75,3,3,1559
SA,wt_sds_32,0.3,0.75,0.75,3,4,961
SA,wt_sds_32,0.3,0.75,0.75,3,5,25
SA,wt_sds_32,0.3,0.75,0.75,3,6,0
SA,wt_sds_32,0.3,0.75,0.75,3,7,0
SA,wt_sds_32,0.3,0.75,0.75,3,8,0
SA,wt_sds_32,0.3,0.75,0.75,3,9,0
SA,wt_sds_32,0.3,0.75,0.75,3,10,0
SA,wt_sds_32,0.3,0.75,0.75,4,0,1595
SA,wt_sds_32,0.3,0.75,0.75,4,1,1595
SA,wt_sds_32,0.3,0.75,0.75,4,2,1595
SA,wt_sds_32,0.3,0.75,0.75,4,3,1595
SA,wt_sds_32,0.3,0.75,0.75,4,4,154
SA,wt_sds_32,0.3,0.75,0.75,4,5,0
SA,wt_sds_32,0.3,0.75,0.75,4,6,0
SA,wt_sds_32,0.3,0.75,0.75,4,7,0
SA,wt_sds_32,0.3,0.75,0.75,4,8,0
SA,wt_sds_32,0.3,0.75,0.75,4,9,0
SA,wt_sds_32,0.3,0.75,0.75,4,10,0
SA,wt_sds_33,0.3,0.75,0.75,0,0,541
SA,wt_sds_33,0.3,0.75,0.75,0,1,541
SA,wt_sds_33,0.3,0.75,0.75,0,2,541
SA,wt_sds_33,0.3,0.75,0.75,0,3,541
SA,wt_sds_33,0.3,0.75,0.75,0,4,541
SA,wt_sds_33,0.3,0.75,0.75,0,5,0
SA,wt_sds_33,0.3,0.75,0.75,0,6,0
SA,wt_sds_33,0.3,0.75,0.75,0,7,0
SA,wt_sds_33,0.3,0.75,0.75,0,8,0
SA,wt_sds_33,0.3,0.75,0.75,0,9,0
SA,wt_sds_33,0.3,0.75,0.75,0,10,0
SA,wt_sds_33,0.3,0.75,0.75,1,0,541
SA,wt_sds_33,0.3,0.75,0.75,1,1,541
SA,wt_sds_33,0.3,0.75,0.75,1,2,541
SA,wt_sds_33,0.3,0.75,0.75,1,3,541
SA,wt_sds_33,0.3,0.75,0.75,1,4,541
SA,wt_sds_33,0.3,0.75,0.75,1,5,541
SA,wt_sds_33,0.3,0.75,0.75,1,6,0
SA,wt_sds_33,0.3,0.75,0.75,1,7,0
SA,wt_sds_33,0.3,0.75,0.75,1,8,0
SA,wt_sds_33,0.3,0.75,0.75,1,9,0
SA,wt_sds_33,0.3,0.75,0.75,1,10,0
SA,wt_sds_33,0.3,0.75,0.75,2,0,541
SA,wt_sds_33,0.3,0.75,0.75,2,1,190
SA,wt_sds_33,0.3,0.75,0.75,2,2,190
SA,wt_sds_33,0.3,0.75,0.75,2,3,190
SA,wt_sds_33,0.3,0.75,0.75,2,4,190
SA,wt_sds_33,0.3,0.75,0.75,2,5,11
SA,wt_sds_33,0.3,0.75,0.75,2,6,0
SA,wt_sds_33,0.3,0.75,0.75,2,7,0
SA,wt_sds_33,0.3,0.75,0.75,2,8,0
SA,wt_sds_33,0.3,0.75,0.75,2,9,0
SA,wt_sds_33,0.3,0.75,0.75,2,10,0
SA,wt_sds_33,0.3,0.75,0.75,3,0,541
SA,wt_sds_33,0.3,0.75,0.75,3,1,541
SA,wt_sds_33,0.3,0.75,0.75,3,2,541
SA,wt_sds_33,0.3,0.75,0.75,3,3,541
SA,wt_sds_33,0.3,0.75,0.75,3,4,541
SA,wt_sds_33,0.3,0.75,0.75,3,5,443
SA,wt_sds_33,0.3,0.75,0.75,3,6,0
SA,wt_sds_33,0.3,0.75,0.75,3,7,0
SA,wt_sds_33,0.3,0.75,0.75,3,8,0
SA,wt_sds_33,0.3,0.75,0.75,3,9,0
SA,wt_sds_33,0.3,0.75,0.75,3,10,0
SA,wt_sds_33,0.3,0.75,0.75,4,0,541
SA,wt_sds_33,0.3,0.75,0.75,4,1,367
SA,wt_sds_33,0.3,0.75,0.75,4,2,367
SA,wt_sds_33,0.3,0.75,0.75,4,3,367
SA,wt_sds_33,0.3,0.75,0.75,4,4,367
SA,wt_sds_33,0.3,0.75,0.75,4,5,35
SA,wt_sds_33,0.3,0.75,0.75,4,6,0
SA,wt_sds_33,0.3,0.75,0.75,4,7,0
SA,wt_sds_33,0.3,0.75,0.75,4,8,0
SA,wt_sds_33,0.3,0.75,0.75,4,9,0
SA,wt_sds_33,0.3,0.75,0.75,4,10,0
SA,wt_sds_34,0.3,0.75,0.75,0,0,0
SA,wt_sds_34,0.3,0.75,0.75,0,1,0
SA,wt_sds_34,0.3,0.75,0.75,0,2,0
SA,wt_sds_34,0.3,0.75,0.75,0,3,0
SA,wt_sds_34,0.3,0.75,0.75,0,4,0
SA,wt_sds_34,0.3,0.75,0.75,0,5,0
SA,wt_sds_34,0.3,0.75,0.75,0,6,0
SA,wt_sds_34,0.3,0.75,0.75,0,7,0
SA,wt_sds_34,0.3,0.75,0.75,0,8,0
SA,wt_sds_34,0.3,0.75,0.75,0,9,0
SA,wt_sds_34,0.3,0.75,0.75,0,10,0
SA,wt_sds_34,0.3,0.75,0.75,1,0,0
SA,wt_sds_34,0.3,0.75,0.75,1,1,0
SA,wt_sds_34,0.3,0.75,0.75,1,2,0
SA,wt_sds_34,0.3,0.75,0.75,1,3,0
SA,wt_sds_34,0.3,0.75,0.75,1,4,0
SA,wt_sds_34,0.3,0.75,0.75,1,5,0
SA,wt_sds_34,0.3,0.75,0.75,1,6,0
SA,wt_sds_34,0.3,0.75,0.75,1,7,0
SA,wt_sds_34,0.3,0.75,0.75,1,8,0
SA,wt_sds_34,0.3,0.75,0.75,1,9,0
SA,wt_sds_34,0.3,0.75,0.75,1,10,0
SA,wt_sds_34,0.3,0.75,0.75,2,0,0
SA,wt_sds_34,0.3,0.75,0.75,2,1,0
SA,wt_sds_34,0.3,0.75,0.75,2,2,0
SA,wt_sds_34,0.3,0.75,0.75,2,3,0
SA,wt_sds_34,0.3,0.75,0.75,2,4,0
SA,wt_sds_34,0.3,0.75,0.75,2,5,0
SA,wt_sds_34,0.3,0.75,0.75,2,6,0
SA,wt_sds_34,0.3,0.75,0.75,2,7,0
SA,wt_sds_34,0.3,0.75,0.75,2,8,0
SA,wt_sds_34,0.3,0.75,0.75,2,9,0
SA,wt_sds_34,0.3,0.75,0.75,2,10,0
SA,wt_sds_34,0.3,0.75,0.75,3,0,0
SA,wt_sds_34,0.3,0.75,0.75,3,1,0
SA,wt_sds_34,0.3,0.75,0.75,3,2,0
SA,wt_sds_34,0.3,0.75,0.75,3,3,0
SA,wt_sds_34,0.3,0.75,0.75,3,4,0
SA,wt_sds_34,0.3,0.75,0.75,3,5,0
SA,wt_sds_34,0.3,0.75,0.75,3,6,0
SA,wt_sds_34,0.3,0.75,0.75,3,7,0
SA,wt_sds_34,0.3,0.75,0.75,3,8,0
SA,wt_sds_34,0.3,0.75,0.75,3,9,0
SA,wt_sds_34,0.3,0.75,0.75,3,10,0
SA,wt_sds_34,0.3,0.75,0.75,4,0,0
SA,wt_sds_34,0.3,0.75,0.75,4,1,0
SA,wt_sds_34,0.3,0.75,0.75,4,2,0
SA,wt_sds_34,0.3,0.75,0.75,4,3,0
SA,wt_sds_34,0.3,0.75,0.75,4,4,0
SA,wt_sds_34,0.3,0.75,0.75,4,5,0
SA,wt_sds_34,0.3,0.75,0.75,4,6,0
SA,wt_sds_34,0.3,0.75,0.75,4,7,0
SA,wt_sds_34,0.3,0.75,0.75,4,8,0
SA,wt_sds_34,0.3,0.75,0.75,4,9,0
SA,wt_sds_34,0.3,0.75,0.75,4,10,0
SA,wt_sds_35,0.3,0.75,0.75,0,0,0
SA,wt_sds_35,0.3,0.75,0.75,0,1,0
SA,wt_sds_35,0.3,0.75,0.75,0,2,0
SA,wt_sds_35,0.3,0.75,0.75,0,3,0
SA,wt_sds_35,0.3,0.75,0.75,0,4,0
SA,wt_sds_35,0.3,0.75,0.75,0,5,0
SA,wt_sds_35,0.3,0.75,0.75,0,6,0
SA,wt_sds_35,0.3,0.75,0.75,0,7,0
SA,wt_sds_35,0.3,0.75,0.75,0,8,0
SA,wt_sds_35,0.3,0.75,0.75,0,9,0
SA,wt_sds_35,0.3,0.75,0.75,0,10,0
SA,wt_sds_35,0.3,0.75,0.75,1,0,0
SA,wt_sds_35,0.3,0.75,0.75,1,1,0
SA,wt_sds_35,0.3,0.75,0.75,1,2,0
SA,wt_sds_35,0.3,0.75,0.75,1,3,0
SA,wt_sds_35,0.3,0.75,0.75,1,4,0
SA,wt_sds_35,0.3,0.75,0.75,1,5,0
SA,wt_sds_35,0.3,0.75,0.75,1,6,0
SA,wt_sds_35,0.3,0.75,0.75,1,7,0
SA,wt_sds_35,0.3,0.75,0.75,1,8,0
SA,wt_sds_35,0.3,0.75,0.75,1,9,0
SA,wt_sds_35,0.3,0.75,0.75,1,10,0
SA,wt_sds_35,0.3,0.75,0.75,2,0,0
SA,wt_sds_35,0.3,0.75,0.75,2,1,0
SA,wt_sds_35,0.3,0.75,0.75,2,2,0
SA,wt_sds_35,0.3,0.75,0.75,2,3,0
SA,wt_sds_35,0.3,0.75,0.75,2,4,0
SA,wt_sds_35,0.3,0.75,0.75,2,5,0
SA,wt_sds_35,0.3,0.75,0.75,2,6,0
SA,wt_sds_35,0.3,0.75,0.75,2,7,0
SA,wt_sds_35,0.3,0.75,0.75,2,8,0
SA,wt_sds_35,0.3,0.75,0.75,2,9,0
SA,wt_sds_35,0.3,0.75,0.75,2,10,0
SA,wt_sds_35,0.3,0.75,0.75,3,0,0
SA,wt_sds_35,0.3,0.75,0.75,3,1,0
SA,wt_sds_35,0.3,0.75,0.75,3,2,0
SA,wt_sds_35,0.3,0.75,0.75,3,3,0
SA,wt_sds_35,0.3,0.75,0.75,3,4,0
SA,wt_sds_35,0.3,0.75,0.75,3,5,0
SA,wt_sds_35,0.3,0.75,0.75,3,6,0
SA,wt_sds_35,0.3,0.75,0.75,3,7,0
SA,wt_sds_35,0.3,0.75,0.75,3,8,0
SA,wt_sds_35,0.3,0.75,0.75,3,9,0
SA,wt_sds_35,0.3,0.75,0.75,3,10,0
SA,wt_sds_35,0.3,0.75,0.75,4,0,0
SA,wt_sds_35,0.3,0.75,0.75,4,1,0
SA,wt_sds_35,0.3,0.75,0.75,4,2,0
SA,wt_sds_35,0.3,0.75,0.75,4,3,0
SA,wt_sds_35,0.3,0.75,0.75,4,4,0
SA,wt_sds_35,0.3,0.75,0.75,4,5,0
SA,wt_sds_35,0.3,0.75,0.75,4,6,0
SA,wt_sds_35,0.3,0.75,0.75,4,7,0
SA,wt_sds_35,0.3,0.75,0.75,4,8,0
SA,wt_sds_35,0.3,0.75,0.75,4,9,0
SA,wt_sds_35,0.3,0.75,0.75,4,10,0
SA,wt_sds_81,0.9,0.25,0.25,0,0,404367
SA,wt_sds_81,0.9,0.25,0.25,0,1,404367
SA,wt_sds_81,0.9,0.25,0.25,0,2,404367
SA,wt_sds_81,0.9,0.25,0.25,0,3,404367
SA,wt_sds_81,0.9,0.25,0.25,0,4,404367
SA,wt_sds_81,0.9,0.25,0.25,0,5,404367
SA,wt_sds_81,0.9,0.25,0.25,0,6,391625
SA,wt_sds_81,0.9,0.25,0.25,0,7,386891
SA,wt_sds_81,0.9,0.25,0.25,0,8,386891
SA,wt_sds_81,0.9,0.25,0.25,0,9,386891
SA,wt_sds_81,0.9,0.25,0.25,0,10,386891
SA,wt_sds_81,0.9,0.25,0.25,1,0,404367
SA,wt_sds_81,0.9,0.25,0.25,1,1,404367
SA,wt_sds_81,0.9,0.25,0.25,1,2,404367
SA,wt_sds_81,0.9,0.25,0.25,1,3,404367
SA,wt_sds_81,0.9,0.25,0.25,1,4,404367
SA,wt_sds_81,0.9,0.25,0.25,1,5,396012
SA,wt_sds_81,0.9,0.25,0.25,1,6,391648
SA,wt_sds_81,0.9,0.25,0.25,1,7,390161
SA,wt_sds_81,0.9,0.25,0.25,1,8,390087
SA,wt_sds_81,0.9,0.25,0.25,1,9,390087
SA,wt_sds_81,0.9,0.25,0.25,1,10,390087
SA,wt_sds_81,0.9,0.25,0.25,2,0,404367
SA,wt_sds_81,0.9,0.25,0.25,2,1,404367
SA,wt_sds_81,0.9,0.25,0.25,2,2,404367
SA,wt_sds_81,0.9,0.25,0.25,2,3,404367
SA,wt_sds_81,0.9,0.25,0.25,2,4,404367
SA,wt_sds_81,0.9,0.25,0.25,2,5,404367
SA,wt_sds_81,0.9,0.25,0.25,2,6,395626
SA,wt_sds_81,0.9,0.25,0.25,2,7,392111
SA,wt_sds_81,0.9,0.25,0.25,2,8,391826
SA,wt_sds_81,0.9,0.25,0.25,2,9,391826
SA,wt_sds_81,0.9,0.25,0.25,2,10,391826
SA,wt_sds_81,0.9,0.25,0.25,3,0,404367
SA,wt_sds_81,0.9,0.25,0.25,3,1,404367
SA,wt_sds_81,0.9,0.25,0.25,3,2,404367
SA,wt_sds_81,0.9,0.25,0.25,3,3,404367
SA,wt_sds_81,0.9,0.25,0.25,3,4,404367
SA,wt_sds_81,0.9,0.25,0.25,3,5,404367
SA,wt_sds_81,0.9,0.25,0.25,3,6,393052
SA,wt_sds_81,0.9,0.25,0.25,3,7,389668
SA,wt_sds_81,0.9,0.25,0.25,3,8,389668
SA,wt_sds_81,0.9,0.25,0.25,3,9,389668
SA,wt_sds_81,0.9,0.25,0.25,3,10,389668
SA,wt_sds_81,0.9,0.25,0.25,4,0,404367
SA,wt_sds_81,0.9,0.25,0.25,4,1,404367
SA,wt_sds_81,0.9,0.25,0.25,4,2,404367
SA,wt_sds_81,0.9,0.25,0.25,4,3,404367
SA,wt_sds_81,0.9,0.25,0.25,4,4,404367
SA,wt_sds_81,0.9,0.25,0.25,4,5,400797
SA,wt_sds_81,0.9,0.25,0.25,4,6,391828
SA,wt_sds_81,0.9,0.25,0.25,4,7,390963
SA,wt_sds_81,0.9,0.25,0.25,4,8,390954
SA,wt_sds_81,0.9,0.25,0.25,4,9,390954
SA,wt_sds_81,0.9,0.25,0.25,4,10,390954
SA,wt_sds_82,0.9,0.25,0.25,0,0,429017
SA,wt_sds_82,0.9,0.25,0.25,0,1,429017
SA,wt_sds_82,0.9,0.25,0.25,0,2,429017
SA,wt_sds_82,0.9,0.25,0.25,0,3,429017
SA,wt_sds_82,0.9,0.25,0.25,0,4,429017
SA,wt_sds_82,0.9,0.25,0.25,0,5,427531
SA,wt_sds_82,0.9,0.25,0.25,0,6,421710
SA,wt_sds_82,0.9,0.25,0.25,0,7,420572
SA,wt_sds_82,0.9,0.25,0.25,0,8,420572
SA,wt_sds_82,0.9,0.25,0.25,0,9,420572
SA,wt_sds_82,0.9,0.25,0.25,0,10,420572
SA,wt_sds_82,0.9,0.25,0.25,1,0,429017
SA,wt_sds_82,0.9,0.25,0.25,1,1,428707
SA,wt_sds_82,0.9,0.25,0.25,1,2,428707
SA,wt_sds_82,0.9,0.25,0.25,1,3,428707
SA,wt_sds_82,0.9,0.25,0.25,1,4,428707
SA,wt_sds_82,0.9,0.25,0.25,1,5,424494
SA,wt_sds_82,0.9,0.25,0.25,1,6,417918
SA,wt_sds_82,0.9,0.25,0.25,1,7,416508
SA,wt_sds_82,0.9,0.25,0.25,1,8,416229
SA,wt_sds_82,0.9,0.25,0.25,1,9,416229
SA,wt_sds_82,0.9,0.25,0.25,1,10,416229
SA,wt_sds_82,0.9,0.25,0.25,2,0,429017
SA,wt_sds_82,0.9,0.25,0.25,2,1,429017
SA,wt_sds_82,0.9,0.25,0.25,2,2,429017
SA,wt_sds_82,0.9,0.25,0.25,2,3,429017
SA,wt_sds_82,0.9,0.25,0.25,2,4,429017
SA,wt_sds_82,0.9,0.25,0.25,2,5,426354
SA,wt_sds_82,0.9,0.25,0.25,2,6,419859
SA,wt_sds_82,0.9,0.25,0.25,2,7,416913
SA,wt_sds_82,0.9,0.25,0.25,2,8,416694
SA,wt_sds_82,0.9,0.25,0.25,2,9,416694
SA,wt_sds_82,0.9,0.25,0.25,2,10,416694
SA,wt_sds_82,0.9,0.25,0.25,3,0,429017
SA,wt_sds_82,0.9,0.25,0.25,3,1,429017
SA,wt_sds_82,0.9,0.25,0.25,3,2,429017
SA,wt_sds_82,0.9,0.25,0.25,3,3,429017
SA,wt_sds_82,0.9,0.25,0.25,3,4,429017
SA,wt_sds_82,0.9,0.25,0.25,3,5,425428
SA,wt_sds_82,0.9,0.25,0.25,3,6,418653
SA,wt_sds_82,0.9,0.25,0.25,3,7,416544
SA,wt_sds_82,0.9,0.25,0.25,3,8,416221
SA,wt_sds_82,0.9,0.25,0.25,3,9,416221
SA,wt_sds_82,0.9,0.25,0.25,3,10,416221
SA,wt_sds_82,0.9,0.25,0.25,4,0,429017
SA,wt_sds_82,0.9,0.25,0.25,4,1,429017
SA,wt_sds_82,0.9,0.25,0.25,4,2,429017
SA,wt_sds_82,0.9,0.25,0.25,4,3,429017
SA,wt_sds_82,0.9,0.25,0.25,4,4,429017
SA,wt_sds_82,0.9,0.25,0.25,4,5,429017
SA,wt_sds_82,0.9,0.25,0.25,4,6,422476
SA,wt_sds_82,0.9,0.25,0.25,4,7,421448
SA,wt_sds_82,0.9,0.25,0.25,4,8,421448
SA,wt_sds_82,0.9,0.25,0.25,4,9,421448
SA,wt_sds_82,0.9,0.25,0.25,4,10,421448
SA,wt_sds_83,0.9,0.25,0.25,0,0,480103
SA,wt_sds_83,0.9,0.25,0.25,0,1,480103
SA,wt_sds_83,0.9,0.25,0.25,0,2,480103
SA,wt_sds_83,0.9,0.25,0.25,0,3,480103
SA,wt_sds_83,0.9,0.25,0.25,0,4,480103
SA,wt_sds_83,0.9,0.25,0.25,0,5,480103
SA,wt_sds_83,0.9,0.25,0.25,0,6,475267
SA,wt_sds_83,0.9,0.25,0.25,0,7,468887
SA,wt_sds_83,0.9,0.25,0.25,0,8,468453
SA,wt_sds_83,0.9,0.25,0.25,0,9,468453
SA,wt_sds_83,0.9,0.25,0.25,0,10,468453
SA,wt_sds_83,0.9,0.25,0.25,1,0,480103
SA,wt_sds_83,0.9,0.25,0.25,1,1,480103
SA,wt_sds_83,0.9,0.25,0.25,1,2,480103
SA,wt_sds_83,0.9,0.25,0.25,1,3,480103
SA,wt_sds_83,0.9,0.25,0.25,1,4,480103
SA,wt_sds_83,0.9,0.25,0.25,1,5,476691
SA,wt_sds_83,0.9,0.25,0.25,1,6,465431
SA,wt_sds_83,0.9,0.25,0.25,1,7,464907
SA,wt_sds_83,0.9,0.25,0.25,1,8,463573
SA,wt_sds_83,0.9,0.25,0.25,1,9,463573
SA,wt_sds_83,0.9,0.25,0.25,1,10,463573
SA,wt_sds_83,0.9,0.25,0.25,2,0,480103
SA,wt_sds_83,0.9,0.25,0.25,2,1,480103
SA,wt_sds_83,0.9,0.25,0.25,2,2,480103
SA,wt_sds_83,0.9,0.25,0.25,2,3,480103
SA,wt_sds_83,0.9,0.25,0.25,2,4,480103
SA,wt_sds_83,0.9,0.25,0.25,2,5,480103
SA,wt_sds_83,0.9,0.25,0.25,2,6,475639
SA,wt_sds_83,0.9,0.25,0.25,2,7,472732
SA,wt_sds_83,0.9,0.25,0.25,2,8,472266
SA,wt_sds_83,0.9,0.25,0.25,2,9,472046
SA,wt_sds_83,0.9,0.25,0.25,2,10,472046
SA,wt_sds_83,0.9,0.25,0.25,3,0,480103
SA,wt_sds_83,0.9,0.25,0.25,3,1,480103
SA,wt_sds_83,0.9,0.25,0.25,3,2,480103
SA,wt_sds_83,0.9,0.25,0.25,3,3,480103
SA,wt_sds_83,0.9,0.25,0.25,3,4,480103
SA,wt_sds_83,0.9,0.25,0.25,3,5,480103
SA,wt_sds_83,0.9,0.25,0.25,3,6,476416
SA,wt_sds_83,0.9,0.25,0.25,3,7,475085
SA,wt_sds_83,0.9,0.25,0.25,3,8,474922
SA,wt_sds_83,0.9,0.25,0.25,3,9,474922
SA,wt_sds_83,0.9,0.25,0.25,3,10,474922
SA,wt_sds_83,0.9,0.25,0.25,4,0,480103
SA,wt_sds_83,0.9,0.25,0.25,4,1,480103
SA,wt_sds_83,0.9,0.25,0.25,4,2,480103
SA,wt_sds_83,0.9,0.25,0.25,4,3,480103
SA,wt_sds_83,0.9,0.25,0.25,4,4,480103
SA,wt_sds_83,0.9,0.25,0.25,4,5,475566
SA,wt_sds_83,0.9,0.25,0.25,4,6,468784
SA,wt_sds_83,0.9,0.25,0.25,4,7,467514
SA,wt_sds_83,0.9,0.25,0.25,4,8,467390
SA,wt_sds_83,0.9,0.25,0.25,4,9,467390
SA,wt_sds_83,0.9,0.25,0.25,4,10,467390
SA,wt_sds_84,0.9,0.25,0.25,0,0,340970
SA,wt_sds_84,0.9,0.25,0.25,0,1,340970
SA,wt_sds_84,0.9,0.25,0.25,0,2,340970
SA,wt_sds_84,0.9,0.25,0.25,0,3,340970
SA,wt_sds_84,0.9,0.25,0.25,0,4,340970
SA,wt_sds_84,0.9,0.25,0.25,0,5,340970
SA,wt_sds_84,0.9,0.25,0.25,0,6,333427
SA,wt_sds_84,0.9,0.25,0.25,0,7,331758
SA,wt_sds_84,0.9,0.25,0.25,0,8,331744
SA,wt_sds_84,0.9,0.25,0.25,0,9,331744
SA,wt_sds_84,0.9,0.25,0.25,0,10,331744
SA,wt_sds_84,0.9,0.25,0.25,1,0,340970
SA,wt_sds_84,0.9,0.25,0.25,1,1,340970
SA,wt_sds_84,0.9,0.25,0.25,1,2,340970
SA,wt_sds_84,0.9,0.25,0.25,1,3,340970
SA,wt_sds_84,0.9,0.25,0.25,1,4,340970
SA,wt_sds_84,0.9,0.25,0.25,1,5,340970
SA,wt_sds_84,0.9,0.25,0.25,1,6,340970
SA,wt_sds_84,0.9,0.25,0.25,1,7,339181
SA,wt_sds_84,0.9,0.25,0.25,1,8,339161
SA,wt_sds_84,0.9,0.25,0.25,1,9,339160
SA,wt_sds_84,0.9,0.25,0.25,1,10,339160
SA,wt_sds_84,0.9,0.25,0.25,2,0,340970
SA,wt_sds_84,0.9,0.25,0.25,2,1,340970
SA,wt_sds_84,0.9,0.25,0.25,2,2,340970
SA,wt_sds_84,0.9,0.25,0.25,2,3,340970
SA,wt_sds_84,0.9,0.25,0.25,2,4,340970
SA,wt_sds_84,0.9,0.25,0.25,2,5,340970
SA,wt_sds_84,0.9,0.25,0.25,2,6,337444
SA,wt_sds_84,0.9,0.25,0.25,2,7,333651
SA,wt_sds_84,0.9,0.25,0.25,2,8,332838
SA,wt_sds_84,0.9,0.25,0.25,2,9,332838
SA,wt_sds_84,0.9,0.25,0.25,2,10,332838
SA,wt_sds_84,0.9,0.25,0.25,3,0,340970
SA,wt_sds_84,0.9,0.25,0.25,3,1,340970
SA,wt_sds_84,0.9,0.25,0.25,3,2,340970
SA,wt_sds_84,0.9,0.25,0.25,3,3,340970
SA,wt_sds_84,0.9,0.25,0.25,3,4,340970
SA,wt_sds_84,0.9,0.25,0.25,3,5,340970
SA,wt_sds_84,0.9,0.25,0.25,3,6,335657
SA,wt_sds_84,0.9,0.25,0.25,3,7,335453
SA,wt_sds_84,0.9,0.25,0.25,3,8,334501
SA,wt_sds_84,0.9,0.25,0.25,3,9,334490
SA,wt_sds_84,0.9,0.25,0.25,3,10,334490
SA,wt_sds_84,0.9,0.25,0.25,4,0,340970
SA,wt_sds_84,0.9,0.25,0.25,4,1,340970
SA,wt_sds_84,0.9,0.25,0.25,4,2,340970
SA,wt_sds_84,0.9,0.25,0.25,4,3,340970
SA,wt_sds_84,0.9,0.25,0.25,4,4,340970
SA,wt_sds_84,0.9,0.25,0.25,4,5,340970
SA,wt_sds_84,0.9,0.25,0.25,4,6,340970
SA,wt_sds_84,0.9,0.25,0.25,4,7,338246
SA,wt_sds_84,0.9,0.25,0.25,4,8,338235
SA,wt_sds_84,0.9,0.25,0.25,4,9,338235
SA,wt_sds_84,0.9,0.25,0.25,4,10,338235
SA,wt_sds_85,0.9,0.25,0.25,0,0,574751
SA,wt_sds_85,0.9,0.25,0.25,0,1,574751
SA,wt_sds_85,0.9,0.25,0.25,0,2,574751
SA,wt_sds_85,0.9,0.25,0.25,0,3,574751
SA,wt_sds_85,0.9,0.25,0.25,0,4,574751
SA,wt_sds_85,0.9,0.25,0.25,0,5,574751
SA,wt_sds_85,0.9,0.25,0.25,0,6,565340
SA,wt_sds_85,0.9,0.25,0.25,0,7,562354
SA,wt_sds_85,0.9,0.25,0.25,0,8,562154
SA,wt_sds_85,0.9,0.25,0.25,0,9,562145
SA,wt_sds_85,0.9,0.25,0.25,0,10,562145
SA,wt_sds_85,0.9,0.25,0.25,1,0,574751
SA,wt_sds_85,0.9,0.25,0.25,1,1,574520
SA,wt_sds_85,0.9,0.25,0.25,1,2,574520
SA,wt_sds_85,0.9,0.25,0.25,1,3,574520
SA,wt_sds_85,0.9,0.25,0.25,1,4,574520
SA,wt_sds_85,0.9,0.25,0.25,1,5,567248
SA,wt_sds_85,0.9,0.25,0.25,1,6,565173
SA,wt_sds_85,0.9,0.25,0.25,1,7,564579
SA,wt_sds_85,0.9,0.25,0.25,1,8,564524
SA,wt_sds_85,0.9,0.25,0.25,1,9,564507
SA,wt_sds_85,0.9,0.25,0.25,1,10,564507
SA,wt_sds_85,0.9,0.25,0.25,2,0,574751
SA,wt_sds_85,0.9,0.25,0.25,2,1,574751
SA,wt_sds_85,0.9,0.25,0.25,2,2,574751
SA,wt_sds_85,0.9,0.25,0.25,2,3,574751
SA,wt_sds_85,0.9,0.25,0.25,2,4,574751
SA,wt_sds_85,0.9,0.25,0.25,2,5,570324
SA,wt_sds_85,0.9,0.25,0.25,2,6,563504
SA,wt_sds_85,0.9,0.25,0.25,2,7,561868
SA,wt_sds_85,0.9,0.25,0.25,2,8,561348
SA,wt_sds_85,0.9,0.25,0.25,2,9,561348
SA,wt_sds_85,0.9,0.25,0.25,2,10,561348
SA,wt_sds_85,0.9,0.25,0.25,3,0,574751
SA,wt_sds_85,0.9,0.25,0.25,3,1,574751
SA,wt_sds_85,0.9,0.25,0.25,3,2,574751
SA,wt_sds_85,0.9,0.25,0.25,3,3,574751
SA,wt_sds_85,0.9,0.25,0.25,3,4,574751
SA,wt_sds_85,0.9,0.25,0.25,3,5,574751
SA,wt_sds_85,0.9,0.25,0.25,3,6,567211
SA,wt_sds_85,0.9,0.25,0.25,3,7,563338
SA,wt_sds_85,0.9,0.25,0.25,3,8,563329
SA,wt_sds_85,0.9,0.25,0.25,3,9,563329
SA,wt_sds_85,0.9,0.25,0.25,3,10,563329
SA,wt_sds_85,0.9,0.25,0.25,4,0,574751
SA,wt_sds_85,0.9,0.25,0.25,4,1,574751
SA,wt_sds_85,0.9,0.25,0.25,4,2,574751
SA,wt_sds_85,0.9,0.25,0.25,4,3,574751
SA,wt_sds_85,0.9,0.25,0.25,4,4,574751
SA,wt_sds_85,0.9,0.25,0.25,4,5,574751
SA,wt_sds_85,0.9,0.25,0.25,4,6,568705
SA,wt_sds_85,0.9,0.25,0.25,4,7,563476
SA,wt_sds_85,0.9,0.25,0.25,4,8,563301
SA,wt_sds_85,0.9,0.25,0.25,4,9,563301
SA,wt_sds_85,0.9,0.25,0.25,4,10,563301
SA,wt_sds_91,0.9,0.25,0.75,0,0,356272
SA,wt_sds_91,0.9,0.25,0.75,0,1,356272
SA,wt_sds_91,0.9,0.25,0.75,0,2,356272
SA,wt_sds_91,0.9,0.25,0.75,0,3,356272
SA,wt_sds_91,0.9,0.25,0.75,0,4,356272
SA,wt_sds_91,0.9,0.25,0.75,0,5,356272
SA,wt_sds_91,0.9,0.25,0.75,0,6,356272
SA,wt_sds_91,0.9,0.25,0.75,0,7,356272
SA,wt_sds_91,0.9,0.25,0.75,0,8,356272
SA,wt_sds_91,0.9,0.25,0.75,0,9,356272
SA,wt_sds_91,0.9,0.25,0.75,0,10,356272
SA,wt_sds_91,0.9,0.25,0.75,1,0,356272
SA,wt_sds_91,0.9,0.25,0.75,1,1,356272
SA,wt_sds_91,0.9,0.25,0.75,1,2,356272
SA,wt_sds_91,0.9,0.25,0.75,1,3,356272
SA,wt_sds_91,0.9,0.25,0.75,1,4,356272
SA,wt_sds_91,0.9,0.25,0.75,1,5,356272
SA,wt_sds_91,0.9,0.25,0.75,1,6,356272
SA,wt_sds_91,0.9,0.25,0.75,1,7,356272
SA,wt_sds_91,0.9,0.25,0.75,1,8,356272
SA,wt_sds_91,0.9,0.25,0.75,1,9,356272
SA,wt_sds_91,0.9,0.25,0.75,1,10,356272
SA,wt_sds_91,0.9,0.25,0.75,2,0,356272
SA,wt_sds_91,0.9,0.25,0.75,2,1,356272
SA,wt_sds_91,0.9,0.25,0.75,2,2,356272
SA,wt_sds_91,0.9,0.25,0.75,2,3,356272
SA,wt_sds_91,0.9,0.25,0.75,2,4,356272
SA,wt_sds_91,0.9,0.25,0.75,2,5,356272
SA,wt_sds_91,0.9,0.25,0.75,2,6,356272
SA,wt_sds_91,0.9,0.25,0.75,2,7,356272
SA,wt_sds_91,0.9,0.25,0.75,2,8,356272
SA,wt_sds_91,0.9,0.25,0.75,2,9,356272
SA,wt_sds_91,0.9,0.25,0.75,2,10,356272
SA,wt_sds_91,0.9,0.25,0.75,3,0,356272
SA,wt_sds_91,0.9,0.25,0.75,3,1,356272
SA,wt_sds_91,0.9,0.25,0.75,3,2,356272
SA,wt_sds_91,0.9,0.25,0.75,3,3,356272
SA,wt_sds_91,0.9,0.25,0.75,3,4,356272
SA,wt_sds_91,0.9,0.25,0.75,3,5,356272
SA,wt_sds_91,0.9,0.25,0.75,3,6,356272
SA,wt_sds_91,0.9,0.25,0.75,3,7,356272
SA,wt_sds_91,0.9,0.25,0.75,3,8,356272
SA,wt_sds_91,0.9,0.25,0.75,3,9,356272
SA,wt_sds_91,0.9,0.25,0.75,3,10,356272
SA,wt_sds_91,0.9,0.25,0.75,4,0,356272
SA,wt_sds_91,0.9,0.25,0.75,4,1,356272
SA,wt_sds_91,0.9,0.25,0.75,4,2,356272
SA,wt_sds_91,0.9,0.25,0.75,4,3,356272
SA,wt_sds_91,0.9,0.25,0.75,4,4,356272
SA,wt_sds_91,0.9,0.25,0.75,4,5,356272
SA,wt_sds_91,0.9,0.25,0.75,4,6,356272
SA,wt_sds_91,0.9,0.25,0.75,4,7,356272
SA,wt_sds_91,0.9,0.25,0.75,4,8,356272
SA,wt_sds_91,0.9,0.25,0.75,4,9,356272
SA,wt_sds_91,0.9,0.25,0.75,4,10,356272
SA,wt_sds_92,0.9,0.25,0.75,0,0,390582
SA,wt_sds_92,0.9,0.25,0.75,0,1,390582
SA,wt_sds_92,0.9,0.25,0.75,0,2,390582
SA,wt_sds_92,0.9,0.25,0.75,0,3,390582
SA,wt_sds_92,0.9,0.25,0.75,0,4,390582
SA,wt_sds_92,0.9,0.25,0.75,0,5,377616
SA,wt_sds_92,0.9,0.25,0.75,0,6,374035
SA,wt_sds_92,0.9,0.25,0.75,0,7,373453
SA,wt_sds_92,0.9,0.25,0.75,0,8,373207
SA,wt_sds_92,0.9,0.25,0.75,0,9,373207
SA,wt_sds_92,0.9,0.25,0.75,0,10,373207
SA,wt_sds_92,0.9,0.25,0.75,1,0,390582
SA,wt_sds_92,0.9,0.25,0.75,1,1,390582
SA,wt_sds_92,0.9,0.25,0.75,1,2,390582
SA,wt_sds_92,0.9,0.25,0.75,1,3,390582
SA,wt_sds_92,0.9,0.25,0.75,1,4,390582
SA,wt_sds_92,0.9,0.25,0.75,1,5,387241
SA,wt_sds_92,0.9,0.25,0.75,1,6,382179
SA,wt_sds_92,0.9,0.25,0.75,1,7,381791
SA,wt_sds_92,0.9,0.25,0.75,1,8,381791
SA,wt_sds_92,0.9,0.25,0.75,1,9,381791
SA,wt_sds_92,0.9,0.25,0.75,1,10,381791
SA,wt_sds_92,0.9,0.25,0.75,2,0,390582
SA,wt_sds_92,0.9,0.25,0.75,2,1,390582
SA,wt_sds_92,0.9,0.25,0.75,2,2,390582
SA,wt_sds_92,0.9,0.25,0.75,2,3,390582
SA,wt_sds_92,0.9,0.25,0.75,2,4,390582
SA,wt_sds_92,0.9,0.25,0.75,2,5,379376
SA,wt_sds_92,0.9,0.25,0.75,2,6,374607
SA,wt_sds_92,0.9,0.25,0.75,2,7,374607
SA,wt_sds_92,0.9,0.25,0.75,2,8,374573
SA,wt_sds_92,0.9,0.25,0.75,2,9,374573
SA,wt_sds_92,0.9,0.25,0.75,2,10,374573
SA,wt_sds_92,0.9,0.25,0.75,3,0,390582
SA,wt_sds_92,0.9,0.25,0.75,3,1,390582
SA,wt_sds_92,0.9,0.25,0.75,3,2,390582
SA,wt_sds_92,0.9,0.25,0.75,3,3,390582
SA,wt_sds_92,0.9,0.25,0.75,3,4,390582
SA,wt_sds_92,0.9,0.25,0.75,3,5,385897
SA,wt_sds_92,0.9,0.25,0.75,3,6,382085
SA,wt_sds_92,0.9,0.25,0.75,3,7,381067
SA,wt_sds_92,0.9,0.25,0.75,3,8,381067
SA,wt_sds_92,0.9,0.25,0.75,3,9,381067
SA,wt_sds_92,0.9,0.25,0.75,3,10,381067
SA,wt_sds_92,0.9,0.25,0.75,4,0,390582
SA,wt_sds_92,0.9,0.25,0.75,4,1,390582
SA,wt_sds_92,0.9,0.25,0.75,4,2,390582
SA,wt_sds_92,0.9,0.25,0.75,4,3,390582
SA,wt_sds_92,0.9,0.25,0.75,4,4,390582
SA,wt_sds_92,0.9,0.25,0.75,4,5,385298
SA,wt_sds_92,0.9,0.25,0.75,4,6,379991
SA,wt_sds_92,0.9,0.25,0.75,4,7,379841
SA,wt_sds_92,0.9,0.25,0.75,4,8,379841
SA,wt_sds_92,0.9,0.25,0.75,4,9,379841
SA,wt_sds_92,0.9,0.25,0.75,4,10,379841
SA,wt_sds_93,0.9,0.25,0.75,0,0,431927
SA,wt_sds_93,0.9,0.25,0.75,0,1,431927
SA,wt_sds_93,0.9,0.25,0.75,0,2,431927
SA,wt_sds_93,0.9,0.25,0.75,0,3,431927
SA,wt_sds_93,0.9,0.25,0.75,0,4,431927
SA,wt_sds_93,0.9,0.25,0.75,0,5,431927
SA,wt_sds_93,0.9,0.25,0.75,0,6,431927
SA,wt_sds_93,0.9,0.25,0.75,0,7,431927
SA,wt_sds_93,0.9,0.25,0.75,0,8,431927
SA,wt_sds_93,0.9,0.25,0.75,0,9,431927
SA,wt_sds_93,0.9,0.25,0.75,0,10,431927
SA,wt_sds_93,0.9,0.25,0.75,1,0,431927
SA,wt_sds_93,0.9,0.25,0.75,1,1,431927
SA,wt_sds_93,0.9,0.25,0.75,1,2,431927
SA,wt_sds_93,0.9,0.25,0.75,1,3,431927
SA,wt_sds_93,0.9,0.25,0.75,1,4,431927
SA,wt_sds_93,0.9,0.25,0.75,1,5,431927
SA,wt_sds_93,0.9,0.25,0.75,1,6,426186
SA,wt_sds_93,0.9,0.25,0.75,1,7,421799
SA,wt_sds_93,0.9,0.25,0.75,1,8,421799
SA,wt_sds_93,0.9,0.25,0.75,1,9,421799
SA,wt_sds_93,0.9,0.25,0.75,1,10,421799
SA,wt_sds_93,0.9,0.25,0.75,2,0,431927
SA,wt_sds_93,0.9,0.25,0.75,2,1,431927
SA,wt_sds_93,0.9,0.25,0.75,2,2,431927
SA,wt_sds_93,0.9,0.25,0.75,2,3,431927
SA,wt_sds_93,0.9,0.25,0.75,2,4,431927
SA,wt_sds_93,0.9,0.25,0.75,2,5,431927
SA,wt_sds_93,0.9,0.25,0.75,2,6,429691
SA,wt_sds_93,0.9,0.25,0.75,2,7,429196
SA,wt_sds_93,0.9,0.25,0.75,2,8,429196
SA,wt_sds_93,0.9,0.25,0.75,2,9,429196
SA,wt_sds_93,0.9,0.25,0.75,2,10,429196
SA,wt_sds_93,0.9,0.25,0.75,3,0,431927
SA,wt_sds_93,0.9,0.25,0.75,3,1,431927
SA,wt_sds_93,0.9,0.25,0.75,3,2,431927
SA,wt_sds_93,0.9,0.25,0.75,3,3,431927
SA,wt_sds_93,0.9,0.25,0.75,3,4,431927
SA,wt_sds_93,0.9,0.25,0.75,3,5,431927
SA,wt_sds_93,0.9,0.25,0.75,3,6,427676
SA,wt_sds_93,0.9,0.25,0.75,3,7,422879
SA,wt_sds_93,0.9,0.25,0.75,3,8,422819
SA,wt_sds_93,0.9,0.25,0.75,3,9,422819
SA,wt_sds_93,0.9,0.25,0.75,3,10,422819
SA,wt_sds_93,0.9,0.25,0.75,4,0,431927
SA,wt_sds_93,0.9,0.25,0.75,4,1,431927
SA,wt_sds_93,0.9,0.25,0.75,4,2,431927
SA,wt_sds_93,0.9,0.25,0.75,4,3,431927
SA,wt_sds_93,0.9,0.25,0.75,4,4,431927
SA,wt_sds_93,0.9,0.25,0.75,4,5,431927
SA,wt_sds_93,0.9,0.25,0.75,4,6,429704
SA,wt_sds_93,0.9,0.25,0.75,4,7,428204
SA,wt_sds_93,0.9,0.25,0.75,4,8,428204
SA,wt_sds_93,0.9,0.25,0.75,4,9,428204
SA,wt_sds_93,0.9,0.25,0.75,4,10,428204
SA,wt_sds_94,0.9,0.25,0.75,0,0,357721
SA,wt_sds_94,0.9,0.25,0.75,0,1,357721
SA,wt_sds_94,0.9,0.25,0.75,0,2,357721
SA,wt_sds_94,0.9,0.25,0.75,0,3,357721
SA,wt_sds_94,0.9,0.25,0.75,0,4,357721
SA,wt_sds_94,0.9,0.25,0.75,0,5,357721
SA,wt_sds_94,0.9,0.25,0.75,0,6,354191
SA,wt_sds_94,0.9,0.25,0.75,0,7,350389
SA,wt_sds_94,0.9,0.25,0.75,0,8,350120
SA,wt_sds_94,0.9,0.25,0.75,0,9,350120
SA,wt_sds_94,0.9,0.25,0.75,0,10,350120
SA,wt_sds_94,0.9,0.25,0.75,1,0,357721
SA,wt_sds_94,0.9,0.25,0.75,1,1,357478
SA,wt_sds_94,0.9,0.25,0.75,1,2,357478
SA,wt_sds_94,0.9,0.25,0.75,1,3,357478
SA,wt_sds_94,0.9,0.25,0.75,1,4,357478
SA,wt_sds_94,0.9,0.25,0.75,1,5,357478
SA,wt_sds_94,0.9,0.25,0.75,1,6,341360
SA,wt_sds_94,0.9,0.25,0.75,1,7,339624
SA,wt_sds_94,0.9,0.25,0.75,1,8,339624
SA,wt_sds_94,0.9,0.25,0.75,1,9,339624
SA,wt_sds_94,0.9,0.25,0.75,1,10,339624
SA,wt_sds_94,0.9,0.25,0.75,2,0,357721
SA,wt_sds_94,0.9,0.25,0.75,2,1,357721
SA,wt_sds_94,0.9,0.25,0.75,2,2,357721
SA,wt_sds_94,0.9,0.25,0.75,2,3,357721
SA,wt_sds_94,0.9,0.25,0.75,2,4,357721
SA,wt_sds_94,0.9,0.25,0.75,2,5,354974
SA,wt_sds_94,0.9,0.25,0.75,2,6,354974
SA,wt_sds_94,0.9,0.25,0.75,2,7,354486
SA,wt_sds_94,0.9,0.25,0.75,2,8,354486
SA,wt_sds_94,0.9,0.25,0.75,2,9,354486
SA,wt_sds_94,0.9,0.25,0.75,2,10,354486
SA,wt_sds_94,0.9,0.25,0.75,3,0,357721
SA,wt_sds_94,0.9,0.25,0.75,3,1,357721
SA,wt_sds_94,0.9,0.25,0.75,3,2,357721
SA,wt_sds_94,0.9,0.25,0.75,3,3,357721
SA,wt_sds_94,0.9,0.25,0.75,3,4,357721
SA,wt_sds_94,0.9,0.25,0.75,3,5,357721
SA,wt_sds_94,0.9,0.25,0.75,3,6,357721
SA,wt_sds_94,0.9,0.25,0.75,3,7,357721
SA,wt_sds_94,0.9,0.25,0.75,3,8,357568
SA,wt_sds_94,0.9,0.25,0.75,3,9,357568
SA,wt_sds_94,0.9,0.25,0.75,3,10,357568
SA,wt_sds_94,0.9,0.25,0.75,4,0,357721
SA,wt_sds_94,0.9,0.25,0.75,4,1,357721
SA,wt_sds_94,0.9,0.25,0.75,4,2,357721
SA,wt_sds_94,0.9,0.25,0.75,4,3,357721
SA,wt_sds_94,0.9,0.25,0.75,4,4,357721
SA,wt_sds_94,0.9,0.25,0.75,4,5,357721
SA,wt_sds_94,0.9,0.25,0.75,4,6,357721
SA,wt_sds_94,0.9,0.25,0.75,4,7,357721
SA,wt_sds_94,0.9,0.25,0.75,4,8,357452
SA,wt_sds_94,0.9,0.25,0.75,4,9,357077
SA,wt_sds_94,0.9,0.25,0.75,4,10,357077
SA,wt_sds_95,0.9,0.25,0.75,0,0,569806
SA,wt_sds_95,0.9,0.25,0.75,0,1,569806
SA,wt_sds_95,0.9,0.25,0.75,0,2,569806
SA,wt_sds_95,0.9,0.25,0.75,0,3,569806
SA,wt_sds_95,0.9,0.25,0.75,0,4,569806
SA,wt_sds_95,0.9,0.25,0.75,0,5,567934
SA,wt_sds_95,0.9,0.25,0.75,0,6,545721
SA,wt_sds_95,0.9,0.25,0.75,0,7,542139
SA,wt_sds_95,0.9,0.25,0.75,0,8,542139
SA,wt_sds_95,0.9,0.25,0.75,0,9,542139
SA,wt_sds_95,0.9,0.25,0.75,0,10,542139
SA,wt_sds_95,0.9,0.25,0.75,1,0,569806
SA,wt_sds_95,0.9,0.25,0.75,1,1,569806
SA,wt_sds_95,0.9,0.25,0.75,1,2,569806
SA,wt_sds_95,0.9,0.25,0.75,1,3,569806
SA,wt_sds_95,0.9,0.25,0.75,1,4,569806
SA,wt_sds_95,0.9,0.25,0.75,1,5,543928
SA,wt_sds_95,0.9,0.25,0.75,1,6,543928
SA,wt_sds_95,0.9,0.25,0.75,1,7,542498
SA,wt_sds_95,0.9,0.25,0.75,1,8,542498
SA,wt_sds_95,0.9,0.25,0.75,1,9,542498
SA,wt_sds_95,0.9,0.25,0.75,1,10,542498
SA,wt_sds_95,0.9,0.25,0.75,2,0,569806
SA,wt_sds_95,0.9,0.25,0.75,2,1,569806
SA,wt_sds_95,0.9,0.25,0.75,2,2,569806
SA,wt_sds_95,0.9,0.25,0.75,2,3,569806
SA,wt_sds_95,0.9,0.25,0.75,2,4,569806
SA,wt_sds_95,0.9,0.25,0.75,2,5,566243
SA,wt_sds_95,0.9,0.25,0.75,2,6,554560
SA,wt_sds_95,0.9,0.25,0.75,2,7,554560
SA,wt_sds_95,0.9,0.25,0.75,2,8,554560
SA,wt_sds_95,0.9,0.25,0.75,2,9,554560
SA,wt_sds_95,0.9,0.25,0.75,2,10,554560
SA,wt_sds_95,0.9,0.25,0.75,3,0,569806
SA,wt_sds_95,0.9,0.25,0.75,3,1,569806
SA,wt_sds_95,0.9,0.25,0.75,3,2,569806
SA,wt_sds_95,0.9,0.25,0.75,3,3,569806
SA,wt_sds_95,0.9,0.25,0.75,3,4,569806
SA,wt_sds_95,0.9,0.25,0.75,3,5,569806
SA,wt_sds_95,0.9,0.25,0.75,3,6,540663
SA,wt_sds_95,0.9,0.25,0.75,3,7,536846
SA,wt_sds_95,0.9,0.25,0.75,3,8,536696
SA,wt_sds_95,0.9,0.25,0.75,3,9,536696
SA,wt_sds_95,0.9,0.25,0.75,3,10,536696
SA,wt_sds_95,0.9,0.25,0.75,4,0,569806
SA,wt_sds_95,0.9,0.25,0.75,4,1,569806
SA,wt_sds_95,0.9,0.25,0.75,4,2,569806
SA,wt_sds_95,0.9,0.25,0.75,4,3,569806
SA,wt_sds_95,0.9,0.25,0.75,4,4,569806
SA,wt_sds_95,0.9,0.25,0.75,4,5,564359
SA,wt_sds_95,0.9,0.25,0.75,4,6,553955
SA,wt_sds_95,0.9,0.25,0.75,4,7,551822
SA,wt_sds_95,0.9,0.25,0.75,4,8,551711
SA,wt_sds_95,0.9,0.25,0.75,4,9,551711
SA,wt_sds_95,0.9,0.25,0.75,4,10,551711
SA,wt_sds_101,0.9,0.75,0.25,0,0,362875
SA,wt_sds_101,0.9,0.75,0.25,0,1,362875
SA,wt_sds_101,0.9,0.75,0.25,0,2,362875
SA,wt_sds_101,0.9,0.75,0.25,0,3,362875
SA,wt_sds_101,0.9,0.75,0.25,0,4,362875
SA,wt_sds_101,0.9,0.75,0.25,0,5,360304
SA,wt_sds_101,0.9,0.75,0.25,0,6,358121
SA,wt_sds_101,0.9,0.75,0.25,0,7,357792
SA,wt_sds_101,0.9,0.75,0.25,0,8,357792
SA,wt_sds_101,0.9,0.75,0.25,0,9,357792
SA,wt_sds_101,0.9,0.75,0.25,0,10,357792
SA,wt_sds_101,0.9,0.75,0.25,1,0,362875
SA,wt_sds_101,0.9,0.75,0.25,1,1,362865
SA,wt_sds_101,0.9,0.75,0.25,1,2,362865
SA,wt_sds_101,0.9,0.75,0.25,1,3,362865
SA,wt_sds_101,0.9,0.75,0.25,1,4,362865
SA,wt_sds_101,0.9,0.75,0.25,1,5,362865
SA,wt_sds_101,0.9,0.75,0.25,1,6,362865
SA,wt_sds_101,0.9,0.75,0.25,1,7,361958
SA,wt_sds_101,0.9,0.75,0.25,1,8,359711
SA,wt_sds_101,0.9,0.75,0.25,1,9,359711
SA,wt_sds_101,0.9,0.75,0.25,1,10,359711
SA,wt_sds_101,0.9,0.75,0.25,2,0,362875
SA,wt_sds_101,0.9,0.75,0.25,2,1,362862
SA,wt_sds_101,0.9,0.75,0.25,2,2,362862
SA,wt_sds_101,0.9,0.75,0.25,2,3,362862
SA,wt_sds_101,0.9,0.75,0.25,2,4,362862
SA,wt_sds_101,0.9,0.75,0.25,2,5,362862
SA,wt_sds_101,0.9,0.75,0.25,2,6,360046
SA,wt_sds_101,0.9,0.75,0.25,2,7,359987
SA,wt_sds_101,0.9,0.75,0.25,2,8,359987
SA,wt_sds_101,0.9,0.75,0.25,2,9,359987
SA,wt_sds_101,0.9,0.75,0.25,2,10,359987
SA,wt_sds_101,0.9,0.75,0.25,3,0,362875
SA,wt_sds_101,0.9,0.75,0.25,3,1,362875
SA,wt_sds_101,0.9,0.75,0.25,3,2,362875
SA,wt_sds_101,0.9,0.75,0.25,3,3,362875
SA,wt_sds_101,0.9,0.75,0.25,3,4,362875
SA,wt_sds_101,0.9,0.75,0.25,3,5,362875
SA,wt_sds_101,0.9,0.75,0.25,3,6,359871
SA,wt_sds_101,0.9,0.75,0.25,3,7,359264
SA,wt_sds_101,0.9,0.75,0.25,3,8,359252
SA,wt_sds_101,0.9,0.75,0.25,3,9,358374
SA,wt_sds_101,0.9,0.75,0.25,3,10,358374
SA,wt_sds_101,0.9,0.75,0.25,4,0,362875
SA,wt_sds_101,0.9,0.75,0.25,4,1,362875
SA,wt_sds_101,0.9,0.75,0.25,4,2,362875
SA,wt_sds_101,0.9,0.75,0.25,4,3,362875
SA,wt_sds_101,0.9,0.75,0.25,4,4,362875
SA,wt_sds_101,0.9,0.75,0.25,4,5,362875
SA,wt_sds_101,0.9,0.75,0.25,4,6,360923
SA,wt_sds_101,0.9,0.75,0.25,4,7,360456
SA,wt_sds_101,0.9,0.75,0.25,4,8,360008
SA,wt_sds_101,0.9,0.75,0.25,4,9,360008
SA,wt_sds_101,0.9,0.75,0.25,4,10,360008
SA,wt_sds_102,0.9,0.75,0.25,0,0,498978
SA,wt_sds_102,0.9,0.75,0.25,0,1,498978
SA,wt_sds_102,0.9,0.75,0.25,0,2,498978
SA,wt_sds_102,0.9,0.75,0.25,0,3,498978
SA,wt_sds_102,0.9,0.75,0.25,0,4,498978
SA,wt_sds_102,0.9,0.75,0.25,0,5,498978
SA,wt_sds_102,0.9,0.75,0.25,0,6,498978
SA,wt_sds_102,0.9,0.75,0.25,0,7,498978
SA,wt_sds_102,0.9,0.75,0.25,0,8,498978
SA,wt_sds_102,0.9,0.75,0.25,0,9,498978
SA,wt_sds_102,0.9,0.75,0.25,0,10,498978
SA,wt_sds_102,0.9,0.75,0.25,1,0,498978
SA,wt_sds_102,0.9,0.75,0.25,1,1,498978
SA,wt_sds_102,0.9,0.75,0.25,1,2,498978
SA,wt_sds_102,0.9,0.75,0.25,1,3,498978
SA,wt_sds_102,0.9,0.75,0.25,1,4,498978
SA,wt_sds_102,0.9,0.75,0.25,1,5,498978
SA,wt_sds_102,0.9,0.75,0.25,1,6,498978
SA,wt_sds_102,0.9,0.75,0.25,1,7,498978
SA,wt_sds_102,0.9,0.75,0.25,1,8,498978
SA,wt_sds_102,0.9,0.75,0.25,1,9,498978
SA,wt_sds_102,0.9,0.75,0.25,1,10,498978
SA,wt_sds_102,0.9,0.75,0.25,2,0,498978
SA,wt_sds_102,0.9,0.75,0.25,2,1,498978
SA,wt_sds_102,0.9,0.75,0.25,2,2,498978
SA,wt_sds_102,0.9,0.75,0.25,2,3,498978
SA,wt_sds_102,0.9,0.75,0.25,2,4,498978
SA,wt_sds_102,0.9,0.75,0.25,2,5,498978
SA,wt_sds_102,0.9,0.75,0.25,2,6,498978
SA,wt_sds_102,0.9,0.75,0.25,2,7,498978
SA,wt_sds_102,0.9,0.75,0.25,2,8,498724
SA,wt_sds_102,0.9,0.75,0.25,2,9,498633
SA,wt_sds_102,0.9,0.75,0.25,2,10,498552
SA,wt_sds_102,0.9,0.75,0.25,3,0,498978
SA,wt_sds_102,0.9,0.75,0.25,3,1,498978
SA,wt_sds_102,0.9,0.75,0.25,3,2,498978
SA,wt_sds_102,0.9,0.75,0.25,3,3,498978
SA,wt_sds_102,0.9,0.75,0.25,3,4,498978
SA,wt_sds_102,0.9,0.75,0.25,3,5,498978
SA,wt_sds_102,0.9,0.75,0.25,3,6,498978
SA,wt_sds_102,0.9,0.75,0.25,3,7,498978
SA,wt_sds_102,0.9,0.75,0.25,3,8,498978
SA,wt_sds_102,0.9,0.75,0.25,3,9,498978
SA,wt_sds_102,0.9,0.75,0.25,3,10,498978
SA,wt_sds_102,0.9,0.75,0.25,4,0,498978
SA,wt_sds_102,0.9,0.75,0.25,4,1,498978
SA,wt_sds_102,0.9,0.75,0.25,4,2,498978
SA,wt_sds_102,0.9,0.75,0.25,4,3,498978
SA,wt_sds_102,0.9,0.75,0.25,4,4,498978
SA,wt_sds_102,0.9,0.75,0.25,4,5,498978
SA,wt_sds_102,0.9,0.75,0.25,4,6,498978
SA,wt_sds_102,0.9,0.75,0.25,4,7,498978
SA,wt_sds_102,0.9,0.75,0.25,4,8,498978
SA,wt_sds_102,0.9,0.75,0.25,4,9,498978
SA,wt_sds_102,0.9,0.75,0.25,4,10,498978
SA,wt_sds_103,0.9,0.75,0.25,0,0,399977
SA,wt_sds_103,0.9,0.75,0.25,0,1,399977
SA,wt_sds_103,0.9,0.75,0.25,0,2,399977
SA,wt_sds_103,0.9,0.75,0.25,0,3,399977
SA,wt_sds_103,0.9,0.75,0.25,0,4,399977
SA,wt_sds_103,0.9,0.75,0.25,0,5,399977
SA,wt_sds_103,0.9,0.75,0.25,0,6,399977
SA,wt_sds_103,0.9,0.75,0.25,0,7,388234
SA,wt_sds_103,0.9,0.75,0.25,0,8,384498
SA,wt_sds_103,0.9,0.75,0.25,0,9,384498
SA,wt_sds_103,0.9,0.75,0.25,0,10,384498
SA,wt_sds_103,0.9,0.75,0.25,1,0,399977
SA,wt_sds_103,0.9,0.75,0.25,1,1,399977
SA,wt_sds_103,0.9,0.75,0.25,1,2,399977
SA,wt_sds_103,0.9,0.75,0.25,1,3,399977
SA,wt_sds_103,0.9,0.75,0.25,1,4,399977
SA,wt_sds_103,0.9,0.75,0.25,1,5,399977
SA,wt_sds_103,0.9,0.75,0.25,1,6,392391
SA,wt_sds_103,0.9,0.75,0.25,1,7,390596
SA,wt_sds_103,0.9,0.75,0.25,1,8,390581
SA,wt_sds_103,0.9,0.75,0.25,1,9,390581
SA,wt_sds_103,0.9,0.75,0.25,1,10,390581
SA,wt_sds_103,0.9,0.75,0.25,2,0,399977
SA,wt_sds_103,0.9,0.75,0.25,2,1,399977
SA,wt_sds_103,0.9,0.75,0.25,2,2,399977
SA,wt_sds_103,0.9,0.75,0.25,2,3,399977
SA,wt_sds_103,0.9,0.75,0.25,2,4,399977
SA,wt_sds_103,0.9,0.75,0.25,2,5,396398
SA,wt_sds_103,0.9,0.75,0.25,2,6,387172
SA,wt_sds_103,0.9,0.75,0.25,2,7,386268
SA,wt_sds_103,0.9,0.75,0.25,2,8,386133
SA,wt_sds_103,0.9,0.75,0.25,2,9,386133
SA,wt_sds_103,0.9,0.75,0.25,2,10,386133
SA,wt_sds_103,0.9,0.75,0.25,3,0,399977
SA,wt_sds_103,0.9,0.75,0.25,3,1,399977
SA,wt_sds_103,0.9,0.75,0.25,3,2,399977
SA,wt_sds_103,0.9,0.75,0.25,3,3,399977
SA,wt_sds_103,0.9,0.75,0.25,3,4,399977
SA,wt_sds_103,0.9,0.75,0.25,3,5,392577
SA,wt_sds_103,0.9,0.75,0.25,3,6,389633
SA,wt_sds_103,0.9,0.75,0.25,3,7,385772
SA,wt_sds_103,0.9,0.75,0.25,3,8,385693
SA,wt_sds_103,0.9,0.75,0.25,3,9,385693
SA,wt_sds_103,0.9,0.75,0.25,3,10,385693
SA,wt_sds_103,0.9,0.75,0.25,4,0,399977
SA,wt_sds_103,0.9,0.75,0.25,4,1,399860
SA,wt_sds_103,0.9,0.75,0.25,4,2,399860
SA,wt_sds_103,0.9,0.75,0.25,4,3,399860
SA,wt_sds_103,0.9,0.75,0.25,4,4,399860
SA,wt_sds_103,0.9,0.75,0.25,4,5,393802
SA,wt_sds_103,0.9,0.75,0.25,4,6,384724
SA,wt_sds_103,0.9,0.75,0.25,4,7,384103
SA,wt_sds_103,0.9,0.75,0.25,4,8,384068
SA,wt_sds_103,0.9,0.75,0.25,4,9,384068
SA,wt_sds_103,0.9,0.75,0.25,4,10,384068
SA,wt_sds_104,0.9,0.75,0.25,0,0,370253
SA,wt_sds_104,0.9,0.75,0.25,0,1,370253
SA,wt_sds_104,0.9,0.75,0.25,0,2,370253
SA,wt_sds_104,0.9,0.75,0.25,0,3,370253
SA,wt_sds_104,0.9,0.75,0.25,0,4,370253
SA,wt_sds_104,0.9,0.75,0.25,0,5,368809
SA,wt_sds_104,0.9,0.75,0.25,0,6,361337
SA,wt_sds_104,0.9,0.75,0.25,0,7,360777
SA,wt_sds_104,0.9,0.75,0.25,0,8,359927
SA,wt_sds_104,0.9,0.75,0.25,0,9,359927
SA,wt_sds_104,0.9,0.75,0.25,0,10,359927
SA,wt_sds_104,0.9,0.75,0.25,1,0,370253
SA,wt_sds_104,0.9,0.75,0.25,1,1,370253
SA,wt_sds_104,0.9,0.75,0.25,1,2,370253
SA,wt_sds_104,0.9,0.75,0.25,1,3,370253
SA,wt_sds_104,0.9,0.75,0.25,1,4,370253
SA,wt_sds_104,0.9,0.75,0.25,1,5,370253
SA,wt_sds_104,0.9,0.75,0.25,1,6,370253
SA,wt_sds_104,0.9,0.75,0.25,1,7,363907
SA,wt_sds_104,0.9,0.75,0.25,1,8,362899
SA,wt_sds_104,0.9,0.75,0.25,1,9,362899
SA,wt_sds_104,0.9,0.75,0.25,1,10,362899
SA,wt_sds_104,0.9,0.75,0.25,2,0,370253
SA,wt_sds_104,0.9,0.75,0.25,2,1,370253
SA,wt_sds_104,0.9,0.75,0.25,2,2,370253
SA,wt_sds_104,0.9,0.75,0.25,2,3,370253
SA,wt_sds_104,0.9,0.75,0.25,2,4,370253
SA,wt_sds_104,0.9,0.75,0.25,2,5,370253
SA,wt_sds_104,0.9,0.75,0.25,2,6,365869
SA,wt_sds_104,0.9,0.75,0.25,2,7,364609
SA,wt_sds_104,0.9,0.75,0.25,2,8,364437
SA,wt_sds_104,0.9,0.75,0.25,2,9,364235
SA,wt_sds_104,0.9,0.75,0.25,2,10,364235
SA,wt_sds_104,0.9,0.75,0.25,3,0,370253
SA,wt_sds_104,0.9,0.75,0.25,3,1,370253
SA,wt_sds_104,0.9,0.75,0.25,3,2,370253
SA,wt_sds_104,0.9,0.75,0.25,3,3,370253
SA,wt_sds_104,0.9,0.75,0.25,3,4,370253
SA,wt_sds_104,0.9,0.75,0.25,3,5,370253
SA,wt_sds_104,0.9,0.75,0.25,3,6,369586
SA,wt_sds_104,0.9,0.75,0.25,3,7,366333
SA,wt_sds_104,0.9,0.75,0.25,3,8,365857
SA,wt_sds_104,0.9,0.75,0.25,3,9,365853
SA,wt_sds_104,0.9,0.75,0.25,3,10,365853
SA,wt_sds_104,0.9,0.75,0.25,4,0,370253
SA,wt_sds_104,0.9,0.75,0.25,4,1,370253
SA,wt_sds_104,0.9,0.75,0.25,4,2,370253
SA,wt_sds_104,0.9,0.75,0.25,4,3,370253
SA,wt_sds_104,0.9,0.75,0.25,4,4,370253
SA,wt_sds_104,0.9,0.75,0.25,4,5,370253
SA,wt_sds_104,0.9,0.75,0.25,4,6,365040
SA,wt_sds_104,0.9,0.75,0.25,4,7,363482
SA,wt_sds_104,0.9,0.75,0.25,4,8,363183
SA,wt_sds_104,0.9,0.75,0.25,4,9,363183
SA,wt_sds_104,0.9,0.75,0.25,4,10,363183
SA,wt_sds_105,0.9,0.75,0.25,0,0,465059
SA,wt_sds_105,0.9,0.75,0.25,0,1,465059
SA,wt_sds_105,0.9,0.75,0.25,0,2,465059
SA,wt_sds_105,0.9,0.75,0.25,0,3,465059
SA,wt_sds_105,0.9,0.75,0.25,0,4,465059
SA,wt_sds_105,0.9,0.75,0.25,0,5,461501
SA,wt_sds_105,0.9,0.75,0.25,0,6,458331
SA,wt_sds_105,0.9,0.75,0.25,0,7,457566
SA,wt_sds_105,0.9,0.75,0.25,0,8,457566
SA,wt_sds_105,0.9,0.75,0.25,0,9,457566
SA,wt_sds_105,0.9,0.75,0.25,0,10,457566
SA,wt_sds_105,0.9,0.75,0.25,1,0,465059
SA,wt_sds_105,0.9,0.75,0.25,1,1,465059
SA,wt_sds_105,0.9,0.75,0.25,1,2,465059
SA,wt_sds_105,0.9,0.75,0.25,1,3,465059
SA,wt_sds_105,0.9,0.75,0.25,1,4,465059
SA,wt_sds_105,0.9,0.75,0.25,1,5,462440
SA,wt_sds_105,0.9,0.75,0.25,1,6,457329
SA,wt_sds_105,0.9,0.75,0.25,1,7,457114
SA,wt_sds_105,0.9,0.75,0.25,1,8,457114
SA,wt_sds_105,0.9,0.75,0.25,1,9,457114
SA,wt_sds_105,0.9,0.75,0.25,1,10,457114
SA,wt_sds_105,0.9,0.75,0.25,2,0,465059
SA,wt_sds_105,0.9,0.75,0.25,2,1,465059
SA,wt_sds_105,0.9,0.75,0.25,2,2,465059
SA,wt_sds_105,0.9,0.75,0.25,2,3,465059
SA,wt_sds_105,0.9,0.75,0.25,2,4,465059
SA,wt_sds_105,0.9,0.75,0.25,2,5,463286
SA,wt_sds_105,0.9,0.75,0.25,2,6,459493
SA,wt_sds_105,0.9,0.75,0.25,2,7,459493
SA,wt_sds_105,0.9,0.75,0.25,2,8,459405
SA,wt_sds_105,0.9,0.75,0.25,2,9,459405
SA,wt_sds_105,0.9,0.75,0.25,2,10,459405
SA,wt_sds_105,0.9,0.75,0.25,3,0,465059
SA,wt_sds_105,0.9,0.75,0.25,3,1,465059
SA,wt_sds_105,0.9,0.75,0.25,3,2,465059
SA,wt_sds_105,0.9,0.75,0.25,3,3,465059
SA,wt_sds_105,0.9,0.75,0.25,3,4,465059
SA,wt_sds_105,0.9,0.75,0.25,3,5,465059
SA,wt_sds_105,0.9,0.75,0.25,3,6,465059
SA,wt_sds_105,0.9,0.75,0.25,3,7,464661
SA,wt_sds_105,0.9,0.75,0.25,3,8,464661
SA,wt_sds_105,0.9,0.75,0.25,3,9,464661
SA,wt_sds_105,0.9,0.75,0.25,3,10,464661
SA,wt_sds_105,0.9,0.75,0.25,4,0,465059
SA,wt_sds_105,0.9,0.75,0.25,4,1,465059
SA,wt_sds_105,0.9,0.75,0.25,4,2,465059
SA,wt_sds_105,0.9,0.75,0.25,4,3,465059
SA,wt_sds_105,0.9,0.75,0.25,4,4,465059
SA,wt_sds_105,0.9,0.75,0.25,4,5,465059
SA,wt_sds_105,0.9,0.75,0.25,4,6,459937
SA,wt_sds_105,0.9,0.75,0.25,4,7,458989
SA,wt_sds_105,0.9,0.75,0.25,4,8,458982
SA,wt_sds_105,0.9,0.75,0.25,4,9,458982
SA,wt_sds_105,0.9,0.75,0.25,4,10,458982
SA,wt_sds_111,0.9,0.75,0.75,0,0,365649
SA,wt_sds_111,0.9,0.75,0.75,0,1,365649
SA,wt_sds_111,0.9,0.75,0.75,0,2,365649
SA,wt_sds_111,0.9,0.75,0.75,0,3,365649
SA,wt_sds_111,0.9,0.75,0.75,0,4,365649
SA,wt_sds_111,0.9,0.75,0.75,0,5,356082
SA,wt_sds_111,0.9,0.75,0.75,0,6,351958
SA,wt_sds_111,0.9,0.75,0.75,0,7,351958
SA,wt_sds_111,0.9,0.75,0.75,0,8,351958
SA,wt_sds_111,0.9,0.75,0.75,0,9,351958
SA,wt_sds_111,0.9,0.75,0.75,0,10,351958
SA,wt_sds_111,0.9,0.75,0.75,1,0,365649
SA,wt_sds_111,0.9,0.75,0.75,1,1,365649
SA,wt_sds_111,0.9,0.75,0.75,1,2,365649
SA,wt_sds_111,0.9,0.75,0.75,1,3,365649
SA,wt_sds_111,0.9,0.75,0.75,1,4,365649
SA,wt_sds_111,0.9,0.75,0.75,1,5,365649
SA,wt_sds_111,0.9,0.75,0.75,1,6,360916
SA,wt_sds_111,0.9,0.75,0.75,1,7,360383
SA,wt_sds_111,0.9,0.75,0.75,1,8,360383
SA,wt_sds_111,0.9,0.75,0.75,1,9,360383
SA,wt_sds_111,0.9,0.75,0.75,1,10,360383
SA,wt_sds_111,0.9,0.75,0.75,2,0,365649
SA,wt_sds_111,0.9,0.75,0.75,2,1,365649
SA,wt_sds_111,0.9,0.75,0.75,2,2,365649
SA,wt_sds_111,0.9,0.75,0.75,2,3,365649
SA,wt_sds_111,0.9,0.75,0.75,2,4,365649
SA,wt_sds_111,0.9,0.75,0.75,2,5,365200
SA,wt_sds_111,0.9,0.75,0.75,2,6,361343
SA,wt_sds_111,0.9,0.75,0.75,2,7,360582
SA,wt_sds_111,0.9,0.75,0.75,2,8,360131
SA,wt_sds_111,0.9,0.75,0.75,2,9,360131
SA,wt_sds_111,0.9,0.75,0.75,2,10,360131
SA,wt_sds_111,0.9,0.75,0.75,3,0,365649
SA,wt_sds_111,0.9,0.75,0.75,3,1,365649
SA,wt_sds_111,0.9,0.75,0.75,3,2,365649
SA,wt_sds_111,0.9,0.75,0.75,3,3,365649
SA,wt_sds_111,0.9,0.75,0.75,3,4,365649
SA,wt_sds_111,0.9,0.75,0.75,3,5,365649
SA,wt_sds_111,0.9,0.75,0.75,3,6,362630
SA,wt_sds_111,0.9,0.75,0.75,3,7,361738
SA,wt_sds_111,0.9,0.75,0.75,3,8,361738
SA,wt_sds_111,0.9,0.75,0.75,3,9,361738
SA,wt_sds_111,0.9,0.75,0.75,3,10,361738
SA,wt_sds_111,0.9,0.75,0.75,4,0,365649
SA,wt_sds_111,0.9,0.75,0.75,4,1,365649
SA,wt_sds_111,0.9,0.75,0.75,4,2,365649
SA,wt_sds_111,0.9,0.75,0.75,4,3,365649
SA,wt_sds_111,0.9,0.75,0.75,4,4,365649
SA,wt_sds_111,0.9,0.75,0.75,4,5,365649
SA,wt_sds_111,0.9,0.75,0.75,4,6,365649
SA,wt_sds_111,0.9,0.75,0.75,4,7,365649
SA,wt_sds_111,0.9,0.75,0.75,4,8,365649
SA,wt_sds_111,0.9,0.75,0.75,4,9,365649
SA,wt_sds_111,0.9,0.75,0.75,4,10,365649
SA,wt_sds_112,0.9,0.75,0.75,0,0,402909
SA,wt_sds_112,0.9,0.75,0.75,0,1,402909
SA,wt_sds_112,0.9,0.75,0.75,0,2,402909
SA,wt_sds_112,0.9,0.75,0.75,0,3,402909
SA,wt_sds_112,0.9,0.75,0.75,0,4,402909
SA,wt_sds_112,0.9,0.75,0.75,0,5,388991
SA,wt_sds_112,0.9,0.75,0.75,0,6,386125
SA,wt_sds_112,0.9,0.75,0.75,0,7,386013
SA,wt_sds_112,0.9,0.75,0.75,0,8,386013
SA,wt_sds_112,0.9,0.75,0.75,0,9,386013
SA,wt_sds_112,0.9,0.75,0.75,0,10,386013
SA,wt_sds_112,0.9,0.75,0.75,1,0,402909
SA,wt_sds_112,0.9,0.75,0.75,1,1,402909
SA,wt_sds_112,0.9,0.75,0.75,1,2,402909
SA,wt_sds_112,0.9,0.75,0.75,1,3,402909
SA,wt_sds_112,0.9,0.75,0.75,1,4,402909
SA,wt_sds_112,0.9,0.75,0.75,1,5,395137
SA,wt_sds_112,0.9,0.75,0.75,1,6,382120
SA,wt_sds_112,0.9,0.75,0.75,1,7,378611
SA,wt_sds_112,0.9,0.75,0.75,1,8,378611
SA,wt_sds_112,0.9,0.75,0.75,1,9,378611
SA,wt_sds_112,0.9,0.75,0.75,1,10,378611
SA,wt_sds_112,0.9,0.75,0.75,2,0,402909
SA,wt_sds_112,0.9,0.75,0.75,2,1,402909
SA,wt_sds_112,0.9,0.75,0.75,2,2,402909
SA,wt_sds_112,0.9,0.75,0.75,2,3,402909
SA,wt_sds_112,0.9,0.75,0.75,2,4,402909
SA,wt_sds_112,0.9,0.75,0.75,2,5,392185
SA,wt_sds_112,0.9,0.75,0.75,2,6,382645
SA,wt_sds_112,0.9,0.75,0.75,2,7,382319
SA,wt_sds_112,0.9,0.75,0.75,2,8,382319
SA,wt_sds_112,0.9,0.75,0.75,2,9,382319
SA,wt_sds_112,0.9,0.75,0.75,2,10,382319
SA,wt_sds_112,0.9,0.75,0.75,3,0,402909
SA,wt_sds_112,0.9,0.75,0.75,3,1,402909
SA,wt_sds_112,0.9,0.75,0.75,3,2,402909
SA,wt_sds_112,0.9,0.75,0.75,3,3,402909
SA,wt_sds_112,0.9,0.75,0.75,3,4,402909
SA,wt_sds_112,0.9,0.75,0.75,3,5,399644
SA,wt_sds_112,0.9,0.75,0.75,3,6,389171
SA,wt_sds_112,0.9,0.75,0.75,3,7,387725
SA,wt_sds_112,0.9,0.75,0.75,3,8,387725
SA,wt_sds_112,0.9,0.75,0.75,3,9,387725
SA,wt_sds_112,0.9,0.75,0.75,3,10,387725
SA,wt_sds_112,0.9,0.75,0.75,4,0,402909
SA,wt_sds_112,0.9,0.75,0.75,4,1,402909
SA,wt_sds_112,0.9,0.75,0.75,4,2,402909
SA,wt_sds_112,0.9,0.75,0.75,4,3,402909
SA,wt_sds_112,0.9,0.75,0.75,4,4,402909
SA,wt_sds_112,0.9,0.75,0.75,4,5,394286
SA,wt_sds_112,0.9,0.75,0.75,4,6,383360
SA,wt_sds_112,0.9,0.75,0.75,4,7,383113
SA,wt_sds_112,0.9,0.75,0.75,4,8,383092
SA,wt_sds_112,0.9,0.75,0.75,4,9,383092
SA,wt_sds_112,0.9,0.75,0.75,4,10,383092
SA,wt_sds_113,0.9,0.75,0.75,0,0,269459
SA,wt_sds_113,0.9,0.75,0.75,0,1,269459
SA,wt_sds_113,0.9,0.75,0.75,0,2,269459
SA,wt_sds_113,0.9,0.75,0.75,0,3,269459
SA,wt_sds_113,0.9,0.75,0.75,0,4,269459
SA,wt_sds_113,0.9,0.75,0.75,0,5,269459
SA,wt_sds_113,0.9,0.75,0.75,0,6,269459
SA,wt_sds_113,0.9,0.75,0.75,0,7,269459
SA,wt_sds_113,0.9,0.75,0.75,0,8,269459
SA,wt_sds_113,0.9,0.75,0.75,0,9,269459
SA,wt_sds_113,0.9,0.75,0.75,0,10,269459
SA,wt_sds_113,0.9,0.75,0.75,1,0,269459
SA,wt_sds_113,0.9,0.75,0.75,1,1,269459
SA,wt_sds_113,0.9,0.75,0.75,1,2,269459
SA,wt_sds_113,0.9,0.75,0.75,1,3,269459
SA,wt_sds_113,0.9,0.75,0.75,1,4,269459
SA,wt_sds_113,0.9,0.75,0.75,1,5,269459
SA,wt_sds_113,0.9,0.75,0.75,1,6,269254
SA,wt_sds_113,0.9,0.75,0.75,1,7,267543
SA,wt_sds_113,0.9,0.75,0.75,1,8,267543
SA,wt_sds_113,0.9,0.75,0.75,1,9,267543
SA,wt_sds_113,0.9,0.75,0.75,1,10,267543
SA,wt_sds_113,0.9,0.75,0.75,2,0,269459
SA,wt_sds_113,0.9,0.75,0.75,2,1,269459
SA,wt_sds_113,0.9,0.75,0.75,2,2,269459
SA,wt_sds_113,0.9,0.75,0.75,2,3,269459
SA,wt_sds_113,0.9,0.75,0.75,2,4,269459
SA,wt_sds_113,0.9,0.75,0.75,2,5,269459
SA,wt_sds_113,0.9,0.75,0.75,2,6,269459
SA,wt_sds_113,0.9,0.75,0.75,2,7,269459
SA,wt_sds_113,0.9,0.75,0.75,2,8,269459
SA,wt_sds_113,0.9,0.75,0.75,2,9,269459
SA,wt_sds_113,0.9,0.75,0.75,2,10,269459
SA,wt_sds_113,0.9,0.75,0.75,3,0,269459
SA,wt_sds_113,0.9,0.75,0.75,3,1,269459
SA,wt_sds_113,0.9,0.75,0.75,3,2,269459
SA,wt_sds_113,0.9,0.75,0.75,3,3,269459
SA,wt_sds_113,0.9,0.75,0.75,3,4,269459
SA,wt_sds_113,0.9,0.75,0.75,3,5,269459
SA,wt_sds_113,0.9,0.75,0.75,3,6,268916
SA,wt_sds_113,0.9,0.75,0.75,3,7,267539
SA,wt_sds_113,0.9,0.75,0.75,3,8,267347
SA,wt_sds_113,0.9,0.75,0.75,3,9,267347
SA,wt_sds_113,0.9,0.75,0.75,3,10,267347
SA,wt_sds_113,0.9,0.75,0.75,4,0,269459
SA,wt_sds_113,0.9,0.75,0.75,4,1,269459
SA,wt_sds_113,0.9,0.75,0.75,4,2,269459
SA,wt_sds_113,0.9,0.75,0.75,4,3,269459
SA,wt_sds_113,0.9,0.75,0.75,4,4,269459
SA,wt_sds_113,0.9,0.75,0.75,4,5,269459
SA,wt_sds_113,0.9,0.75,0.75,4,6,269459
SA,wt_sds_113,0.9,0.75,0.75,4,7,269459
SA,wt_sds_113,0.9,0.75,0.75,4,8,269459
SA,wt_sds_113,0.9,0.75,0.75,4,9,269459
SA,wt_sds_113,0.9,0.75,0.75,4,10,269459
SA,wt_sds_114,0.9,0.75,0.75,0,0,494861
SA,wt_sds_114,0.9,0.75,0.75,0,1,494861
SA,wt_sds_114,0.9,0.75,0.75,0,2,494861
SA,wt_sds_114,0.9,0.75,0.75,0,3,494861
SA,wt_sds_114,0.9,0.75,0.75,0,4,494861
SA,wt_sds_114,0.9,0.75,0.75,0,5,494861
SA,wt_sds_114,0.9,0.75,0.75,0,6,492468
SA,wt_sds_114,0.9,0.75,0.75,0,7,492168
SA,wt_sds_114,0.9,0.75,0.75,0,8,492168
SA,wt_sds_114,0.9,0.75,0.75,0,9,492168
SA,wt_sds_114,0.9,0.75,0.75,0,10,492168
SA,wt_sds_114,0.9,0.75,0.75,1,0,494861
SA,wt_sds_114,0.9,0.75,0.75,1,1,494861
SA,wt_sds_114,0.9,0.75,0.75,1,2,494861
SA,wt_sds_114,0.9,0.75,0.75,1,3,494861
SA,wt_sds_114,0.9,0.75,0.75,1,4,494861
SA,wt_sds_114,0.9,0.75,0.75,1,5,494861
SA,wt_sds_114,0.9,0.75,0.75,1,6,494861
SA,wt_sds_114,0.9,0.75,0.75,1,7,494861
SA,wt_sds_114,0.9,0.75,0.75,1,8,494861
SA,wt_sds_114,0.9,0.75,0.75,1,9,494861
SA,wt_sds_114,0.9,0.75,0.75,1,10,494861
SA,wt_sds_114,0.9,0.75,0.75,2,0,494861
SA,wt_sds_114,0.9,0.75,0.75,2,1,494861
SA,wt_sds_114,0.9,0.75,0.75,2,2,494861
SA,wt_sds_114,0.9,0.75,0.75,2,3,494861
SA,wt_sds_114,0.9,0.75,0.75,2,4,494861
SA,wt_sds_114,0.9,0.75,0.75,2,5,493740
SA,wt_sds_114,0.9,0.75,0.75,2,6,492143
SA,wt_sds_114,0.9,0.75,0.75,2,7,492024
SA,wt_sds_114,0.9,0.75,0.75,2,8,492024
SA,wt_sds_114,0.9,0.75,0.75,2,9,492024
SA,wt_sds_114,0.9,0.75,0.75,2,10,492024
SA,wt_sds_114,0.9,0.75,0.75,3,0,494861
SA,wt_sds_114,0.9,0.75,0.75,3,1,494861
SA,wt_sds_114,0.9,0.75,0.75,3,2,494861
SA,wt_sds_114,0.9,0.75,0.75,3,3,494861
SA,wt_sds_114,0.9,0.75,0.75,3,4,494861
SA,wt_sds_114,0.9,0.75,0.75,3,5,494861
SA,wt_sds_114,0.9,0.75,0.75,3,6,494861
SA,wt_sds_114,0.9,0.75,0.75,3,7,494861
SA,wt_sds_114,0.9,0.75,0.75,3,8,494861
SA,wt_sds_114,0.9,0.75,0.75,3,9,494861
SA,wt_sds_114,0.9,0.75,0.75,3,10,494861
SA,wt_sds_114,0.9,0.75,0.75,4,0,494861
SA,wt_sds_114,0.9,0.75,0.75,4,1,494861
SA,wt_sds_114,0.9,0.75,0.75,4,2,494861
SA,wt_sds_114,0.9,0.75,0.75,4,3,494861
SA,wt_sds_114,0.9,0.75,0.75,4,4,494861
SA,wt_sds_114,0.9,0.75,0.75,4,5,494861
SA,wt_sds_114,0.9,0.75,0.75,4,6,494861
SA,wt_sds_114,0.9,0.75,0.75,4,7,493806
SA,wt_sds_114,0.9,0.75,0.75,4,8,490820
SA,wt_sds_114,0.9,0.75,0.75,4,9,490301
SA,wt_sds_114,0.9,0.75,0.75,4,10,490301
SA,wt_sds_115,0.9,0.75,0.75,0,0,493200
SA,wt_sds_115,0.9,0.75,0.75,0,1,493200
SA,wt_sds_115,0.9,0.75,0.75,0,2,493200
SA,wt_sds_115,0.9,0.75,0.75,0,3,493200
SA,wt_sds_115,0.9,0.75,0.75,0,4,493200
SA,wt_sds_115,0.9,0.75,0.75,0,5,493200
SA,wt_sds_115,0.9,0.75,0.75,0,6,493200
SA,wt_sds_115,0.9,0.75,0.75,0,7,493200
SA,wt_sds_115,0.9,0.75,0.75,0,8,493200
SA,wt_sds_115,0.9,0.75,0.75,0,9,493200
SA,wt_sds_115,0.9,0.75,0.75,0,10,493200
SA,wt_sds_115,0.9,0.75,0.75,1,0,493200
SA,wt_sds_115,0.9,0.75,0.75,1,1,493200
SA,wt_sds_115,0.9,0.75,0.75,1,2,493200
SA,wt_sds_115,0.9,0.75,0.75,1,3,493200
SA,wt_sds_115,0.9,0.75,0.75,1,4,493200
SA,wt_sds_115,0.9,0.75,0.75,1,5,493200
SA,wt_sds_115,0.9,0.75,0.75,1,6,493200
SA,wt_sds_115,0.9,0.75,0.75,1,7,480240
SA,wt_sds_115,0.9,0.75,0.75,1,8,479934
SA,wt_sds_115,0.9,0.75,0.75,1,9,478000
SA,wt_sds_115,0.9,0.75,0.75,1,10,478000
SA,wt_sds_115,0.9,0.75,0.75,2,0,493200
SA,wt_sds_115,0.9,0.75,0.75,2,1,493200
SA,wt_sds_115,0.9,0.75,0.75,2,2,493200
SA,wt_sds_115,0.9,0.75,0.75,2,3,493200
SA,wt_sds_115,0.9,0.75,0.75,2,4,493200
SA,wt_sds_115,0.9,0.75,0.75,2,5,493200
SA,wt_sds_115,0.9,0.75,0.75,2,6,491214
SA,wt_sds_115,0.9,0.75,0.75,2,7,485218
SA,wt_sds_115,0.9,0.75,0.75,2,8,482154
SA,wt_sds_115,0.9,0.75,0.75,2,9,481790
SA,wt_sds_115,0.9,0.75,0.75,2,10,481738
SA,wt_sds_115,0.9,0.75,0.75,3,0,493200
SA,wt_sds_115,0.9,0.75,0.75,3,1,493200
SA,wt_sds_115,0.9,0.75,0.75,3,2,493200
SA,wt_sds_115,0.9,0.75,0.75,3,3,493200
SA,wt_sds_115,0.9,0.75,0.75,3,4,493200
SA,wt_sds_115,0.9,0.75,0.75,3,5,490575
SA,wt_sds_115,0.9,0.75,0.75,3,6,479765
SA,wt_sds_115,0.9,0.75,0.75,3,7,479765
SA,wt_sds_115,0.9,0.75,0.75,3,8,479765
SA,wt_sds_115,0.9,0.75,0.75,3,9,479765
SA,wt_sds_115,0.9,0.75,0.75,3,10,479765
SA,wt_sds_115,0.9,0.75,0.75,4,0,493200
SA,wt_sds_115,0.9,0.75,0.75,4,1,493200
SA,wt_sds_115,0.9,0.75,0.75,4,2,493200
SA,wt_sds_115,0.9,0.75,0.75,4,3,493200
SA,wt_sds_115,0.9,0.75,0.75,4,4,493200
SA,wt_sds_115,0.9,0.75,0.75,4,5,483636
SA,wt_sds_115,0.9,0.75,0.75,4,6,476730
SA,wt_sds_115,0.9,0.75,0.75,4,7,475991
SA,wt_sds_115,0.9,0.75,0.75,4,8,475991
SA,wt_sds_115,0.9,0.75,0.75,4,9,475991
SA,wt_sds_115,0.9,0.75,0.75,4,10,475991
GA,wt_sds_1,0.3,0.25,0.25,0,0,2442
GA,wt_sds_1,0.3,0.25,0.25,0,1,1510
GA,wt_sds_1,0.3,0.25,0.25,0,2,1414
GA,wt_sds_1,0.3,0.25,0.25,0,3,1414
GA,wt_sds_1,0.3,0.25,0.25,0,4,1414
GA,wt_sds_1,0.3,0.25,0.25,0,5,1414
GA,wt_sds_1,0.3,0.25,0.25,0,6,1414
GA,wt_sds_1,0.3,0.25,0.25,0,7,1414
GA,wt_sds_1,0.3,0.25,0.25,0,8,1414
GA,wt_sds_1,0.3,0.25,0.25,0,9,1414
GA,wt_sds_1,0.3,0.25,0.25,0,10,1414
GA,wt_sds_1,0.3,0.25,0.25,1,0,2442
GA,wt_sds_1,0.3,0.25,0.25,1,1,1708
GA,wt_sds_1,0.3,0.25,0.25,1,2,1672
GA,wt_sds_1,0.3,0.25,0.25,1,3,1492
GA,wt_sds_1,0.3,0.25,0.25,1,4,1326
GA,wt_sds_1,0.3,0.25,0.25,1,5,1326
GA,wt_sds_1,0.3,0.25,0.25,1,6,1326
GA,wt_sds_1,0.3,0.25,0.25,1,7,1326
GA,wt_sds_1,0.3,0.25,0.25,1,8,1278
GA,wt_sds_1,0.3,0.25,0.25,1,9,1278
GA,wt_sds_1,0.3,0.25,0.25,1,10,1278
GA,wt_sds_1,0.3,0.25,0.25,2,0,2442
GA,wt_sds_1,0.3,0.25,0.25,2,1,1510
GA,wt_sds_1,0.3,0.25,0.25,2,2,1414
GA,wt_sds_1,0.3,0.25,0.25,2,3,1414
GA,wt_sds_1,0.3,0.25,0.25,2,4,1414
GA,wt_sds_1,0.3,0.25,0.25,2,5,1414
GA,wt_sds_1,0.3,0.25,0.25,2,6,1414
GA,wt_sds_1,0.3,0.25,0.25,2,7,1414
GA,wt_sds_1,0.3,0.25,0.25,2,8,1414
GA,wt_sds_1,0.3,0.25,0.25,2,9,1414
GA,wt_sds_1,0.3,0.25,0.25,2,10,1414
GA,wt_sds_1,0.3,0.25,0.25,3,0,2442
GA,wt_sds_1,0.3,0.25,0.25,3,1,1510
GA,wt_sds_1,0.3,0.25,0.25,3,2,1198
GA,wt_sds_1,0.3,0.25,0.25,3,3,1198
GA,wt_sds_1,0.3,0.25,0.25,3,4,1198
GA,wt_sds_1,0.3,0.25,0.25,3,5,1198
GA,wt_sds_1,0.3,0.25,0.25,3,6,1198
GA,wt_sds_1,0.3,0.25,0.25,3,7,1190
GA,wt_sds_1,0.3,0.25,0.25,3,8,1190
GA,wt_sds_1,0.3,0.25,0.25,3,9,1190
GA,wt_sds_1,0.3,0.25,0.25,3,10,1190
GA,wt_sds_1,0.3,0.25,0.25,4,0,2442
GA,wt_sds_1,0.3,0.25,0.25,4,1,1842
GA,wt_sds_1,0.3,0.25,0.25,4,2,1842
GA,wt_sds_1,0.3,0.25,0.25,4,3,1574
GA,wt_sds_1,0.3,0.25,0.25,4,4,1574
GA,wt_sds_1,0.3,0.25,0.25,4,5,1483
GA,wt_sds_1,0.3,0.25,0.25,4,6,1483
GA,wt_sds_1,0.3,0.25,0.25,4,7,1483
GA,wt_sds_1,0.3,0.25,0.25,4,8,1483
GA,wt_sds_1,0.3,0.25,0.25,4,9,1483
GA,wt_sds_1,0.3,0.25,0.25,4,10,1483
GA,wt_sds_2,0.3,0.25,0.25,0,0,13089
GA,wt_sds_2,0.3,0.25,0.25,0,1,8405
GA,wt_sds_2,0.3,0.25,0.25,0,2,8316
GA,wt_sds_2,0.3,0.25,0.25,0,3,8316
GA,wt_sds_2,0.3,0.25,0.25,0,4,8316
GA,wt_sds_2,0.3,0.25,0.25,0,5,8316
GA,wt_sds_2,0.3,0.25,0.25,0,6,8316
GA,wt_sds_2,0.3,0.25,0.25,0,7,8028
GA,wt_sds_2,0.3,0.25,0.25,0,8,8028
GA,wt_sds_2,0.3,0.25,0.25,0,9,8028
GA,wt_sds_2,0.3,0.25,0.25,0,10,8028
GA,wt_sds_2,0.3,0.25,0.25,1,0,13089
GA,wt_sds_2,0.3,0.25,0.25,1,1,8908
GA,wt_sds_2,0.3,0.25,0.25,1,2,8495
GA,wt_sds_2,0.3,0.25,0.25,1,3,8495
GA,wt_sds_2,0.3,0.25,0.25,1,4,8495
GA,wt_sds_2,0.3,0.25,0.25,1,5,8495
GA,wt_sds_2,0.3,0.25,0.25,1,6,8495
GA,wt_sds_2,0.3,0.25,0.25,1,7,8495
GA,wt_sds_2,0.3,0.25,0.25,1,8,8495
GA,wt_sds_2,0.3,0.25,0.25,1,9,8495
GA,wt_sds_2,0.3,0.25,0.25,1,10,8495
GA,wt_sds_2,0.3,0.25,0.25,2,0,13089
GA,wt_sds_2,0.3,0.25,0.25,2,1,8793
GA,wt_sds_2,0.3,0.25,0.25,2,2,8441
GA,wt_sds_2,0.3,0.25,0.25,2,3,8015
GA,wt_sds_2,0.3,0.25,0.25,2,4,8015
GA,wt_sds_2,0.3,0.25,0.25,2,5,8015
GA,wt_sds_2,0.3,0.25,0.25,2,6,7505
GA,wt_sds_2,0.3,0.25,0.25,2,7,7505
GA,wt_sds_2,0.3,0.25,0.25,2,8,7505
GA,wt_sds_2,0.3,0.25,0.25,2,9,7505
GA,wt_sds_2,0.3,0.25,0.25,2,10,7505
GA,wt_sds_2,0.3,0.25,0.25,3,0,13089
GA,wt_sds_2,0.3,0.25,0.25,3,1,7864
GA,wt_sds_2,0.3,0.25,0.25,3,2,7684
GA,wt_sds_2,0.3,0.25,0.25,3,3,7671
GA,wt_sds_2,0.3,0.25,0.25,3,4,7671
GA,wt_sds_2,0.3,0.25,0.25,3,5,7671
GA,wt_sds_2,0.3,0.25,0.25,3,6,7671
GA,wt_sds_2,0.3,0.25,0.25,3,7,7671
GA,wt_sds_2,0.3,0.25,0.25,3,8,7671
GA,wt_sds_2,0.3,0.25,0.25,3,9,7671
GA,wt_sds_2,0.3,0.25,0.25,3,10,7671
GA,wt_sds_2,0.3,0.25,0.25,4,0,13089
GA,wt_sds_2,0.3,0.25,0.25,4,1,7836
GA,wt_sds_2,0.3,0.25,0.25,4,2,7836
GA,wt_sds_2,0.3,0.25,0.25,4,3,7836
GA,wt_sds_2,0.3,0.25,0.25,4,4,7572
GA,wt_sds_2,0.3,0.25,0.25,4,5,7572
GA,wt_sds_2,0.3,0.25,0.25,4,6,7572
GA,wt_sds_2,0.3,0.25,0.25,4,7,7572
GA,wt_sds_2,0.3,0.25,0.25,4,8,7572
GA,wt_sds_2,0.3,0.25,0.25,4,9,7572
GA,wt_sds_2,0.3,0.25,0.25,4,10,7572
GA,wt_sds_3,0.3,0.25,0.25,0,0,5053
GA,wt_sds_3,0.3,0.25,0.25,0,1,3408
GA,wt_sds_3,0.3,0.25,0.25,0,2,2622
GA,wt_sds_3,0.3,0.25,0.25,0,3,2622
GA,wt_sds_3,0.3,0.25,0.25,0,4,2622
GA,wt_sds_3,0.3,0.25,0.25,0,5,2622
GA,wt_sds_3,0.3,0.25,0.25,0,6,2622
GA,wt_sds_3,0.3,0.25,0.25,0,7,2622
GA,wt_sds_3,0.3,0.25,0.25,0,8,2622
GA,wt_sds_3,0.3,0.25,0.25,0,9,2622
GA,wt_sds_3,0.3,0.25,0.25,0,10,2622
GA,wt_sds_3,0.3,0.25,0.25,1,0,5053
GA,wt_sds_3,0.3,0.25,0.25,1,1,3797
GA,wt_sds_3,0.3,0.25,0.25,1,2,3361
GA,wt_sds_3,0.3,0.25,0.25,1,3,3361
GA,wt_sds_3,0.3,0.25,0.25,1,4,3361
GA,wt_sds_3,0.3,0.25,0.25,1,5,3241
GA,wt_sds_3,0.3,0.25,0.25,1,6,3235
GA,wt_sds_3,0.3,0.25,0.25,1,7,3235
GA,wt_sds_3,0.3,0.25,0.25,1,8,3235
GA,wt_sds_3,0.3,0.25,0.25,1,9,3101
GA,wt_sds_3,0.3,0.25,0.25,1,10,3081
GA,wt_sds_3,0.3,0.25,0.25,2,0,5053
GA,wt_sds_3,0.3,0.25,0.25,2,1,3291
GA,wt_sds_3,0.3,0.25,0.25,2,2,3130
GA,wt_sds_3,0.3,0.25,0.25,2,3,3130
GA,wt_sds_3,0.3,0.25,0.25,2,4,3130
GA,wt_sds_3,0.3,0.25,0.25,2,5,3130
GA,wt_sds_3,0.3,0.25,0.25,2,6,3130
GA,wt_sds_3,0.3,0.25,0.25,2,7,3130
GA,wt_sds_3,0.3,0.25,0.25,2,8,3130
GA,wt_sds_3,0.3,0.25,0.25,2,9,3130
GA,wt_sds_3,0.3,0.25,0.25,2,10,2950
GA,wt_sds_3,0.3,0.25,0.25,3,0,5053
GA,wt_sds_3,0.3,0.25,0.25,3,1,2997
GA,wt_sds_3,0.3,0.25,0.25,3,2,2791
GA,wt_sds_3,0.3,0.25,0.25,3,3,2791
GA,wt_sds_3,0.3,0.25,0.25,3,4,2791
GA,wt_sds_3,0.3,0.25,0.25,3,5,2774
GA,wt_sds_3,0.3,0.25,0.25,3,6,2760
GA,wt_sds_3,0.3,0.25,0.25,3,7,2760
GA,wt_sds_3,0.3,0.25,0.25,3,8,2760
GA,wt_sds_3,0.3,0.25,0.25,3,9,2760
GA,wt_sds_3,0.3,0.25,0.25,3,10,2760
GA,wt_sds_3,0.3,0.25,0.25,4,0,5053
GA,wt_sds_3,0.3,0.25,0.25,4,1,3131
GA,wt_sds_3,0.3,0.25,0.25,4,2,3122
GA,wt_sds_3,0.3,0.25,0.25,4,3,3122
GA,wt_sds_3,0.3,0.25,0.25,4,4,3122
GA,wt_sds_3,0.3,0.25,0.25,4,5,2797
GA,wt_sds_3,0.3,0.25,0.25,4,6,2797
GA,wt_sds_3,0.3,0.25,0.25,4,7,2797
GA,wt_sds_3,0.3,0.25,0.25,4,8,2797
GA,wt_sds_3,0.3,0.25,0.25,4,9,2797
GA,wt_sds_3,0.3,0.25,0.25,4,10,2797
GA,wt_sds_4,0.3,0.25,0.25,0,0,16155
GA,wt_sds_4,0.3,0.25,0.25,0,1,9790
GA,wt_sds_4,0.3,0.25,0.25,0,2,9353
GA,wt_sds_4,0.3,0.25,0.25,0,3,9133
GA,wt_sds_4,0.3,0.25,0.25,0,4,9133
GA,wt_sds_4,0.3,0.25,0.25,0,5,9133
GA,wt_sds_4,0.3,0.25,0.25,0,6,9133
GA,wt_sds_4,0.3,0.25,0.25,0,7,9133
GA,wt_sds_4,0.3,0.25,0.25,0,8,9133
GA,wt_sds_4,0.3,0.25,0.25,0,9,9133
GA,wt_sds_4,0.3,0.25,0.25,0,10,9133
GA,wt_sds_4,0.3,0.25,0.25,1,0,16155
GA,wt_sds_4,0.3,0.25,0.25,1,1,10455
GA,wt_sds_4,0.3,0.25,0.25,1,2,10127
GA,wt_sds_4,0.3,0.25,0.25,1,3,10127
GA,wt_sds_4,0.3,0.25,0.25,1,4,10127
GA,wt_sds_4,0.3,0.25,0.25,1,5,10106
GA,wt_sds_4,0.3,0.25,0.25,1,6,10022
GA,wt_sds_4,0.3,0.25,0.25,1,7,9707
GA,wt_sds_4,0.3,0.25,0.25,1,8,9707
GA,wt_sds_4,0.3,0.25,0.25,1,9,9686
GA,wt_sds_4,0.3,0.25,0.25,1,10,9686
GA,wt_sds_4,0.3,0.25,0.25,2,0,16155
GA,wt_sds_4,0.3,0.25,0.25,2,1,10183
GA,wt_sds_4,0.3,0.25,0.25,2,2,9447
GA,wt_sds_4,0.3,0.25,0.25,2,3,9447
GA,wt_sds_4,0.3,0.25,0.25,2,4,9447
GA,wt_sds_4,0.3,0.25,0.25,2,5,9447
GA,wt_sds_4,0.3,0.25,0.25,2,6,9447
GA,wt_sds_4,0.3,0.25,0.25,2,7,9213
GA,wt_sds_4,0.3,0.25,0.25,2,8,9213
GA,wt_sds_4,0.3,0.25,0.25,2,9,9213
GA,wt_sds_4,0.3,0.25,0.25,2,10,9213
GA,wt_sds_4,0.3,0.25,0.25,3,0,16155
GA,wt_sds_4,0.3,0.25,0.25,3,1,9815
GA,wt_sds_4,0.3,0.25,0.25,3,2,9652
GA,wt_sds_4,0.3,0.25,0.25,3,3,9652
GA,wt_sds_4,0.3,0.25,0.25,3,4,9043
GA,wt_sds_4,0.3,0.25,0.25,3,5,8959
GA,wt_sds_4,0.3,0.25,0.25,3,6,8959
GA,wt_sds_4,0.3,0.25,0.25,3,7,8812
GA,wt_sds_4,0.3,0.25,0.25,3,8,8812
GA,wt_sds_4,0.3,0.25,0.25,3,9,8812
GA,wt_sds_4,0.3,0.25,0.25,3,10,8728
GA,wt_sds_4,0.3,0.25,0.25,4,0,16155
GA,wt_sds_4,0.3,0.25,0.25,4,1,10351
GA,wt_sds_4,0.3,0.25,0.25,4,2,9956
GA,wt_sds_4,0.3,0.25,0.25,4,3,9956
GA,wt_sds_4,0.3,0.25,0.25,4,4,9956
GA,wt_sds_4,0.3,0.25,0.25,4,5,9641
GA,wt_sds_4,0.3,0.25,0.25,4,6,9557
GA,wt_sds_4,0.3,0.25,0.25,4,7,9536
GA,wt_sds_4,0.3,0.25,0.25,4,8,9536
GA,wt_sds_4,0.3,0.25,0.25,4,9,9536
GA,wt_sds_4,0.3,0.25,0.25,4,10,9536
GA,wt_sds_5,0.3,0.25,0.25,0,0,10127
GA,wt_sds_5,0.3,0.25,0.25,0,1,7155
GA,wt_sds_5,0.3,0.25,0.25,0,2,6594
GA,wt_sds_5,0.3,0.25,0.25,0,3,6594
GA,wt_sds_5,0.3,0.25,0.25,0,4,6594
GA,wt_sds_5,0.3,0.25,0.25,0,5,6594
GA,wt_sds_5,0.3,0.25,0.25,0,6,6594
GA,wt_sds_5,0.3,0.25,0.25,0,7,6594
GA,wt_sds_5,0.3,0.25,0.25,0,8,6542
GA,wt_sds_5,0.3,0.25,0.25,0,9,6542
GA,wt_sds_5,0.3,0.25,0.25,0,10,6542
GA,wt_sds_5,0.3,0.25,0.25,1,0,10127
GA,wt_sds_5,0.3,0.25,0.25,1,1,6847
GA,wt_sds_5,0.3,0.25,0.25,1,2,6567
GA,wt_sds_5,0.3,0.25,0.25,1,3,6489
GA,wt_sds_5,0.3,0.25,0.25,1,4,6450
GA,wt_sds_5,0.3,0.25,0.25,1,5,6137
GA,wt_sds_5,0.3,0.25,0.25,1,6,6104
GA,wt_sds_5,0.3,0.25,0.25,1,7,6060
GA,wt_sds_5,0.3,0.25,0.25,1,8,5862
GA,wt_sds_5,0.3,0.25,0.25,1,9,5862
GA,wt_sds_5,0.3,0.25,0.25,1,10,5862
GA,wt_sds_5,0.3,0.25,0.25,2,0,10127
GA,wt_sds_5,0.3,0.25,0.25,2,1,7241
GA,wt_sds_5,0.3,0.25,0.25,2,2,6980
GA,wt_sds_5,0.3,0.25,0.25,2,3,6524
GA,wt_sds_5,0.3,0.25,0.25,2,4,6302
GA,wt_sds_5,0.3,0.25,0.25,2,5,6302
GA,wt_sds_5,0.3,0.25,0.25,2,6,6302
GA,wt_sds_5,0.3,0.25,0.25,2,7,6302
GA,wt_sds_5,0.3,0.25,0.25,2,8,6302
GA,wt_sds_5,0.3,0.25,0.25,2,9,6302
GA,wt_sds_5,0.3,0.25,0.25,2,10,6302
GA,wt_sds_5,0.3,0.25,0.25,3,0,10127
GA,wt_sds_5,0.3,0.25,0.25,3,1,7102
GA,wt_sds_5,0.3,0.25,0.25,3,2,6940
GA,wt_sds_5,0.3,0.25,0.25,3,3,6940
GA,wt_sds_5,0.3,0.25,0.25,3,4,6940
GA,wt_sds_5,0.3,0.25,0.25,3,5,6924
GA,wt_sds_5,0.3,0.25,0.25,3,6,6924
GA,wt_sds_5,0.3,0.25,0.25,3,7,6924
GA,wt_sds_5,0.3,0.25,0.25,3,8,6924
GA,wt_sds_5,0.3,0.25,0.25,3,9,6924
GA,wt_sds_5,0.3,0.25,0.25,3,10,6924
GA,wt_sds_5,0.3,0.25,0.25,4,0,10127
GA,wt_sds_5,0.3,0.25,0.25,4,1,6961
GA,wt_sds_5,0.3,0.25,0.25,4,2,6961
GA,wt_sds_5,0.3,0.25,0.25,4,3,6389
GA,wt_sds_5,0.3,0.25,0.25,4,4,6389
GA,wt_sds_5,0.3,0.25,0.25,4,5,6389
GA,wt_sds_5,0.3,0.25,0.25,4,6,6389
GA,wt_sds_5,0.3,0.25,0.25,4,7,6332
GA,wt_sds_5,0.3,0.25,0.25,4,8,6244
GA,wt_sds_5,0.3,0.25,0.25,4,9,6244
GA,wt_sds_5,0.3,0.25,0.25,4,10,6244
GA,wt_sds_11,0.3,0.25,0.75,0,0,16772
GA,wt_sds_11,0.3,0.25,0.75,0,1,11112
GA,wt_sds_11,0.3,0.25,0.75,0,2,10082
GA,wt_sds_11,0.3,0.25,0.75,0,3,8861
GA,wt_sds_11,0.3,0.25,0.75,0,4,8761
GA,wt_sds_11,0.3,0.25,0.75,0,5,8761
GA,wt_sds_11,0.3,0.25,0.75,0,6,8761
GA,wt_sds_11,0.3,0.25,0.75,0,7,8761
GA,wt_sds_11,0.3,0.25,0.75,0,8,8761
GA,wt_sds_11,0.3,0.25,0.75,0,9,8761
GA,wt_sds_11,0.3,0.25,0.75,0,10,8761
GA,wt_sds_11,0.3,0.25,0.75,1,0,16772
GA,wt_sds_11,0.3,0.25,0.75,1,1,10874
GA,wt_sds_11,0.3,0.25,0.75,1,2,10248
GA,wt_sds_11,0.3,0.25,0.75,1,3,10153
GA,wt_sds_11,0.3,0.25,0.75,1,4,10153
GA,wt_sds_11,0.3,0.25,0.75,1,5,10153
GA,wt_sds_11,0.3,0.25,0.75,1,6,10153
GA,wt_sds_11,0.3,0.25,0.75,1,7,10153
GA,wt_sds_11,0.3,0.25,0.75,1,8,10153
GA,wt_sds_11,0.3,0.25,0.75,1,9,10153
GA,wt_sds_11,0.3,0.25,0.75,1,10,10153
GA,wt_sds_11,0.3,0.25,0.75,2,0,16772
GA,wt_sds_11,0.3,0.25,0.75,2,1,9424
GA,wt_sds_11,0.3,0.25,0.75,2,2,8808
GA,wt_sds_11,0.3,0.25,0.75,2,3,8520
GA,wt_sds_11,0.3,0.25,0.75,2,4,8520
GA,wt_sds_11,0.3,0.25,0.75,2,5,8520
GA,wt_sds_11,0.3,0.25,0.75,2,6,8460
GA,wt_sds_11,0.3,0.25,0.75,2,7,8460
GA,wt_sds_11,0.3,0.25,0.75,2,8,8460
GA,wt_sds_11,0.3,0.25,0.75,2,9,8460
GA,wt_sds_11,0.3,0.25,0.75,2,10,8460
GA,wt_sds_11,0.3,0.25,0.75,3,0,16772
GA,wt_sds_11,0.3,0.25,0.75,3,1,10072
GA,wt_sds_11,0.3,0.25,0.75,3,2,10072
GA,wt_sds_11,0.3,0.25,0.75,3,3,9490
GA,wt_sds_11,0.3,0.25,0.75,3,4,8882
GA,wt_sds_11,0.3,0.25,0.75,3,5,8882
GA,wt_sds_11,0.3,0.25,0.75,3,6,8882
GA,wt_sds_11,0.3,0.25,0.75,3,7,8882
GA,wt_sds_11,0.3,0.25,0.75,3,8,8882
GA,wt_sds_11,0.3,0.25,0.75,3,9,8882
GA,wt_sds_11,0.3,0.25,0.75,3,10,8882
GA,wt_sds_11,0.3,0.25,0.75,4,0,16772
GA,wt_sds_11,0.3,0.25,0.75,4,1,10894
GA,wt_sds_11,0.3,0.25,0.75,4,2,10894
GA,wt_sds_11,0.3,0.25,0.75,4,3,8176
GA,wt_sds_11,0.3,0.25,0.75,4,4,7960
GA,wt_sds_11,0.3,0.25,0.75,4,5,7960
GA,wt_sds_11,0.3,0.25,0.75,4,6,7960
GA,wt_sds_11,0.3,0.25,0.75,4,7,7960
GA,wt_sds_11,0.3,0.25,0.75,4,8,7960
GA,wt_sds_11,0.3,0.25,0.75,4,9,7960
GA,wt_sds_11,0.3,0.25,0.75,4,10,7960
GA,wt_sds_12,0.3,0.25,0.75,0,0,751
GA,wt_sds_12,0.3,0.25,0.75,0,1,0
GA,wt_sds_12,0.3,0.25,0.75,0,2,0
GA,wt_sds_12,0.3,0.25,0.75,0,3,0
GA,wt_sds_12,0.3,0.25,0.75,0,4,0
GA,wt_sds_12,0.3,0.25,0.75,0,5,0
GA,wt_sds_12,0.3,0.25,0.75,0,6,0
GA,wt_sds_12,0.3,0.25,0.75,0,7,0
GA,wt_sds_12,0.3,0.25,0.75,0,8,0
GA,wt_sds_12,0.3,0.25,0.75,0,9,0
GA,wt_sds_12,0.3,0.25,0.75,0,10,0
GA,wt_sds_12,0.3,0.25,0.75,1,0,751
GA,wt_sds_12,0.3,0.25,0.75,1,1,36
GA,wt_sds_12,0.3,0.25,0.75,1,2,0
GA,wt_sds_12,0.3,0.25,0.75,1,3,0
GA,wt_sds_12,0.3,0.25,0.75,1,4,0
GA,wt_sds_12,0.3,0.25,0.75,1,5,0
GA,wt_sds_12,0.3,0.25,0.75,1,6,0
GA,wt_sds_12,0.3,0.25,0.75,1,7,0
GA,wt_sds_12,0.3,0.25,0.75,1,8,0
GA,wt_sds_12,0.3,0.25,0.75,1,9,0
GA,wt_sds_12,0.3,0.25,0.75,1,10,0
GA,wt_sds_12,0.3,0.25,0.75,2,0,751
GA,wt_sds_12,0.3,0.25,0.75,2,1,15
GA,wt_sds_12,0.3,0.25,0.75,2,2,15
GA,wt_sds_12,0.3,0.25,0.75,2,3,15
GA,wt_sds_12,0.3,0.25,0.75,2,4,15
GA,wt_sds_12,0.3,0.25,0.75,2,5,15
GA,wt_sds_12,0.3,0.25,0.75,2,6,15
GA,wt_sds_12,0.3,0.25,0.75,2,7,15
GA,wt_sds_12,0.3,0.25,0.75,2,8,15
GA,wt_sds_12,0.3,0.25,0.75,2,9,15
GA,wt_sds_12,0.3,0.25,0.75,2,10,15
GA,wt_sds_12,0.3,0.25,0.75,3,0,751
GA,wt_sds_12,0.3,0.25,0.75,3,1,89
GA,wt_sds_12,0.3,0.25,0.75,3,2,89
GA,wt_sds_12,0.3,0.25,0.75,3,3,89
GA,wt_sds_12,0.3,0.25,0.75,3,4,89
GA,wt_sds_12,0.3,0.25,0.75,3,5,89
GA,wt_sds_12,0.3,0.25,0.75,3,6,89
GA,wt_sds_12,0.3,0.25,0.75,3,7,89
GA,wt_sds_12,0.3,0.25,0.75,3,8,89
GA,wt_sds_12,0.3,0.25,0.75,3,9,89
GA,wt_sds_12,0.3,0.25,0.75,3,10,89
GA,wt_sds_12,0.3,0.25,0.75,4,0,751
GA,wt_sds_12,0.3,0.25,0.75,4,1,189
GA,wt_sds_12,0.3,0.25,0.75,4,2,6
GA,wt_sds_12,0.3,0.25,0.75,4,3,6
GA,wt_sds_12,0.3,0.25,0.75,4,4,0
GA,wt_sds_12,0.3,0.25,0.75,4,5,0
GA,wt_sds_12,0.3,0.25,0.75,4,6,0
GA,wt_sds_12,0.3,0.25,0.75,4,7,0
GA,wt_sds_12,0.3,0.25,0.75,4,8,0
GA,wt_sds_12,0.3,0.25,0.75,4,9,0
GA,wt_sds_12,0.3,0.25,0.75,4,10,0
GA,wt_sds_13,0.3,0.25,0.75,0,0,11556
GA,wt_sds_13,0.3,0.25,0.75,0,1,10998
GA,wt_sds_13,0.3,0.25,0.75,0,2,10998
GA,wt_sds_13,0.3,0.25,0.75,0,3,10998
GA,wt_sds_13,0.3,0.25,0.75,0,4,10998
GA,wt_sds_13,0.3,0.25,0.75,0,5,10998
GA,wt_sds_13,0.3,0.25,0.75,0,6,10998
GA,wt_sds_13,0.3,0.25,0.75,0,7,10998
GA,wt_sds_13,0.3,0.25,0.75,0,8,10998
GA,wt_sds_13,0.3,0.25,0.75,0,9,10998
GA,wt_sds_13,0.3,0.25,0.75,0,10,10998
GA,wt_sds_13,0.3,0.25,0.75,1,0,11556
GA,wt_sds_13,0.3,0.25,0.75,1,1,10998
GA,wt_sds_13,0.3,0.25,0.75,1,2,10998
GA,wt_sds_13,0.3,0.25,0.75,1,3,10998
GA,wt_sds_13,0.3,0.25,0.75,1,4,10998
GA,wt_sds_13,0.3,0.25,0.75,1,5,10998
GA,wt_sds_13,0.3,0.25,0.75,1,6,10998
GA,wt_sds_13,0.3,0.25,0.75,1,7,10998
GA,wt_sds_13,0.3,0.25,0.75,1,8,10998
GA,wt_sds_13,0.3,0.25,0.75,1,9,10998
GA,wt_sds_13,0.3,0.25,0.75,1,10,10998
GA,wt_sds_13,0.3,0.25,0.75,2,0,11556
GA,wt_sds_13,0.3,0.25,0.75,2,1,10998
GA,wt_sds_13,0.3,0.25,0.75,2,2,10998
GA,wt_sds_13,0.3,0.25,0.75,2,3,10998
GA,wt_sds_13,0.3,0.25,0.75,2,4,10998
GA,wt_sds_13,0.3,0.25,0.75,2,5,10998
GA,wt_sds_13,0.3,0.25,0.75,2,6,10998
GA,wt_sds_13,0.3,0.25,0.75,2,7,10998
GA,wt_sds_13,0.3,0.25,0.75,2,8,10998
GA,wt_sds_13,0.3,0.25,0.75,2,9,10998
GA,wt_sds_13,0.3,0.25,0.75,2,10,10998
GA,wt_sds_13,0.3,0.25,0.75,3,0,11556
GA,wt_sds_13,0.3,0.25,0.75,3,1,10343
GA,wt_sds_13,0.3,0.25,0.75,3,2,10343
GA,wt_sds_13,0.3,0.25,0.75,3,3,10100
GA,wt_sds_13,0.3,0.25,0.75,3,4,8838
GA,wt_sds_13,0.3,0.25,0.75,3,5,8838
GA,wt_sds_13,0.3,0.25,0.75,3,6,8838
GA,wt_sds_13,0.3,0.25,0.75,3,7,8838
GA,wt_sds_13,0.3,0.25,0.75,3,8,8838
GA,wt_sds_13,0.3,0.25,0.75,3,9,8838
GA,wt_sds_13,0.3,0.25,0.75,3,10,8838
GA,wt_sds_13,0.3,0.25,0.75,4,0,11556
GA,wt_sds_13,0.3,0.25,0.75,4,1,10385
GA,wt_sds_13,0.3,0.25,0.75,4,2,10343
GA,wt_sds_13,0.3,0.25,0.75,4,3,10343
GA,wt_sds_13,0.3,0.25,0.75,4,4,10343
GA,wt_sds_13,0.3,0.25,0.75,4,5,10100
GA,wt_sds_13,0.3,0.25,0.75,4,6,10100
GA,wt_sds_13,0.3,0.25,0.75,4,7,10100
GA,wt_sds_13,0.3,0.25,0.75,4,8,10100
GA,wt_sds_13,0.3,0.25,0.75,4,9,9308
GA,wt_sds_13,0.3,0.25,0.75,4,10,8838
GA,wt_sds_14,0.3,0.25,0.75,0,0,15307
GA,wt_sds_14,0.3,0.25,0.75,0,1,11339
GA,wt_sds_14,0.3,0.25,0.75,0,2,11220
GA,wt_sds_14,0.3,0.25,0.75,0,3,11220
GA,wt_sds_14,0.3,0.25,0.75,0,4,10453
GA,wt_sds_14,0.3,0.25,0.75,0,5,10078
GA,wt_sds_14,0.3,0.25,0.75,0,6,10078
GA,wt_sds_14,0.3,0.25,0.75,0,7,10078
GA,wt_sds_14,0.3,0.25,0.75,0,8,10078
GA,wt_sds_14,0.3,0.25,0.75,0,9,10078
GA,wt_sds_14,0.3,0.25,0.75,0,10,10078
GA,wt_sds_14,0.3,0.25,0.75,1,0,15307
GA,wt_sds_14,0.3,0.25,0.75,1,1,9670
GA,wt_sds_14,0.3,0.25,0.75,1,2,9670
GA,wt_sds_14,0.3,0.25,0.75,1,3,9670
GA,wt_sds_14,0.3,0.25,0.75,1,4,9670
GA,wt_sds_14,0.3,0.25,0.75,1,5,9670
GA,wt_sds_14,0.3,0.25,0.75,1,6,9670
GA,wt_sds_14,0.3,0.25,0.75,1,7,9670
GA,wt_sds_14,0.3,0.25,0.75,1,8,9670
GA,wt_sds_14,0.3,0.25,0.75,1,9,9670
GA,wt_sds_14,0.3,0.25,0.75,1,10,9499
GA,wt_sds_14,0.3,0.25,0.75,2,0,15307
GA,wt_sds_14,0.3,0.25,0.75,2,1,10433
GA,wt_sds_14,0.3,0.25,0.75,2,2,9714
GA,wt_sds_14,0.3,0.25,0.75,2,3,9336
GA,wt_sds_14,0.3,0.25,0.75,2,4,9282
GA,wt_sds_14,0.3,0.25,0.75,2,5,9282
GA,wt_sds_14,0.3,0.25,0.75,2,6,9282
GA,wt_sds_14,0.3,0.25,0.75,2,7,9282
GA,wt_sds_14,0.3,0.25,0.75,2,8,9282
GA,wt_sds_14,0.3,0.25,0.75,2,9,9282
GA,wt_sds_14,0.3,0.25,0.75,2,10,9282
GA,wt_sds_14,0.3,0.25,0.75,3,0,15307
GA,wt_sds_14,0.3,0.25,0.75,3,1,9715
GA,wt_sds_14,0.3,0.25,0.75,3,2,8461
GA,wt_sds_14,0.3,0.25,0.75,3,3,8461
GA,wt_sds_14,0.3,0.25,0.75,3,4,8461
GA,wt_sds_14,0.3,0.25,0.75,3,5,8461
GA,wt_sds_14,0.3,0.25,0.75,3,6,8461
GA,wt_sds_14,0.3,0.25,0.75,3,7,8461
GA,wt_sds_14,0.3,0.25,0.75,3,8,8461
GA,wt_sds_14,0.3,0.25,0.75,3,9,8461
GA,wt_sds_14,0.3,0.25,0.75,3,10,8461
GA,wt_sds_14,0.3,0.25,0.75,4,0,15307
GA,wt_sds_14,0.3,0.25,0.75,4,1,11267
GA,wt_sds_14,0.3,0.25,0.75,4,2,11107
GA,wt_sds_14,0.3,0.25,0.75,4,3,11107
GA,wt_sds_14,0.3,0.25,0.75,4,4,11107
GA,wt_sds_14,0.3,0.25,0.75,4,5,11107
GA,wt_sds_14,0.3,0.25,0.75,4,6,9817
GA,wt_sds_14,0.3,0.25,0.75,4,7,9817
GA,wt_sds_14,0.3,0.25,0.75,4,8,9817
GA,wt_sds_14,0.3,0.25,0.75,4,9,9817
GA,wt_sds_14,0.3,0.25,0.75,4,10,9817
GA,wt_sds_15,0.3,0.25,0.75,0,0,7572
GA,wt_sds_15,0.3,0.25,0.75,0,1,5569
GA,wt_sds_15,0.3,0.25,0.75,0,2,5359
GA,wt_sds_15,0.3,0.25,0.75,0,3,5078
GA,wt_sds_15,0.3,0.25,0.75,0,4,5078
GA,wt_sds_15,0.3,0.25,0.75,0,5,5078
GA,wt_sds_15,0.3,0.25,0.75,0,6,5078
GA,wt_sds_15,0.3,0.25,0.75,0,7,5078
GA,wt_sds_15,0.3,0.25,0.75,0,8,5078
GA,wt_sds_15,0.3,0.25,0.75,0,9,5078
GA,wt_sds_15,0.3,0.25,0.75,0,10,5078
GA,wt_sds_15,0.3,0.25,0.75,1,0,7572
GA,wt_sds_15,0.3,0.25,0.75,1,1,6448
GA,wt_sds_15,0.3,0.25,0.75,1,2,6148
GA,wt_sds_15,0.3,0.25,0.75,1,3,5980
GA,wt_sds_15,0.3,0.25,0.75,1,4,5980
GA,wt_sds_15,0.3,0.25,0.75,1,5,5980
GA,wt_sds_15,0.3,0.25,0.75,1,6,5980
GA,wt_sds_15,0.3,0.25,0.75,1,7,5980
GA,wt_sds_15,0.3,0.25,0.75,1,8,5980
GA,wt_sds_15,0.3,0.25,0.75,1,9,5980
GA,wt_sds_15,0.3,0.25,0.75,1,10,5980
GA,wt_sds_15,0.3,0.25,0.75,2,0,7572
GA,wt_sds_15,0.3,0.25,0.75,2,1,5659
GA,wt_sds_15,0.3,0.25,0.75,2,2,5359
GA,wt_sds_15,0.3,0.25,0.75,2,3,5359
GA,wt_sds_15,0.3,0.25,0.75,2,4,4949
GA,wt_sds_15,0.3,0.25,0.75,2,5,4710
GA,wt_sds_15,0.3,0.25,0.75,2,6,4440
GA,wt_sds_15,0.3,0.25,0.75,2,7,4440
GA,wt_sds_15,0.3,0.25,0.75,2,8,4440
GA,wt_sds_15,0.3,0.25,0.75,2,9,4440
GA,wt_sds_15,0.3,0.25,0.75,2,10,4440
GA,wt_sds_15,0.3,0.25,0.75,3,0,7572
GA,wt_sds_15,0.3,0.25,0.75,3,1,5967
GA,wt_sds_15,0.3,0.25,0.75,3,2,5359
GA,wt_sds_15,0.3,0.25,0.75,3,3,5078
GA,wt_sds_15,0.3,0.25,0.75,3,4,5078
GA,wt_sds_15,0.3,0.25,0.75,3,5,5078
GA,wt_sds_15,0.3,0.25,0.75,3,6,5078
GA,wt_sds_15,0.3,0.25,0.75,3,7,5078
GA,wt_sds_15,0.3,0.25,0.75,3,8,5078
GA,wt_sds_15,0.3,0.25,0.75,3,9,5078
GA,wt_sds_15,0.3,0.25,0.75,3,10,5078
GA,wt_sds_15,0.3,0.25,0.75,4,0,7572
GA,wt_sds_15,0.3,0.25,0.75,4,1,5967
GA,wt_sds_15,0.3,0.25,0.75,4,2,5359
GA,wt_sds_15,0.3,0.25,0.75,4,3,5359
GA,wt_sds_15,0.3,0.25,0.75,4,4,5359
GA,wt_sds_15,0.3,0.25,0.75,4,5,5359
GA,wt_sds_15,0.3,0.25,0.75,4,6,5359
GA,wt_sds_15,0.3,0.25,0.75,4,7,5078
GA,wt_sds_15,0.3,0.25,0.75,4,8,5078
GA,wt_sds_15,0.3,0.25,0.75,4,9,5078
GA,wt_sds_15,0.3,0.25,0.75,4,10,5078
GA,wt_sds_21,0.3,0.75,0.25,0,0,3736
GA,wt_sds_21,0.3,0.75,0.25,0,1,16
GA,wt_sds_21,0.3,0.75,0.25,0,2,0
GA,wt_sds_21,0.3,0.75,0.25,0,3,0
GA,wt_sds_21,0.3,0.75,0.25,0,4,0
GA,wt_sds_21,0.3,0.75,0.25,0,5,0
GA,wt_sds_21,0.3,0.75,0.25,0,6,0
GA,wt_sds_21,0.3,0.75,0.25,0,7,0
GA,wt_sds_21,0.3,0.75,0.25,0,8,0
GA,wt_sds_21,0.3,0.75,0.25,0,9,0
GA,wt_sds_21,0.3,0.75,0.25,0,10,0
GA,wt_sds_21,0.3,0.75,0.25,1,0,3736
GA,wt_sds_21,0.3,0.75,0.25,1,1,54
GA,wt_sds_21,0.3,0.75,0.25,1,2,52
GA,wt_sds_21,0.3,0.75,0.25,1,3,4
GA,wt_sds_21,0.3,0.75,0.25,1,4,0
GA,wt_sds_21,0.3,0.75,0.25,1,5,0
GA,wt_sds_21,0.3,0.75,0.25,1,6,0
GA,wt_sds_21,0.3,0.75,0.25,1,7,0
GA,wt_sds_21,0.3,0.75,0.25,1,8,0
GA,wt_sds_21,0.3,0.75,0.25,1,9,0
GA,wt_sds_21,0.3,0.75,0.25,1,10,0
GA,wt_sds_21,0.3,0.75,0.25,2,0,3736
GA,wt_sds_21,0.3,0.75,0.25,2,1,23
GA,wt_sds_21,0.3,0.75,0.25,2,2,0
GA,wt_sds_21,0.3,0.75,0.25,2,3,0
GA,wt_sds_21,0.3,0.75,0.25,2,4,0
GA,wt_sds_21,0.3,0.75,0.25,2,5,0
GA,wt_sds_21,0.3,0.75,0.25,2,6,0
GA,wt_sds_21,0.3,0.75,0.25,2,7,0
GA,wt_sds_21,0.3,0.75,0.25,2,8,0
GA,wt_sds_21,0.3,0.75,0.25,2,9,0
GA,wt_sds_21,0.3,0.75,0.25,2,10,0
GA,wt_sds_21,0.3,0.75,0.25,3,0,3736
GA,wt_sds_21,0.3,0.75,0.25,3,1,68
GA,wt_sds_21,0.3,0.75,0.25,3,2,12
GA,wt_sds_21,0.3,0.75,0.25,3,3,10
GA,wt_sds_21,0.3,0.75,0.25,3,4,4
GA,wt_sds_21,0.3,0.75,0.25,3,5,0
GA,wt_sds_21,0.3,0.75,0.25,3,6,0
GA,wt_sds_21,0.3,0.75,0.25,3,7,0
GA,wt_sds_21,0.3,0.75,0.25,3,8,0
GA,wt_sds_21,0.3,0.75,0.25,3,9,0
GA,wt_sds_21,0.3,0.75,0.25,3,10,0
GA,wt_sds_21,0.3,0.75,0.25,4,0,3736
GA,wt_sds_21,0.3,0.75,0.25,4,1,22
GA,wt_sds_21,0.3,0.75,0.25,4,2,8
GA,wt_sds_21,0.3,0.75,0.25,4,3,8
GA,wt_sds_21,0.3,0.75,0.25,4,4,8
GA,wt_sds_21,0.3,0.75,0.25,4,5,8
GA,wt_sds_21,0.3,0.75,0.25,4,6,8
GA,wt_sds_21,0.3,0.75,0.25,4,7,0
GA,wt_sds_21,0.3,0.75,0.25,4,8,0
GA,wt_sds_21,0.3,0.75,0.25,4,9,0
GA,wt_sds_21,0.3,0.75,0.25,4,10,0
GA,wt_sds_22,0.3,0.75,0.25,0,0,1325
GA,wt_sds_22,0.3,0.75,0.25,0,1,0
GA,wt_sds_22,0.3,0.75,0.25,0,2,0
GA,wt_sds_22,0.3,0.75,0.25,0,3,0
GA,wt_sds_22,0.3,0.75,0.25,0,4,0
GA,wt_sds_22,0.3,0.75,0.25,0,5,0
GA,wt_sds_22,0.3,0.75,0.25,0,6,0
GA,wt_sds_22,0.3,0.75,0.25,0,7,0
GA,wt_sds_22,0.3,0.75,0.25,0,8,0
GA,wt_sds_22,0.3,0.75,0.25,0,9,0
GA,wt_sds_22,0.3,0.75,0.25,0,10,0
GA,wt_sds_22,0.3,0.75,0.25,1,0,1325
GA,wt_sds_22,0.3,0.75,0.25,1,1,0
GA,wt_sds_22,0.3,0.75,0.25,1,2,0
GA,wt_sds_22,0.3,0.75,0.25,1,3,0
GA,wt_sds_22,0.3,0.75,0.25,1,4,0
GA,wt_sds_22,0.3,0.75,0.25,1,5,0
GA,wt_sds_22,0.3,0.75,0.25,1,6,0
GA,wt_sds_22,0.3,0.75,0.25,1,7,0
GA,wt_sds_22,0.3,0.75,0.25,1,8,0
GA,wt_sds_22,0.3,0.75,0.25,1,9,0
GA,wt_sds_22,0.3,0.75,0.25,1,10,0
GA,wt_sds_22,0.3,0.75,0.25,2,0,1325
GA,wt_sds_22,0.3,0.75,0.25,2,1,161
GA,wt_sds_22,0.3,0.75,0.25,2,2,0
GA,wt_sds_22,0.3,0.75,0.25,2,3,0
GA,wt_sds_22,0.3,0.75,0.25,2,4,0
GA,wt_sds_22,0.3,0.75,0.25,2,5,0
GA,wt_sds_22,0.3,0.75,0.25,2,6,0
GA,wt_sds_22,0.3,0.75,0.25,2,7,0
GA,wt_sds_22,0.3,0.75,0.25,2,8,0
GA,wt_sds_22,0.3,0.75,0.25,2,9,0
GA,wt_sds_22,0.3,0.75,0.25,2,10,0
GA,wt_sds_22,0.3,0.75,0.25,3,0,1325
GA,wt_sds_22,0.3,0.75,0.25,3,1,120
GA,wt_sds_22,0.3,0.75,0.25,3,2,0
GA,wt_sds_22,0.3,0.75,0.25,3,3,0
GA,wt_sds_22,0.3,0.75,0.25,3,4,0
GA,wt_sds_22,0.3,0.75,0.25,3,5,0
GA,wt_sds_22,0.3,0.75,0.25,3,6,0
GA,wt_sds_22,0.3,0.75,0.25,3,7,0
GA,wt_sds_22,0.3,0.75,0.25,3,8,0
GA,wt_sds_22,0.3,0.75,0.25,3,9,0
GA,wt_sds_22,0.3,0.75,0.25,3,10,0
GA,wt_sds_22,0.3,0.75,0.25,4,0,1325
GA,wt_sds_22,0.3,0.75,0.25,4,1,0
GA,wt_sds_22,0.3,0.75,0.25,4,2,0
GA,wt_sds_22,0.3,0.75,0.25,4,3,0
GA,wt_sds_22,0.3,0.75,0.25,4,4,0
GA,wt_sds_22,0.3,0.75,0.25,4,5,0
GA,wt_sds_22,0.3,0.75,0.25,4,6,0
GA,wt_sds_22,0.3,0.75,0.25,4,7,0
GA,wt_sds_22,0.3,0.75,0.25,4,8,0
GA,wt_sds_22,0.3,0.75,0.25,4,9,0
GA,wt_sds_22,0.3,0.75,0.25,4,10,0
GA,wt_sds_23,0.3,0.75,0.25,0,0,0
GA,wt_sds_23,0.3,0.75,0.25,0,1,0
GA,wt_sds_23,0.3,0.75,0.25,0,2,0
GA,wt_sds_23,0.3,0.75,0.25,0,3,0
GA,wt_sds_23,0.3,0.75,0.25,0,4,0
GA,wt_sds_23,0.3,0.75,0.25,0,5,0
GA,wt_sds_23,0.3,0.75,0.25,0,6,0
GA,wt_sds_23,0.3,0.75,0.25,0,7,0
GA,wt_sds_23,0.3,0.75,0.25,0,8,0
GA,wt_sds_23,0.3,0.75,0.25,0,9,0
GA,wt_sds_23,0.3,0.75,0.25,0,10,0
GA,wt_sds_23,0.3,0.75,0.25,1,0,0
GA,wt_sds_23,0.3,0.75,0.25,1,1,0
GA,wt_sds_23,0.3,0.75,0.25,1,2,0
GA,wt_sds_23,0.3,0.75,0.25,1,3,0
GA,wt_sds_23,0.3,0.75,0.25,1,4,0
GA,wt_sds_23,0.3,0.75,0.25,1,5,0
GA,wt_sds_23,0.3,0.75,0.25,1,6,0
GA,wt_sds_23,0.3,0.75,0.25,1,7,0
GA,wt_sds_23,0.3,0.75,0.25,1,8,0
GA,wt_sds_23,0.3,0.75,0.25,1,9,0
GA,wt_sds_23,0.3,0.75,0.25,1,10,0
GA,wt_sds_23,0.3,0.75,0.25,2,0,0
GA,wt_sds_23,0.3,0.75,0.25,2,1,0
GA,wt_sds_23,0.3,0.75,0.25,2,2,0
GA,wt_sds_23,0.3,0.75,0.25,2,3,0
GA,wt_sds_23,0.3,0.75,0.25,2,4,0
GA,wt_sds_23,0.3,0.75,0.25,2,5,0
GA,wt_sds_23,0.3,0.75,0.25,2,6,0
GA,wt_sds_23,0.3,0.75,0.25,2,7,0
GA,wt_sds_23,0.3,0.75,0.25,2,8,0
GA,wt_sds_23,0.3,0.75,0.25,2,9,0
GA,wt_sds_23,0.3,0.75,0.25,2,10,0
GA,wt_sds_23,0.3,0.75,0.25,3,0,0
GA,wt_sds_23,0.3,0.75,0.25,3,1,0
GA,wt_sds_23,0.3,0.75,0.25,3,2,0
GA,wt_sds_23,0.3,0.75,0.25,3,3,0
GA,wt_sds_23,0.3,0.75,0.25,3,4,0
GA,wt_sds_23,0.3,0.75,0.25,3,5,0
GA,wt_sds_23,0.3,0.75,0.25,3,6,0
GA,wt_sds_23,0.3,0.75,0.25,3,7,0
GA,wt_sds_23,0.3,0.75,0.25,3,8,0
GA,wt_sds_23,0.3,0.75,0.25,3,9,0
GA,wt_sds_23,0.3,0.75,0.25,3,10,0
GA,wt_sds_23,0.3,0.75,0.25,4,0,0
GA,wt_sds_23,0.3,0.75,0.25,4,1,0
GA,wt_sds_23,0.3,0.75,0.25,4,2,0
GA,wt_sds_23,0.3,0.75,0.25,4,3,0
GA,wt_sds_23,0.3,0.75,0.25,4,4,0
GA,wt_sds_23,0.3,0.75,0.25,4,5,0
GA,wt_sds_23,0.3,0.75,0.25,4,6,0
GA,wt_sds_23,0.3,0.75,0.25,4,7,0
GA,wt_sds_23,0.3,0.75,0.25,4,8,0
GA,wt_sds_23,0.3,0.75,0.25,4,9,0
GA,wt_sds_23,0.3,0.75,0.25,4,10,0
GA,wt_sds_24,0.3,0.75,0.25,0,0,4871
GA,wt_sds_24,0.3,0.75,0.25,0,1,2974
GA,wt_sds_24,0.3,0.75,0.25,0,2,2758
GA,wt_sds_24,0.3,0.75,0.25,0,3,2758
GA,wt_sds_24,0.3,0.75,0.25,0,4,2758
GA,wt_sds_24,0.3,0.75,0.25,0,5,2758
GA,wt_sds_24,0.3,0.75,0.25,0,6,2758
GA,wt_sds_24,0.3,0.75,0.25,0,7,2758
GA,wt_sds_24,0.3,0.75,0.25,0,8,2758
GA,wt_sds_24,0.3,0.75,0.25,0,9,2758
GA,wt_sds_24,0.3,0.75,0.25,0,10,2758
GA,wt_sds_24,0.3,0.75,0.25,1,0,4871
GA,wt_sds_24,0.3,0.75,0.25,1,1,3824
GA,wt_sds_24,0.3,0.75,0.25,1,2,2722
GA,wt_sds_24,0.3,0.75,0.25,1,3,2722
GA,wt_sds_24,0.3,0.75,0.25,1,4,2722
GA,wt_sds_24,0.3,0.75,0.25,1,5,2722
GA,wt_sds_24,0.3,0.75,0.25,1,6,2722
GA,wt_sds_24,0.3,0.75,0.25,1,7,2722
GA,wt_sds_24,0.3,0.75,0.25,1,8,2678
GA,wt_sds_24,0.3,0.75,0.25,1,9,2678
GA,wt_sds_24,0.3,0.75,0.25,1,10,2672
GA,wt_sds_24,0.3,0.75,0.25,2,0,4871
GA,wt_sds_24,0.3,0.75,0.25,2,1,2835
GA,wt_sds_24,0.3,0.75,0.25,2,2,2736
GA,wt_sds_24,0.3,0.75,0.25,2,3,2704
GA,wt_sds_24,0.3,0.75,0.25,2,4,2704
GA,wt_sds_24,0.3,0.75,0.25,2,5,2694
GA,wt_sds_24,0.3,0.75,0.25,2,6,2694
GA,wt_sds_24,0.3,0.75,0.25,2,7,2694
GA,wt_sds_24,0.3,0.75,0.25,2,8,2694
GA,wt_sds_24,0.3,0.75,0.25,2,9,2694
GA,wt_sds_24,0.3,0.75,0.25,2,10,2694
GA,wt_sds_24,0.3,0.75,0.25,3,0,4871
GA,wt_sds_24,0.3,0.75,0.25,3,1,2707
GA,wt_sds_24,0.3,0.75,0.25,3,2,2707
GA,wt_sds_24,0.3,0.75,0.25,3,3,2707
GA,wt_sds_24,0.3,0.75,0.25,3,4,2707
GA,wt_sds_24,0.3,0.75,0.25,3,5,2707
GA,wt_sds_24,0.3,0.75,0.25,3,6,2707
GA,wt_sds_24,0.3,0.75,0.25,3,7,2707
GA,wt_sds_24,0.3,0.75,0.25,3,8,2707
GA,wt_sds_24,0.3,0.75,0.25,3,9,2707
GA,wt_sds_24,0.3,0.75,0.25,3,10,2707
GA,wt_sds_24,0.3,0.75,0.25,4,0,4871
GA,wt_sds_24,0.3,0.75,0.25,4,1,2850
GA,wt_sds_24,0.3,0.75,0.25,4,2,2822
GA,wt_sds_24,0.3,0.75,0.25,4,3,2801
GA,wt_sds_24,0.3,0.75,0.25,4,4,2690
GA,wt_sds_24,0.3,0.75,0.25,4,5,2690
GA,wt_sds_24,0.3,0.75,0.25,4,6,2690
GA,wt_sds_24,0.3,0.75,0.25,4,7,2690
GA,wt_sds_24,0.3,0.75,0.25,4,8,2690
GA,wt_sds_24,0.3,0.75,0.25,4,9,2664
GA,wt_sds_24,0.3,0.75,0.25,4,10,2664
GA,wt_sds_25,0.3,0.75,0.25,0,0,2696
GA,wt_sds_25,0.3,0.75,0.25,0,1,560
GA,wt_sds_25,0.3,0.75,0.25,0,2,560
GA,wt_sds_25,0.3,0.75,0.25,0,3,511
GA,wt_sds_25,0.3,0.75,0.25,0,4,294
GA,wt_sds_25,0.3,0.75,0.25,0,5,294
GA,wt_sds_25,0.3,0.75,0.25,0,6,245
GA,wt_sds_25,0.3,0.75,0.25,0,7,245
GA,wt_sds_25,0.3,0.75,0.25,0,8,245
GA,wt_sds_25,0.3,0.75,0.25,0,9,245
GA,wt_sds_25,0.3,0.75,0.25,0,10,245
GA,wt_sds_25,0.3,0.75,0.25,1,0,2696
GA,wt_sds_25,0.3,0.75,0.25,1,1,197
GA,wt_sds_25,0.3,0.75,0.25,1,2,197
GA,wt_sds_25,0.3,0.75,0.25,1,3,197
GA,wt_sds_25,0.3,0.75,0.25,1,4,197
GA,wt_sds_25,0.3,0.75,0.25,1,5,197
GA,wt_sds_25,0.3,0.75,0.25,1,6,197
GA,wt_sds_25,0.3,0.75,0.25,1,7,197
GA,wt_sds_25,0.3,0.75,0.25,1,8,197
GA,wt_sds_25,0.3,0.75,0.25,1,9,197
GA,wt_sds_25,0.3,0.75,0.25,1,10,197
GA,wt_sds_25,0.3,0.75,0.25,2,0,2696
GA,wt_sds_25,0.3,0.75,0.25,2,1,208
GA,wt_sds_25,0.3,0.75,0.25,2,2,206
GA,wt_sds_25,0.3,0.75,0.25,2,3,206
GA,wt_sds_25,0.3,0.75,0.25,2,4,192
GA,wt_sds_25,0.3,0.75,0.25,2,5,170
GA,wt_sds_25,0.3,0.75,0.25,2,6,164
GA,wt_sds_25,0.3,0.75,0.25,2,7,164
GA,wt_sds_25,0.3,0.75,0.25,2,8,163
GA,wt_sds_25,0.3,0.75,0.25,2,9,163
GA,wt_sds_25,0.3,0.75,0.25,2,10,163
GA,wt_sds_25,0.3,0.75,0.25,3,0,2696
GA,wt_sds_25,0.3,0.75,0.25,3,1,707
GA,wt_sds_25,0.3,0.75,0.25,3,2,448
GA,wt_sds_25,0.3,0.75,0.25,3,3,204
GA,wt_sds_25,0.3,0.75,0.25,3,4,199
GA,wt_sds_25,0.3,0.75,0.25,3,5,199
GA,wt_sds_25,0.3,0.75,0.25,3,6,199
GA,wt_sds_25,0.3,0.75,0.25,3,7,199
GA,wt_sds_25,0.3,0.75,0.25,3,8,199
GA,wt_sds_25,0.3,0.75,0.25,3,9,199
GA,wt_sds_25,0.3,0.75,0.25,3,10,199
GA,wt_sds_25,0.3,0.75,0.25,4,0,2696
GA,wt_sds_25,0.3,0.75,0.25,4,1,615
GA,wt_sds_25,0.3,0.75,0.25,4,2,560
GA,wt_sds_25,0.3,0.75,0.25,4,3,302
GA,wt_sds_25,0.3,0.75,0.25,4,4,302
GA,wt_sds_25,0.3,0.75,0.25,4,5,258
GA,wt_sds_25,0.3,0.75,0.25,4,6,258
GA,wt_sds_25,0.3,0.75,0.25,4,7,254
GA,wt_sds_25,0.3,0.75,0.25,4,8,254
GA,wt_sds_25,0.3,0.75,0.25,4,9,254
GA,wt_sds_25,0.3,0.75,0.25,4,10,238
GA,wt_sds_31,0.3,0.75,0.75,0,0,237
GA,wt_sds_31,0.3,0.75,0.75,0,1,0
GA,wt_sds_31,0.3,0.75,0.75,0,2,0
GA,wt_sds_31,0.3,0.75,0.75,0,3,0
GA,wt_sds_31,0.3,0.75,0.75,0,4,0
GA,wt_sds_31,0.3,0.75,0.75,0,5,0
GA,wt_sds_31,0.3,0.75,0.75,0,6,0
GA,wt_sds_31,0.3,0.75,0.75,0,7,0
GA,wt_sds_31,0.3,0.75,0.75,0,8,0
GA,wt_sds_31,0.3,0.75,0.75,0,9,0
GA,wt_sds_31,0.3,0.75,0.75,0,10,0
GA,wt_sds_31,0.3,0.75,0.75,1,0,237
GA,wt_sds_31,0.3,0.75,0.75,1,1,0
GA,wt_sds_31,0.3,0.75,0.75,1,2,0
GA,wt_sds_31,0.3,0.75,0.75,1,3,0
GA,wt_sds_31,0.3,0.75,0.75,1,4,0
GA,wt_sds_31,0.3,0.75,0.75,1,5,0
GA,wt_sds_31,0.3,0.75,0.75,1,6,0
GA,wt_sds_31,0.3,0.75,0.75,1,7,0
GA,wt_sds_31,0.3,0.75,0.75,1,8,0
GA,wt_sds_31,0.3,0.75,0.75,1,9,0
GA,wt_sds_31,0.3,0.75,0.75,1,10,0
GA,wt_sds_31,0.3,0.75,0.75,2,0,237
GA,wt_sds_31,0.3,0.75,0.75,2,1,0
GA,wt_sds_31,0.3,0.75,0.75,2,2,0
GA,wt_sds_31,0.3,0.75,0.75,2,3,0
GA,wt_sds_31,0.3,0.75,0.75,2,4,0
GA,wt_sds_31,0.3,0.75,0.75,2,5,0
GA,wt_sds_31,0.3,0.75,0.75,2,6,0
GA,wt_sds_31,0.3,0.75,0.75,2,7,0
GA,wt_sds_31,0.3,0.75,0.75,2,8,0
GA,wt_sds_31,0.3,0.75,0.75,2,9,0
GA,wt_sds_31,0.3,0.75,0.75,2,10,0
GA,wt_sds_31,0.3,0.75,0.75,3,0,237
GA,wt_sds_31,0.3,0.75,0.75,3,1,0
GA,wt_sds_31,0.3,0.75,0.75,3,2,0
GA,wt_sds_31,0.3,0.75,0.75,3,3,0
GA,wt_sds_31,0.3,0.75,0.75,3,4,0
GA,wt_sds_31,0.3,0.75,0.75,3,5,0
GA,wt_sds_31,0.3,0.75,0.75,3,6,0
GA,wt_sds_31,0.3,0.75,0.75,3,7,0
GA,wt_sds_31,0.3,0.75,0.75,3,8,0
GA,wt_sds_31,0.3,0.75,0.75,3,9,0
GA,wt_sds_31,0.3,0.75,0.75,3,10,0
GA,wt_sds_31,0.3,0.75,0.75,4,0,237
GA,wt_sds_31,0.3,0.75,0.75,4,1,0
GA,wt_sds_31,0.3,0.75,0.75,4,2,0
GA,wt_sds_31,0.3,0.75,0.75,4,3,0
GA,wt_sds_31,0.3,0.75,0.75,4,4,0
GA,wt_sds_31,0.3,0.75,0.75,4,5,0
GA,wt_sds_31,0.3,0.75,0.75,4,6,0
GA,wt_sds_31,0.3,0.75,0.75,4,7,0
GA,wt_sds_31,0.3,0.75,0.75,4,8,0
GA,wt_sds_31,0.3,0.75,0.75,4,9,0
GA,wt_sds_31,0.3,0.75,0.75,4,10,0
GA,wt_sds_32,0.3,0.75,0.75,0,0,1595
GA,wt_sds_32,0.3,0.75,0.75,0,1,33
GA,wt_sds_32,0.3,0.75,0.75,0,2,33
GA,wt_sds_32,0.3,0.75,0.75,0,3,33
GA,wt_sds_32,0.3,0.75,0.75,0,4,33
GA,wt_sds_32,0.3,0.75,0.75,0,5,33
GA,wt_sds_32,0.3,0.75,0.75,0,6,33
GA,wt_sds_32,0.3,0.75,0.75,0,7,33
GA,wt_sds_32,0.3,0.75,0.75,0,8,33
GA,wt_sds_32,0.3,0.75,0.75,0,9,33
GA,wt_sds_32,0.3,0.75,0.75,0,10,33
GA,wt_sds_32,0.3,0.75,0.75,1,0,1595
GA,wt_sds_32,0.3,0.75,0.75,1,1,0
GA,wt_sds_32,0.3,0.75,0.75,1,2,0
GA,wt_sds_32,0.3,0.75,0.75,1,3,0
GA,wt_sds_32,0.3,0.75,0.75,1,4,0
GA,wt_sds_32,0.3,0.75,0.75,1,5,0
GA,wt_sds_32,0.3,0.75,0.75,1,6,0
GA,wt_sds_32,0.3,0.75,0.75,1,7,0
GA,wt_sds_32,0.3,0.75,0.75,1,8,0
GA,wt_sds_32,0.3,0.75,0.75,1,9,0
GA,wt_sds_32,0.3,0.75,0.75,1,10,0
GA,wt_sds_32,0.3,0.75,0.75,2,0,1595
GA,wt_sds_32,0.3,0.75,0.75,2,1,0
GA,wt_sds_32,0.3,0.75,0.75,2,2,0
GA,wt_sds_32,0.3,0.75,0.75,2,3,0
GA,wt_sds_32,0.3,0.75,0.75,2,4,0
GA,wt_sds_32,0.3,0.75,0.75,2,5,0
GA,wt_sds_32,0.3,0.75,0.75,2,6,0
GA,wt_sds_32,0.3,0.75,0.75,2,7,0
GA,wt_sds_32,0.3,0.75,0.75,2,8,0
GA,wt_sds_32,0.3,0.75,0.75,2,9,0
GA,wt_sds_32,0.3,0.75,0.75,2,10,0
GA,wt_sds_32,0.3,0.75,0.75,3,0,1595
GA,wt_sds_32,0.3,0.75,0.75,3,1,0
GA,wt_sds_32,0.3,0.75,0.75,3,2,0
GA,wt_sds_32,0.3,0.75,0.75,3,3,0
GA,wt_sds_32,0.3,0.75,0.75,3,4,0
GA,wt_sds_32,0.3,0.75,0.75,3,5,0
GA,wt_sds_32,0.3,0.75,0.75,3,6,0
GA,wt_sds_32,0.3,0.75,0.75,3,7,0
GA,wt_sds_32,0.3,0.75,0.75,3,8,0
GA,wt_sds_32,0.3,0.75,0.75,3,9,0
GA,wt_sds_32,0.3,0.75,0.75,3,10,0
GA,wt_sds_32,0.3,0.75,0.75,4,0,1595
GA,wt_sds_32,0.3,0.75,0.75,4,1,0
GA,wt_sds_32,0.3,0.75,0.75,4,2,0
GA,wt_sds_32,0.3,0.75,0.75,4,3,0
GA,wt_sds_32,0.3,0.75,0.75,4,4,0
GA,wt_sds_32,0.3,0.75,0.75,4,5,0
GA,wt_sds_32,0.3,0.75,0.75,4,6,0
GA,wt_sds_32,0.3,0.75,0.75,4,7,0
GA,wt_sds_32,0.3,0.75,0.75,4,8,0
GA,wt_sds_32,0.3,0.75,0.75,4,9,0
GA,wt_sds_32,0.3,0.75,0.75,4,10,0
GA,wt_sds_33,0.3,0.75,0.75,0,0,541
GA,wt_sds_33,0.3,0.75,0.75,0,1,0
GA,wt_sds_33,0.3,0.75,0.75,0,2,0
GA,wt_sds_33,0.3,0.75,0.75,0,3,0
GA,wt_sds_33,0.3,0.75,0.75,0,4,0
GA,wt_sds_33,0.3,0.75,0.75,0,5,0
GA,wt_sds_33,0.3,0.75,0.75,0,6,0
GA,wt_sds_33,0.3,0.75,0.75,0,7,0
GA,wt_sds_33,0.3,0.75,0.75,0,8,0
GA,wt_sds_33,0.3,0.75,0.75,0,9,0
GA,wt_sds_33,0.3,0.75,0.75,0,10,0
GA,wt_sds_33,0.3,0.75,0.75,1,0,541
GA,wt_sds_33,0.3,0.75,0.75,1,1,0
GA,wt_sds_33,0.3,0.75,0.75,1,2,0
GA,wt_sds_33,0.3,0.75,0.75,1,3,0
GA,wt_sds_33,0.3,0.75,0.75,1,4,0
GA,wt_sds_33,0.3,0.75,0.75,1,5,0
GA,wt_sds_33,0.3,0.75,0.75,1,6,0
GA,wt_sds_33,0.3,0.75,0.75,1,7,0
GA,wt_sds_33,0.3,0.75,0.75,1,8,0
GA,wt_sds_33,0.3,0.75,0.75,1,9,0
GA,wt_sds_33,0.3,0.75,0.75,1,10,0
GA,wt_sds_33,0.3,0.75,0.75,2,0,541
GA,wt_sds_33,0.3,0.75,0.75,2,1,0
GA,wt_sds_33,0.3,0.75,0.75,2,2,0
GA,wt_sds_33,0.3,0.75,0.75,2,3,0
GA,wt_sds_33,0.3,0.75,0.75,2,4,0
GA,wt_sds_33,0.3,0.75,0.75,2,5,0
GA,wt_sds_33,0.3,0.75,0.75,2,6,0
GA,wt_sds_33,0.3,0.75,0.75,2,7,0
GA,wt_sds_33,0.3,0.75,0.75,2,8,0
GA,wt_sds_33,0.3,0.75,0.75,2,9,0
GA,wt_sds_33,0.3,0.75,0.75,2,10,0
GA,wt_sds_33,0.3,0.75,0.75,3,0,541
GA,wt_sds_33,0.3,0.75,0.75,3,1,0
GA,wt_sds_33,0.3,0.75,0.75,3,2,0
GA,wt_sds_33,0.3,0.75,0.75,3,3,0
GA,wt_sds_33,0.3,0.75,0.75,3,4,0
GA,wt_sds_33,0.3,0.75,0.75,3,5,0
GA,wt_sds_33,0.3,0.75,0.75,3,6,0
GA,wt_sds_33,0.3,0.75,0.75,3,7,0
GA,wt_sds_33,0.3,0.75,0.75,3,8,0
GA,wt_sds_33,0.3,0.75,0.75,3,9,0
GA,wt_sds_33,0.3,0.75,0.75,3,10,0
GA,wt_sds_33,0.3,0.75,0.75,4,0,541
GA,wt_sds_33,0.3,0.75,0.75,4,1,0
GA,wt_sds_33,0.3,0.75,0.75,4,2,0
GA,wt_sds_33,0.3,0.75,0.75,4,3,0
GA,wt_sds_33,0.3,0.75,0.75,4,4,0
GA,wt_sds_33,0.3,0.75,0.75,4,5,0
GA,wt_sds_33,0.3,0.75,0.75,4,6,0
GA,wt_sds_33,0.3,0.75,0.75,4,7,0
GA,wt_sds_33,0.3,0.75,0.75,4,8,0
GA,wt_sds_33,0.3,0.75,0.75,4,9,0
GA,wt_sds_33,0.3,0.75,0.75,4,10,0
GA,wt_sds_34,0.3,0.75,0.75,0,0,0
GA,wt_sds_34,0.3,0.75,0.75,0,1,0
GA,wt_sds_34,0.3,0.75,0.75,0,2,0
GA,wt_sds_34,0.3,0.75,0.75,0,3,0
GA,wt_sds_34,0.3,0.75,0.75,0,4,0
GA,wt_sds_34,0.3,0.75,0.75,0,5,0
GA,wt_sds_34,0.3,0.75,0.75,0,6,0
GA,wt_sds_34,0.3,0.75,0.75,0,7,0
GA,wt_sds_34,0.3,0.75,0.75,0,8,0
GA,wt_sds_34,0.3,0.75,0.75,0,9,0
GA,wt_sds_34,0.3,0.75,0.75,0,10,0
GA,wt_sds_34,0.3,0.75,0.75,1,0,0
GA,wt_sds_34,0.3,0.75,0.75,1,1,0
GA,wt_sds_34,0.3,0.75,0.75,1,2,0
GA,wt_sds_34,0.3,0.75,0.75,1,3,0
GA,wt_sds_34,0.3,0.75,0.75,1,4,0
GA,wt_sds_34,0.3,0.75,0.75,1,5,0
GA,wt_sds_34,0.3,0.75,0.75,1,6,0
GA,wt_sds_34,0.3,0.75,0.75,1,7,0
GA,wt_sds_34,0.3,0.75,0.75,1,8,0
GA,wt_sds_34,0.3,0.75,0.75,1,9,0
GA,wt_sds_34,0.3,0.75,0.75,1,10,0
GA,wt_sds_34,0.3,0.75,0.75,2,0,0
GA,wt_sds_34,0.3,0.75,0.75,2,1,0
GA,wt_sds_34,0.3,0.75,0.75,2,2,0
GA,wt_sds_34,0.3,0.75,0.75,2,3,0
GA,wt_sds_34,0.3,0.75,0.75,2,4,0
GA,wt_sds_34,0.3,0.75,0.75,2,5,0
GA,wt_sds_34,0.3,0.75,0.75,2,6,0
GA,wt_sds_34,0.3,0.75,0.75,2,7,0
GA,wt_sds_34,0.3,0.75,0.75,2,8,0
GA,wt_sds_34,0.3,0.75,0.75,2,9,0
GA,wt_sds_34,0.3,0.75,0.75,2,10,0
GA,wt_sds_34,0.3,0.75,0.75,3,0,0
GA,wt_sds_34,0.3,0.75,0.75,3,1,0
GA,wt_sds_34,0.3,0.75,0.75,3,2,0
GA,wt_sds_34,0.3,0.75,0.75,3,3,0
GA,wt_sds_34,0.3,0.75,0.75,3,4,0
GA,wt_sds_34,0.3,0.75,0.75,3,5,0
GA,wt_sds_34,0.3,0.75,0.75,3,6,0
GA,wt_sds_34,0.3,0.75,0.75,3,7,0
GA,wt_sds_34,0.3,0.75,0.75,3,8,0
GA,wt_sds_34,0.3,0.75,0.75,3,9,0
GA,wt_sds_34,0.3,0.75,0.75,3,10,0
GA,wt_sds_34,0.3,0.75,0.75,4,0,0
GA,wt_sds_34,0.3,0.75,0.75,4,1,0
GA,wt_sds_34,0.3,0.75,0.75,4,2,0
GA,wt_sds_34,0.3,0.75,0.75,4,3,0
GA,wt_sds_34,0.3,0.75,0.75,4,4,0
GA,wt_sds_34,0.3,0.75,0.75,4,5,0
GA,wt_sds_34,0.3,0.75,0.75,4,6,0
GA,wt_sds_34,0.3,0.75,0.75,4,7,0
GA,wt_sds_34,0.3,0.75,0.75,4,8,0
GA,wt_sds_34,0.3,0.75,0.75,4,9,0
GA,wt_sds_34,0.3,0.75,0.75,4,10,0
GA,wt_sds_35,0.3,0.75,0.75,0,0,0
GA,wt_sds_35,0.3,0.75,0.75,0,1,0
GA,wt_sds_35,0.3,0.75,0.75,0,2,0
GA,wt_sds_35,0.3,0.75,0.75,0,3,0
GA,wt_sds_35,0.3,0.75,0.75,0,4,0
GA,wt_sds_35,0.3,0.75,0.75,0,5,0
GA,wt_sds_35,0.3,0.75,0.75,0,6,0
GA,wt_sds_35,0.3,0.75,0.75,0,7,0
GA,wt_sds_35,0.3,0.75,0.75,0,8,0
GA,wt_sds_35,0.3,0.75,0.75,0,9,0
GA,wt_sds_35,0.3,0.75,0.75,0,10,0
GA,wt_sds_35,0.3,0.75,0.75,1,0,0
GA,wt_sds_35,0.3,0.75,0.75,1,1,0
GA,wt_sds_35,0.3,0.75,0.75,1,2,0
GA,wt_sds_35,0.3,0.75,0.75,1,3,0
GA,wt_sds_35,0.3,0.75,0.75,1,4,0
GA,wt_sds_35,0.3,0.75,0.75,1,5,0
GA,wt_sds_35,0.3,0.75,0.75,1,6,0
GA,wt_sds_35,0.3,0.75,0.75,1,7,0
GA,wt_sds_35,0.3,0.75,0.75,1,8,0
GA,wt_sds_35,0.3,0.75,0.75,1,9,0
GA,wt_sds_35,0.3,0.75,0.75,1,10,0
GA,wt_sds_35,0.3,0.75,0.75,2,0,0
GA,wt_sds_35,0.3,0.75,0.75,2,1,0
GA,wt_sds_35,0.3,0.75,0.75,2,2,0
GA,wt_sds_35,0.3,0.75,0.75,2,3,0
GA,wt_sds_35,0.3,0.75,0.75,2,4,0
GA,wt_sds_35,0.3,0.75,0.75,2,5,0
GA,wt_sds_35,0.3,0.75,0.75,2,6,0
GA,wt_sds_35,0.3,0.75,0.75,2,7,0
GA,wt_sds_35,0.3,0.75,0.75,2,8,0
GA,wt_sds_35,0.3,0.75,0.75,2,9,0
GA,wt_sds_35,0.3,0.75,0.75,2,10,0
GA,wt_sds_35,0.3,0.75,0.75,3,0,0
GA,wt_sds_35,0.3,0.75,0.75,3,1,0
GA,wt_sds_35,0.3,0.75,0.75,3,2,0
GA,wt_sds_35,0.3,0.75,0.75,3,3,0
GA,wt_sds_35,0.3,0.75,0.75,3,4,0
GA,wt_sds_35,0.3,0.75,0.75,3,5,0
GA,wt_sds_35,0.3,0.75,0.75,3,6,0
GA,wt_sds_35,0.3,0.75,0.75,3,7,0
GA,wt_sds_35,0.3,0.75,0.75,3,8,0
GA,wt_sds_35,0.3,0.75,0.75,3,9,0
GA,wt_sds_35,0.3,0.75,0.75,3,10,0
GA,wt_sds_35,0.3,0.75,0.75,4,0,0
GA,wt_sds_35,0.3,0.75,0.75,4,1,0
GA,wt_sds_35,0.3,0.75,0.75,4,2,0
GA,wt_sds_35,0.3,0.75,0.75,4,3,0
GA,wt_sds_35,0.3,0.75,0.75,4,4,0
GA,wt_sds_35,0.3,0.75,0.75,4,5,0
GA,wt_sds_35,0.3,0.75,0.75,4,6,0
GA,wt_sds_35,0.3,0.75,0.75,4,7,0
GA,wt_sds_35,0.3,0.75,0.75,4,8,0
GA,wt_sds_35,0.3,0.75,0.75,4,9,0
GA,wt_sds_35,0.3,0.75,0.75,4,10,0
GA,wt_sds_81,0.9,0.25,0.25,0,0,404367
GA,wt_sds_81,0.9,0.25,0.25,0,1,404298
GA,wt_sds_81,0.9,0.25,0.25,0,2,403865
GA,wt_sds_81,0.9,0.25,0.25,0,3,403811
GA,wt_sds_81,0.9,0.25,0.25,0,4,402162
GA,wt_sds_81,0.9,0.25,0.25,0,5,402162
GA,wt_sds_81,0.9,0.25,0.25,0,6,402162
GA,wt_sds_81,0.9,0.25,0.25,0,7,402162
GA,wt_sds_81,0.9,0.25,0.25,0,8,402162
GA,wt_sds_81,0.9,0.25,0.25,0,9,402162
GA,wt_sds_81,0.9,0.25,0.25,0,10,402162
GA,wt_sds_81,0.9,0.25,0.25,1,0,404367
GA,wt_sds_81,0.9,0.25,0.25,1,1,404298
GA,wt_sds_81,0.9,0.25,0.25,1,2,404274
GA,wt_sds_81,0.9,0.25,0.25,1,3,404274
GA,wt_sds_81,0.9,0.25,0.25,1,4,404274
GA,wt_sds_81,0.9,0.25,0.25,1,5,404274
GA,wt_sds_81,0.9,0.25,0.25,1,6,404274
GA,wt_sds_81,0.9,0.25,0.25,1,7,404274
GA,wt_sds_81,0.9,0.25,0.25,1,8,404274
GA,wt_sds_81,0.9,0.25,0.25,1,9,404274
GA,wt_sds_81,0.9,0.25,0.25,1,10,404274
GA,wt_sds_81,0.9,0.25,0.25,2,0,404367
GA,wt_sds_81,0.9,0.25,0.25,2,1,404274
GA,wt_sds_81,0.9,0.25,0.25,2,2,404274
GA,wt_sds_81,0.9,0.25,0.25,2,3,404274
GA,wt_sds_81,0.9,0.25,0.25,2,4,404274
GA,wt_sds_81,0.9,0.25,0.25,2,5,404274
GA,wt_sds_81,0.9,0.25,0.25,2,6,404274
GA,wt_sds_81,0.9,0.25,0.25,2,7,404274
GA,wt_sds_81,0.9,0.25,0.25,2,8,404274
GA,wt_sds_81,0.9,0.25,0.25,2,9,404274
GA,wt_sds_81,0.9,0.25,0.25,2,10,404274
GA,wt_sds_81,0.9,0.25,0.25,3,0,404367
GA,wt_sds_81,0.9,0.25,0.25,3,1,404274
GA,wt_sds_81,0.9,0.25,0.25,3,2,404274
GA,wt_sds_81,0.9,0.25,0.25,3,3,404274
GA,wt_sds_81,0.9,0.25,0.25,3,4,404274
GA,wt_sds_81,0.9,0.25,0.25,3,5,404274
GA,wt_sds_81,0.9,0.25,0.25,3,6,404274
GA,wt_sds_81,0.9,0.25,0.25,3,7,404274
GA,wt_sds_81,0.9,0.25,0.25,3,8,404274
GA,wt_sds_81,0.9,0.25,0.25,3,9,404274
GA,wt_sds_81,0.9,0.25,0.25,3,10,404274
GA,wt_sds_81,0.9,0.25,0.25,4,0,404367
GA,wt_sds_81,0.9,0.25,0.25,4,1,404281
GA,wt_sds_81,0.9,0.25,0.25,4,2,404274
GA,wt_sds_81,0.9,0.25,0.25,4,3,404274
GA,wt_sds_81,0.9,0.25,0.25,4,4,404274
GA,wt_sds_81,0.9,0.25,0.25,4,5,404274
GA,wt_sds_81,0.9,0.25,0.25,4,6,404274
GA,wt_sds_81,0.9,0.25,0.25,4,7,404274
GA,wt_sds_81,0.9,0.25,0.25,4,8,404274
GA,wt_sds_81,0.9,0.25,0.25,4,9,404274
GA,wt_sds_81,0.9,0.25,0.25,4,10,404274
GA,wt_sds_82,0.9,0.25,0.25,0,0,429017
GA,wt_sds_82,0.9,0.25,0.25,0,1,428054
GA,wt_sds_82,0.9,0.25,0.25,0,2,427976
GA,wt_sds_82,0.9,0.25,0.25,0,3,427976
GA,wt_sds_82,0.9,0.25,0.25,0,4,427976
GA,wt_sds_82,0.9,0.25,0.25,0,5,427976
GA,wt_sds_82,0.9,0.25,0.25,0,6,427976
GA,wt_sds_82,0.9,0.25,0.25,0,7,427976
GA,wt_sds_82,0.9,0.25,0.25,0,8,427976
GA,wt_sds_82,0.9,0.25,0.25,0,9,427976
GA,wt_sds_82,0.9,0.25,0.25,0,10,427887
GA,wt_sds_82,0.9,0.25,0.25,1,0,429017
GA,wt_sds_82,0.9,0.25,0.25,1,1,427567
GA,wt_sds_82,0.9,0.25,0.25,1,2,427463
GA,wt_sds_82,0.9,0.25,0.25,1,3,427463
GA,wt_sds_82,0.9,0.25,0.25,1,4,427463
GA,wt_sds_82,0.9,0.25,0.25,1,5,427463
GA,wt_sds_82,0.9,0.25,0.25,1,6,427463
GA,wt_sds_82,0.9,0.25,0.25,1,7,427463
GA,wt_sds_82,0.9,0.25,0.25,1,8,427463
GA,wt_sds_82,0.9,0.25,0.25,1,9,427463
GA,wt_sds_82,0.9,0.25,0.25,1,10,427463
GA,wt_sds_82,0.9,0.25,0.25,2,0,429017
GA,wt_sds_82,0.9,0.25,0.25,2,1,426312
GA,wt_sds_82,0.9,0.25,0.25,2,2,426312
GA,wt_sds_82,0.9,0.25,0.25,2,3,426312
GA,wt_sds_82,0.9,0.25,0.25,2,4,426106
GA,wt_sds_82,0.9,0.25,0.25,2,5,426106
GA,wt_sds_82,0.9,0.25,0.25,2,6,426106
GA,wt_sds_82,0.9,0.25,0.25,2,7,426106
GA,wt_sds_82,0.9,0.25,0.25,2,8,426106
GA,wt_sds_82,0.9,0.25,0.25,2,9,426016
GA,wt_sds_82,0.9,0.25,0.25,2,10,426016
GA,wt_sds_82,0.9,0.25,0.25,3,0,429017
GA,wt_sds_82,0.9,0.25,0.25,3,1,428293
GA,wt_sds_82,0.9,0.25,0.25,3,2,428293
GA,wt_sds_82,0.9,0.25,0.25,3,3,428293
GA,wt_sds_82,0.9,0.25,0.25,3,4,428293
GA,wt_sds_82,0.9,0.25,0.25,3,5,428293
GA,wt_sds_82,0.9,0.25,0.25,3,6,428156
GA,wt_sds_82,0.9,0.25,0.25,3,7,428119
GA,wt_sds_82,0.9,0.25,0.25,3,8,428119
GA,wt_sds_82,0.9,0.25,0.25,3,9,428119
GA,wt_sds_82,0.9,0.25,0.25,3,10,428119
GA,wt_sds_82,0.9,0.25,0.25,4,0,429017
GA,wt_sds_82,0.9,0.25,0.25,4,1,427699
GA,wt_sds_82,0.9,0.25,0.25,4,2,427575
GA,wt_sds_82,0.9,0.25,0.25,4,3,427575
GA,wt_sds_82,0.9,0.25,0.25,4,4,427575
GA,wt_sds_82,0.9,0.25,0.25,4,5,427575
GA,wt_sds_82,0.9,0.25,0.25,4,6,427575
GA,wt_sds_82,0.9,0.25,0.25,4,7,427575
GA,wt_sds_82,0.9,0.25,0.25,4,8,427575
GA,wt_sds_82,0.9,0.25,0.25,4,9,427575
GA,wt_sds_82,0.9,0.25,0.25,4,10,427575
GA,wt_sds_83,0.9,0.25,0.25,0,0,480103
GA,wt_sds_83,0.9,0.25,0.25,0,1,480079
GA,wt_sds_83,0.9,0.25,0.25,0,2,480079
GA,wt_sds_83,0.9,0.25,0.25,0,3,480079
GA,wt_sds_83,0.9,0.25,0.25,0,4,480079
GA,wt_sds_83,0.9,0.25,0.25,0,5,480079
GA,wt_sds_83,0.9,0.25,0.25,0,6,480079
GA,wt_sds_83,0.9,0.25,0.25,0,7,480079
GA,wt_sds_83,0.9,0.25,0.25,0,8,480079
GA,wt_sds_83,0.9,0.25,0.25,0,9,480079
GA,wt_sds_83,0.9,0.25,0.25,0,10,480079
GA,wt_sds_83,0.9,0.25,0.25,1,0,480103
GA,wt_sds_83,0.9,0.25,0.25,1,1,480089
GA,wt_sds_83,0.9,0.25,0.25,1,2,480089
GA,wt_sds_83,0.9,0.25,0.25,1,3,480089
GA,wt_sds_83,0.9,0.25,0.25,1,4,480089
GA,wt_sds_83,0.9,0.25,0.25,1,5,480089
GA,wt_sds_83,0.9,0.25,0.25,1,6,480089
GA,wt_sds_83,0.9,0.25,0.25,1,7,480089
GA,wt_sds_83,0.9,0.25,0.25,1,8,480089
GA,wt_sds_83,0.9,0.25,0.25,1,9,480089
GA,wt_sds_83,0.9,0.25,0.25,1,10,480089
GA,wt_sds_83,0.9,0.25,0.25,2,0,480103
GA,wt_sds_83,0.9,0.25,0.25,2,1,480089
GA,wt_sds_83,0.9,0.25,0.25,2,2,480089
GA,wt_sds_83,0.9,0.25,0.25,2,3,480089
GA,wt_sds_83,0.9,0.25,0.25,2,4,480089
GA,wt_sds_83,0.9,0.25,0.25,2,5,480089
GA,wt_sds_83,0.9,0.25,0.25,2,6,480089
GA,wt_sds_83,0.9,0.25,0.25,2,7,480089
GA,wt_sds_83,0.9,0.25,0.25,2,8,480089
GA,wt_sds_83,0.9,0.25,0.25,2,9,480089
GA,wt_sds_83,0.9,0.25,0.25,2,10,480089
GA,wt_sds_83,0.9,0.25,0.25,3,0,480103
GA,wt_sds_83,0.9,0.25,0.25,3,1,480089
GA,wt_sds_83,0.9,0.25,0.25,3,2,480089
GA,wt_sds_83,0.9,0.25,0.25,3,3,480089
GA,wt_sds_83,0.9,0.25,0.25,3,4,480089
GA,wt_sds_83,0.9,0.25,0.25,3,5,480089
GA,wt_sds_83,0.9,0.25,0.25,3,6,480089
GA,wt_sds_83,0.9,0.25,0.25,3,7,480089
GA,wt_sds_83,0.9,0.25,0.25,3,8,480089
GA,wt_sds_83,0.9,0.25,0.25,3,9,480089
GA,wt_sds_83,0.9,0.25,0.25,3,10,480089
GA,wt_sds_83,0.9,0.25,0.25,4,0,480103
GA,wt_sds_83,0.9,0.25,0.25,4,1,480079
GA,wt_sds_83,0.9,0.25,0.25,4,2,480079
GA,wt_sds_83,0.9,0.25,0.25,4,3,480079
GA,wt_sds_83,0.9,0.25,0.25,4,4,480079
GA,wt_sds_83,0.9,0.25,0.25,4,5,480079
GA,wt_sds_83,0.9,0.25,0.25,4,6,480079
GA,wt_sds_83,0.9,0.25,0.25,4,7,480079
GA,wt_sds_83,0.9,0.25,0.25,4,8,480079
GA,wt_sds_83,0.9,0.25,0.25,4,9,480079
GA,wt_sds_83,0.9,0.25,0.25,4,10,480079
GA,wt_sds_84,0.9,0.25,0.25,0,0,340970
GA,wt_sds_84,0.9,0.25,0.25,0,1,340596
GA,wt_sds_84,0.9,0.25,0.25,0,2,340596
GA,wt_sds_84,0.9,0.25,0.25,0,3,338963
GA,wt_sds_84,0.9,0.25,0.25,0,4,338948
GA,wt_sds_84,0.9,0.25,0.25,0,5,337048
GA,wt_sds_84,0.9,0.25,0.25,0,6,337048
GA,wt_sds_84,0.9,0.25,0.25,0,7,337048
GA,wt_sds_84,0.9,0.25,0.25,0,8,337048
GA,wt_sds_84,0.9,0.25,0.25,0,9,337048
GA,wt_sds_84,0.9,0.25,0.25,0,10,337048
GA,wt_sds_84,0.9,0.25,0.25,1,0,340970
GA,wt_sds_84,0.9,0.25,0.25,1,1,340970
GA,wt_sds_84,0.9,0.25,0.25,1,2,338963
GA,wt_sds_84,0.9,0.25,0.25,1,3,337048
GA,wt_sds_84,0.9,0.25,0.25,1,4,337048
GA,wt_sds_84,0.9,0.25,0.25,1,5,337048
GA,wt_sds_84,0.9,0.25,0.25,1,6,337048
GA,wt_sds_84,0.9,0.25,0.25,1,7,337048
GA,wt_sds_84,0.9,0.25,0.25,1,8,337048
GA,wt_sds_84,0.9,0.25,0.25,1,9,337048
GA,wt_sds_84,0.9,0.25,0.25,1,10,337048
GA,wt_sds_84,0.9,0.25,0.25,2,0,340970
GA,wt_sds_84,0.9,0.25,0.25,2,1,340596
GA,wt_sds_84,0.9,0.25,0.25,2,2,337063
GA,wt_sds_84,0.9,0.25,0.25,2,3,337063
GA,wt_sds_84,0.9,0.25,0.25,2,4,337048
GA,wt_sds_84,0.9,0.25,0.25,2,5,337048
GA,wt_sds_84,0.9,0.25,0.25,2,6,337048
GA,wt_sds_84,0.9,0.25,0.25,2,7,337048
GA,wt_sds_84,0.9,0.25,0.25,2,8,337048
GA,wt_sds_84,0.9,0.25,0.25,2,9,337048
GA,wt_sds_84,0.9,0.25,0.25,2,10,337048
GA,wt_sds_84,0.9,0.25,0.25,3,0,340970
GA,wt_sds_84,0.9,0.25,0.25,3,1,339337
GA,wt_sds_84,0.9,0.25,0.25,3,2,338963
GA,wt_sds_84,0.9,0.25,0.25,3,3,338963
GA,wt_sds_84,0.9,0.25,0.25,3,4,338963
GA,wt_sds_84,0.9,0.25,0.25,3,5,338963
GA,wt_sds_84,0.9,0.25,0.25,3,6,338963
GA,wt_sds_84,0.9,0.25,0.25,3,7,338963
GA,wt_sds_84,0.9,0.25,0.25,3,8,337063
GA,wt_sds_84,0.9,0.25,0.25,3,9,337063
GA,wt_sds_84,0.9,0.25,0.25,3,10,337063
GA,wt_sds_84,0.9,0.25,0.25,4,0,340970
GA,wt_sds_84,0.9,0.25,0.25,4,1,338805
GA,wt_sds_84,0.9,0.25,0.25,4,2,338805
GA,wt_sds_84,0.9,0.25,0.25,4,3,337063
GA,wt_sds_84,0.9,0.25,0.25,4,4,337063
GA,wt_sds_84,0.9,0.25,0.25,4,5,337063
GA,wt_sds_84,0.9,0.25,0.25,4,6,337063
GA,wt_sds_84,0.9,0.25,0.25,4,7,337063
GA,wt_sds_84,0.9,0.25,0.25,4,8,337063
GA,wt_sds_84,0.9,0.25,0.25,4,9,337063
GA,wt_sds_84,0.9,0.25,0.25,4,10,337063
GA,wt_sds_85,0.9,0.25,0.25,0,0,574751
GA,wt_sds_85,0.9,0.25,0.25,0,1,574292
GA,wt_sds_85,0.9,0.25,0.25,0,2,574271
GA,wt_sds_85,0.9,0.25,0.25,0,3,573947
GA,wt_sds_85,0.9,0.25,0.25,0,4,573947
GA,wt_sds_85,0.9,0.25,0.25,0,5,573947
GA,wt_sds_85,0.9,0.25,0.25,0,6,573947
GA,wt_sds_85,0.9,0.25,0.25,0,7,573947
GA,wt_sds_85,0.9,0.25,0.25,0,8,573185
GA,wt_sds_85,0.9,0.25,0.25,0,9,573185
GA,wt_sds_85,0.9,0.25,0.25,0,10,573185
GA,wt_sds_85,0.9,0.25,0.25,1,0,574751
GA,wt_sds_85,0.9,0.25,0.25,1,1,574301
GA,wt_sds_85,0.9,0.25,0.25,1,2,574280
GA,wt_sds_85,0.9,0.25,0.25,1,3,574280
GA,wt_sds_85,0.9,0.25,0.25,1,4,574280
GA,wt_sds_85,0.9,0.25,0.25,1,5,574280
GA,wt_sds_85,0.9,0.25,0.25,1,6,574280
GA,wt_sds_85,0.9,0.25,0.25,1,7,574280
GA,wt_sds_85,0.9,0.25,0.25,1,8,574280
GA,wt_sds_85,0.9,0.25,0.25,1,9,574280
GA,wt_sds_85,0.9,0.25,0.25,1,10,573956
GA,wt_sds_85,0.9,0.25,0.25,2,0,574751
GA,wt_sds_85,0.9,0.25,0.25,2,1,574271
GA,wt_sds_85,0.9,0.25,0.25,2,2,574271
GA,wt_sds_85,0.9,0.25,0.25,2,3,574271
GA,wt_sds_85,0.9,0.25,0.25,2,4,574271
GA,wt_sds_85,0.9,0.25,0.25,2,5,574271
GA,wt_sds_85,0.9,0.25,0.25,2,6,574271
GA,wt_sds_85,0.9,0.25,0.25,2,7,574271
GA,wt_sds_85,0.9,0.25,0.25,2,8,574271
GA,wt_sds_85,0.9,0.25,0.25,2,9,574271
GA,wt_sds_85,0.9,0.25,0.25,2,10,574271
GA,wt_sds_85,0.9,0.25,0.25,3,0,574751
GA,wt_sds_85,0.9,0.25,0.25,3,1,573956
GA,wt_sds_85,0.9,0.25,0.25,3,2,573956
GA,wt_sds_85,0.9,0.25,0.25,3,3,573956
GA,wt_sds_85,0.9,0.25,0.25,3,4,573956
GA,wt_sds_85,0.9,0.25,0.25,3,5,573799
GA,wt_sds_85,0.9,0.25,0.25,3,6,573194
GA,wt_sds_85,0.9,0.25,0.25,3,7,573194
GA,wt_sds_85,0.9,0.25,0.25,3,8,573194
GA,wt_sds_85,0.9,0.25,0.25,3,9,573194
GA,wt_sds_85,0.9,0.25,0.25,3,10,573194
GA,wt_sds_85,0.9,0.25,0.25,4,0,574751
GA,wt_sds_85,0.9,0.25,0.25,4,1,574420
GA,wt_sds_85,0.9,0.25,0.25,4,2,574301
GA,wt_sds_85,0.9,0.25,0.25,4,3,574280
GA,wt_sds_85,0.9,0.25,0.25,4,4,574280
GA,wt_sds_85,0.9,0.25,0.25,4,5,574280
GA,wt_sds_85,0.9,0.25,0.25,4,6,574280
GA,wt_sds_85,0.9,0.25,0.25,4,7,574280
GA,wt_sds_85,0.9,0.25,0.25,4,8,574280
GA,wt_sds_85,0.9,0.25,0.25,4,9,574280
GA,wt_sds_85,0.9,0.25,0.25,4,10,574280
GA,wt_sds_91,0.9,0.25,0.75,0,0,356272
GA,wt_sds_91,0.9,0.25,0.75,0,1,356272
GA,wt_sds_91,0.9,0.25,0.75,0,2,356272
GA,wt_sds_91,0.9,0.25,0.75,0,3,356272
GA,wt_sds_91,0.9,0.25,0.75,0,4,356272
GA,wt_sds_91,0.9,0.25,0.75,0,5,356272
GA,wt_sds_91,0.9,0.25,0.75,0,6,356272
GA,wt_sds_91,0.9,0.25,0.75,0,7,356272
GA,wt_sds_91,0.9,0.25,0.75,0,8,356272
GA,wt_sds_91,0.9,0.25,0.75,0,9,356272
GA,wt_sds_91,0.9,0.25,0.75,0,10,356272
GA,wt_sds_91,0.9,0.25,0.75,1,0,356272
GA,wt_sds_91,0.9,0.25,0.75,1,1,356272
GA,wt_sds_91,0.9,0.25,0.75,1,2,356272
GA,wt_sds_91,0.9,0.25,0.75,1,3,356272
GA,wt_sds_91,0.9,0.25,0.75,1,4,356272
GA,wt_sds_91,0.9,0.25,0.75,1,5,356272
GA,wt_sds_91,0.9,0.25,0.75,1,6,356272
GA,wt_sds_91,0.9,0.25,0.75,1,7,356272
GA,wt_sds_91,0.9,0.25,0.75,1,8,356272
GA,wt_sds_91,0.9,0.25,0.75,1,9,356272
GA,wt_sds_91,0.9,0.25,0.75,1,10,356272
GA,wt_sds_91,0.9,0.25,0.75,2,0,356272
GA,wt_sds_91,0.9,0.25,0.75,2,1,356272
GA,wt_sds_91,0.9,0.25,0.75,2,2,356272
GA,wt_sds_91,0.9,0.25,0.75,2,3,356272
GA,wt_sds_91,0.9,0.25,0.75,2,4,356272
GA,wt_sds_91,0.9,0.25,0.75,2,5,356272
GA,wt_sds_91,0.9,0.25,0.75,2,6,356272
GA,wt_sds_91,0.9,0.25,0.75,2,7,356272
GA,wt_sds_91,0.9,0.25,0.75,2,8,356272
GA,wt_sds_91,0.9,0.25,0.75,2,9,356272
GA,wt_sds_91,0.9,0.25,0.75,2,10,356272
GA,wt_sds_91,0.9,0.25,0.75,3,0,356272
GA,wt_sds_91,0.9,0.25,0.75,3,1,356272
GA,wt_sds_91,0.9,0.25,0.75,3,2,356272
GA,wt_sds_91,0.9,0.25,0.75,3,3,356272
GA,wt_sds_91,0.9,0.25,0.75,3,4,356005
GA,wt_sds_91,0.9,0.25,0.75,3,5,355817
GA,wt_sds_91,0.9,0.25,0.75,3,6,355817
GA,wt_sds_91,0.9,0.25,0.75,3,7,355817
GA,wt_sds_91,0.9,0.25,0.75,3,8,355817
GA,wt_sds_91,0.9,0.25,0.75,3,9,355817
GA,wt_sds_91,0.9,0.25,0.75,3,10,355817
GA,wt_sds_91,0.9,0.25,0.75,4,0,356272
GA,wt_sds_91,0.9,0.25,0.75,4,1,356272
GA,wt_sds_91,0.9,0.25,0.75,4,2,356272
GA,wt_sds_91,0.9,0.25,0.75,4,3,356272
GA,wt_sds_91,0.9,0.25,0.75,4,4,356272
GA,wt_sds_91,0.9,0.25,0.75,4,5,356272
GA,wt_sds_91,0.9,0.25,0.75,4,6,356272
GA,wt_sds_91,0.9,0.25,0.75,4,7,356272
GA,wt_sds_91,0.9,0.25,0.75,4,8,356272
GA,wt_sds_91,0.9,0.25,0.75,4,9,356272
GA,wt_sds_91,0.9,0.25,0.75,4,10,356272
GA,wt_sds_92,0.9,0.25,0.75,0,0,390582
GA,wt_sds_92,0.9,0.25,0.75,0,1,390582
GA,wt_sds_92,0.9,0.25,0.75,0,2,390582
GA,wt_sds_92,0.9,0.25,0.75,0,3,390582
GA,wt_sds_92,0.9,0.25,0.75,0,4,390582
GA,wt_sds_92,0.9,0.25,0.75,0,5,390582
GA,wt_sds_92,0.9,0.25,0.75,0,6,390582
GA,wt_sds_92,0.9,0.25,0.75,0,7,390569
GA,wt_sds_92,0.9,0.25,0.75,0,8,390569
GA,wt_sds_92,0.9,0.25,0.75,0,9,390569
GA,wt_sds_92,0.9,0.25,0.75,0,10,390569
GA,wt_sds_92,0.9,0.25,0.75,1,0,390582
GA,wt_sds_92,0.9,0.25,0.75,1,1,390569
GA,wt_sds_92,0.9,0.25,0.75,1,2,390569
GA,wt_sds_92,0.9,0.25,0.75,1,3,390569
GA,wt_sds_92,0.9,0.25,0.75,1,4,390569
GA,wt_sds_92,0.9,0.25,0.75,1,5,390569
GA,wt_sds_92,0.9,0.25,0.75,1,6,390569
GA,wt_sds_92,0.9,0.25,0.75,1,7,390569
GA,wt_sds_92,0.9,0.25,0.75,1,8,390569
GA,wt_sds_92,0.9,0.25,0.75,1,9,390569
GA,wt_sds_92,0.9,0.25,0.75,1,10,390569
GA,wt_sds_92,0.9,0.25,0.75,2,0,390582
GA,wt_sds_92,0.9,0.25,0.75,2,1,390582
GA,wt_sds_92,0.9,0.25,0.75,2,2,390582
GA,wt_sds_92,0.9,0.25,0.75,2,3,390582
GA,wt_sds_92,0.9,0.25,0.75,2,4,390582
GA,wt_sds_92,0.9,0.25,0.75,2,5,390582
GA,wt_sds_92,0.9,0.25,0.75,2,6,390582
GA,wt_sds_92,0.9,0.25,0.75,2,7,390582
GA,wt_sds_92,0.9,0.25,0.75,2,8,390582
GA,wt_sds_92,0.9,0.25,0.75,2,9,390582
GA,wt_sds_92,0.9,0.25,0.75,2,10,390582
GA,wt_sds_92,0.9,0.25,0.75,3,0,390582
GA,wt_sds_92,0.9,0.25,0.75,3,1,390582
GA,wt_sds_92,0.9,0.25,0.75,3,2,390582
GA,wt_sds_92,0.9,0.25,0.75,3,3,390582
GA,wt_sds_92,0.9,0.25,0.75,3,4,390582
GA,wt_sds_92,0.9,0.25,0.75,3,5,390582
GA,wt_sds_92,0.9,0.25,0.75,3,6,390582
GA,wt_sds_92,0.9,0.25,0.75,3,7,390582
GA,wt_sds_92,0.9,0.25,0.75,3,8,390569
GA,wt_sds_92,0.9,0.25,0.75,3,9,390569
GA,wt_sds_92,0.9,0.25,0.75,3,10,390569
GA,wt_sds_92,0.9,0.25,0.75,4,0,390582
GA,wt_sds_92,0.9,0.25,0.75,4,1,390582
GA,wt_sds_92,0.9,0.25,0.75,4,2,390582
GA,wt_sds_92,0.9,0.25,0.75,4,3,390582
GA,wt_sds_92,0.9,0.25,0.75,4,4,390582
GA,wt_sds_92,0.9,0.25,0.75,4,5,390582
GA,wt_sds_92,0.9,0.25,0.75,4,6,390582
GA,wt_sds_92,0.9,0.25,0.75,4,7,390582
GA,wt_sds_92,0.9,0.25,0.75,4,8,390582
GA,wt_sds_92,0.9,0.25,0.75,4,9,390582
GA,wt_sds_92,0.9,0.25,0.75,4,10,390582
GA,wt_sds_93,0.9,0.25,0.75,0,0,431927
GA,wt_sds_93,0.9,0.25,0.75,0,1,431927
GA,wt_sds_93,0.9,0.25,0.75,0,2,431927
GA,wt_sds_93,0.9,0.25,0.75,0,3,431927
GA,wt_sds_93,0.9,0.25,0.75,0,4,431927
GA,wt_sds_93,0.9,0.25,0.75,0,5,431927
GA,wt_sds_93,0.9,0.25,0.75,0,6,431927
GA,wt_sds_93,0.9,0.25,0.75,0,7,431927
GA,wt_sds_93,0.9,0.25,0.75,0,8,431927
GA,wt_sds_93,0.9,0.25,0.75,0,9,431927
GA,wt_sds_93,0.9,0.25,0.75,0,10,431927
GA,wt_sds_93,0.9,0.25,0.75,1,0,431927
GA,wt_sds_93,0.9,0.25,0.75,1,1,431927
GA,wt_sds_93,0.9,0.25,0.75,1,2,431927
GA,wt_sds_93,0.9,0.25,0.75,1,3,431927
GA,wt_sds_93,0.9,0.25,0.75,1,4,431927
GA,wt_sds_93,0.9,0.25,0.75,1,5,431927
GA,wt_sds_93,0.9,0.25,0.75,1,6,431927
GA,wt_sds_93,0.9,0.25,0.75,1,7,431927
GA,wt_sds_93,0.9,0.25,0.75,1,8,431927
GA,wt_sds_93,0.9,0.25,0.75,1,9,431927
GA,wt_sds_93,0.9,0.25,0.75,1,10,431927
GA,wt_sds_93,0.9,0.25,0.75,2,0,431927
GA,wt_sds_93,0.9,0.25,0.75,2,1,431927
GA,wt_sds_93,0.9,0.25,0.75,2,2,431927
GA,wt_sds_93,0.9,0.25,0.75,2,3,431927
GA,wt_sds_93,0.9,0.25,0.75,2,4,431927
GA,wt_sds_93,0.9,0.25,0.75,2,5,431927
GA,wt_sds_93,0.9,0.25,0.75,2,6,431927
GA,wt_sds_93,0.9,0.25,0.75,2,7,431927
GA,wt_sds_93,0.9,0.25,0.75,2,8,431927
GA,wt_sds_93,0.9,0.25,0.75,2,9,431927
GA,wt_sds_93,0.9,0.25,0.75,2,10,431927
GA,wt_sds_93,0.9,0.25,0.75,3,0,431927
GA,wt_sds_93,0.9,0.25,0.75,3,1,431927
GA,wt_sds_93,0.9,0.25,0.75,3,2,431927
GA,wt_sds_93,0.9,0.25,0.75,3,3,431927
GA,wt_sds_93,0.9,0.25,0.75,3,4,431927
GA,wt_sds_93,0.9,0.25,0.75,3,5,431927
GA,wt_sds_93,0.9,0.25,0.75,3,6,431927
GA,wt_sds_93,0.9,0.25,0.75,3,7,431927
GA,wt_sds_93,0.9,0.25,0.75,3,8,431927
GA,wt_sds_93,0.9,0.25,0.75,3,9,431927
GA,wt_sds_93,0.9,0.25,0.75,3,10,431927
GA,wt_sds_93,0.9,0.25,0.75,4,0,431927
GA,wt_sds_93,0.9,0.25,0.75,4,1,431927
GA,wt_sds_93,0.9,0.25,0.75,4,2,431927
GA,wt_sds_93,0.9,0.25,0.75,4,3,431927
GA,wt_sds_93,0.9,0.25,0.75,4,4,431927
GA,wt_sds_93,0.9,0.25,0.75,4,5,431927
GA,wt_sds_93,0.9,0.25,0.75,4,6,431927
GA,wt_sds_93,0.9,0.25,0.75,4,7,431927
GA,wt_sds_93,0.9,0.25,0.75,4,8,431927
GA,wt_sds_93,0.9,0.25,0.75,4,9,431927
GA,wt_sds_93,0.9,0.25,0.75,4,10,431927
GA,wt_sds_94,0.9,0.25,0.75,0,0,357721
GA,wt_sds_94,0.9,0.25,0.75,0,1,357341
GA,wt_sds_94,0.9,0.25,0.75,0,2,357213
GA,wt_sds_94,0.9,0.25,0.75,0,3,357213
GA,wt_sds_94,0.9,0.25,0.75,0,4,357213
GA,wt_sds_94,0.9,0.25,0.75,0,5,357213
GA,wt_sds_94,0.9,0.25,0.75,0,6,357213
GA,wt_sds_94,0.9,0.25,0.75,0,7,357213
GA,wt_sds_94,0.9,0.25,0.75,0,8,357213
GA,wt_sds_94,0.9,0.25,0.75,0,9,357213
GA,wt_sds_94,0.9,0.25,0.75,0,10,357213
GA,wt_sds_94,0.9,0.25,0.75,1,0,357721
GA,wt_sds_94,0.9,0.25,0.75,1,1,357213
GA,wt_sds_94,0.9,0.25,0.75,1,2,357213
GA,wt_sds_94,0.9,0.25,0.75,1,3,357213
GA,wt_sds_94,0.9,0.25,0.75,1,4,357213
GA,wt_sds_94,0.9,0.25,0.75,1,5,357213
GA,wt_sds_94,0.9,0.25,0.75,1,6,357213
GA,wt_sds_94,0.9,0.25,0.75,1,7,357213
GA,wt_sds_94,0.9,0.25,0.75,1,8,357213
GA,wt_sds_94,0.9,0.25,0.75,1,9,357213
GA,wt_sds_94,0.9,0.25,0.75,1,10,357213
GA,wt_sds_94,0.9,0.25,0.75,2,0,357721
GA,wt_sds_94,0.9,0.25,0.75,2,1,357538
GA,wt_sds_94,0.9,0.25,0.75,2,2,357538
GA,wt_sds_94,0.9,0.25,0.75,2,3,357538
GA,wt_sds_94,0.9,0.25,0.75,2,4,357538
GA,wt_sds_94,0.9,0.25,0.75,2,5,357538
GA,wt_sds_94,0.9,0.25,0.75,2,6,357538
GA,wt_sds_94,0.9,0.25,0.75,2,7,357538
GA,wt_sds_94,0.9,0.25,0.75,2,8,357538
GA,wt_sds_94,0.9,0.25,0.75,2,9,357538
GA,wt_sds_94,0.9,0.25,0.75,2,10,357248
GA,wt_sds_94,0.9,0.25,0.75,3,0,357721
GA,wt_sds_94,0.9,0.25,0.75,3,1,357559
GA,wt_sds_94,0.9,0.25,0.75,3,2,357559
GA,wt_sds_94,0.9,0.25,0.75,3,3,357559
GA,wt_sds_94,0.9,0.25,0.75,3,4,357559
GA,wt_sds_94,0.9,0.25,0.75,3,5,357559
GA,wt_sds_94,0.9,0.25,0.75,3,6,357559
GA,wt_sds_94,0.9,0.25,0.75,3,7,357559
GA,wt_sds_94,0.9,0.25,0.75,3,8,357559
GA,wt_sds_94,0.9,0.25,0.75,3,9,357559
GA,wt_sds_94,0.9,0.25,0.75,3,10,357559
GA,wt_sds_94,0.9,0.25,0.75,4,0,357721
GA,wt_sds_94,0.9,0.25,0.75,4,1,357213
GA,wt_sds_94,0.9,0.25,0.75,4,2,357213
GA,wt_sds_94,0.9,0.25,0.75,4,3,357213
GA,wt_sds_94,0.9,0.25,0.75,4,4,357213
GA,wt_sds_94,0.9,0.25,0.75,4,5,357213
GA,wt_sds_94,0.9,0.25,0.75,4,6,357213
GA,wt_sds_94,0.9,0.25,0.75,4,7,357213
GA,wt_sds_94,0.9,0.25,0.75,4,8,357213
GA,wt_sds_94,0.9,0.25,0.75,4,9,357213
GA,wt_sds_94,0.9,0.25,0.75,4,10,357213
GA,wt_sds_95,0.9,0.25,0.75,0,0,569806
GA,wt_sds_95,0.9,0.25,0.75,0,1,569046
GA,wt_sds_95,0.9,0.25,0.75,0,2,567473
GA,wt_sds_95,0.9,0.25,0.75,0,3,567473
GA,wt_sds_95,0.9,0.25,0.75,0,4,567473
GA,wt_sds_95,0.9,0.25,0.75,0,5,567473
GA,wt_sds_95,0.9,0.25,0.75,0,6,567473
GA,wt_sds_95,0.9,0.25,0.75,0,7,567473
GA,wt_sds_95,0.9,0.25,0.75,0,8,567473
GA,wt_sds_95,0.9,0.25,0.75,0,9,567473
GA,wt_sds_95,0.9,0.25,0.75,0,10,567473
GA,wt_sds_95,0.9,0.25,0.75,1,0,569806
GA,wt_sds_95,0.9,0.25,0.75,1,1,568092
GA,wt_sds_95,0.9,0.25,0.75,1,2,568092
GA,wt_sds_95,0.9,0.25,0.75,1,3,568092
GA,wt_sds_95,0.9,0.25,0.75,1,4,568092
GA,wt_sds_95,0.9,0.25,0.75,1,5,568092
GA,wt_sds_95,0.9,0.25,0.75,1,6,568092
GA,wt_sds_95,0.9,0.25,0.75,1,7,568092
GA,wt_sds_95,0.9,0.25,0.75,1,8,568092
GA,wt_sds_95,0.9,0.25,0.75,1,9,568092
GA,wt_sds_95,0.9,0.25,0.75,1,10,568092
GA,wt_sds_95,0.9,0.25,0.75,2,0,569806
GA,wt_sds_95,0.9,0.25,0.75,2,1,569632
GA,wt_sds_95,0.9,0.25,0.75,2,2,568092
GA,wt_sds_95,0.9,0.25,0.75,2,3,568092
GA,wt_sds_95,0.9,0.25,0.75,2,4,568092
GA,wt_sds_95,0.9,0.25,0.75,2,5,568092
GA,wt_sds_95,0.9,0.25,0.75,2,6,568092
GA,wt_sds_95,0.9,0.25,0.75,2,7,568092
GA,wt_sds_95,0.9,0.25,0.75,2,8,568092
GA,wt_sds_95,0.9,0.25,0.75,2,9,568092
GA,wt_sds_95,0.9,0.25,0.75,2,10,568092
GA,wt_sds_95,0.9,0.25,0.75,3,0,569806
GA,wt_sds_95,0.9,0.25,0.75,3,1,568100
GA,wt_sds_95,0.9,0.25,0.75,3,2,568100
GA,wt_sds_95,0.9,0.25,0.75,3,3,568100
GA,wt_sds_95,0.9,0.25,0.75,3,4,568100
GA,wt_sds_95,0.9,0.25,0.75,3,5,568100
GA,wt_sds_95,0.9,0.25,0.75,3,6,568100
GA,wt_sds_95,0.9,0.25,0.75,3,7,568100
GA,wt_sds_95,0.9,0.25,0.75,3,8,568100
GA,wt_sds_95,0.9,0.25,0.75,3,9,567941
GA,wt_sds_95,0.9,0.25,0.75,3,10,567540
GA,wt_sds_95,0.9,0.25,0.75,4,0,569806
GA,wt_sds_95,0.9,0.25,0.75,4,1,569632
GA,wt_sds_95,0.9,0.25,0.75,4,2,568190
GA,wt_sds_95,0.9,0.25,0.75,4,3,567473
GA,wt_sds_95,0.9,0.25,0.75,4,4,567473
GA,wt_sds_95,0.9,0.25,0.75,4,5,567473
GA,wt_sds_95,0.9,0.25,0.75,4,6,567473
GA,wt_sds_95,0.9,0.25,0.75,4,7,567473
GA,wt_sds_95,0.9,0.25,0.75,4,8,567473
GA,wt_sds_95,0.9,0.25,0.75,4,9,567473
GA,wt_sds_95,0.9,0.25,0.75,4,10,567473
GA,wt_sds_101,0.9,0.75,0.25,0,0,362875
GA,wt_sds_101,0.9,0.75,0.25,0,1,360647
GA,wt_sds_101,0.9,0.75,0.25,0,2,360577
GA,wt_sds_101,0.9,0.75,0.25,0,3,360577
GA,wt_sds_101,0.9,0.75,0.25,0,4,360310
GA,wt_sds_101,0.9,0.75,0.25,0,5,360310
GA,wt_sds_101,0.9,0.75,0.25,0,6,360310
GA,wt_sds_101,0.9,0.75,0.25,0,7,360310
GA,wt_sds_101,0.9,0.75,0.25,0,8,360310
GA,wt_sds_101,0.9,0.75,0.25,0,9,360310
GA,wt_sds_101,0.9,0.75,0.25,0,10,360310
GA,wt_sds_101,0.9,0.75,0.25,1,0,362875
GA,wt_sds_101,0.9,0.75,0.25,1,1,360577
GA,wt_sds_101,0.9,0.75,0.25,1,2,360577
GA,wt_sds_101,0.9,0.75,0.25,1,3,360577
GA,wt_sds_101,0.9,0.75,0.25,1,4,360577
GA,wt_sds_101,0.9,0.75,0.25,1,5,360577
GA,wt_sds_101,0.9,0.75,0.25,1,6,360577
GA,wt_sds_101,0.9,0.75,0.25,1,7,360577
GA,wt_sds_101,0.9,0.75,0.25,1,8,360577
GA,wt_sds_101,0.9,0.75,0.25,1,9,360577
GA,wt_sds_101,0.9,0.75,0.25,1,10,360577
GA,wt_sds_101,0.9,0.75,0.25,2,0,362875
GA,wt_sds_101,0.9,0.75,0.25,2,1,360612
GA,wt_sds_101,0.9,0.75,0.25,2,2,360567
GA,wt_sds_101,0.9,0.75,0.25,2,3,360567
GA,wt_sds_101,0.9,0.75,0.25,2,4,360567
GA,wt_sds_101,0.9,0.75,0.25,2,5,360567
GA,wt_sds_101,0.9,0.75,0.25,2,6,360567
GA,wt_sds_101,0.9,0.75,0.25,2,7,360567
GA,wt_sds_101,0.9,0.75,0.25,2,8,360492
GA,wt_sds_101,0.9,0.75,0.25,2,9,360492
GA,wt_sds_101,0.9,0.75,0.25,2,10,360192
GA,wt_sds_101,0.9,0.75,0.25,3,0,362875
GA,wt_sds_101,0.9,0.75,0.25,3,1,360502
GA,wt_sds_101,0.9,0.75,0.25,3,2,360502
GA,wt_sds_101,0.9,0.75,0.25,3,3,360502
GA,wt_sds_101,0.9,0.75,0.25,3,4,360308
GA,wt_sds_101,0.9,0.75,0.25,3,5,360308
GA,wt_sds_101,0.9,0.75,0.25,3,6,360308
GA,wt_sds_101,0.9,0.75,0.25,3,7,360308
GA,wt_sds_101,0.9,0.75,0.25,3,8,360308
GA,wt_sds_101,0.9,0.75,0.25,3,9,360308
GA,wt_sds_101,0.9,0.75,0.25,3,10,360308
GA,wt_sds_101,0.9,0.75,0.25,4,0,362875
GA,wt_sds_101,0.9,0.75,0.25,4,1,360577
GA,wt_sds_101,0.9,0.75,0.25,4,2,360577
GA,wt_sds_101,0.9,0.75,0.25,4,3,360577
GA,wt_sds_101,0.9,0.75,0.25,4,4,360577
GA,wt_sds_101,0.9,0.75,0.25,4,5,360577
GA,wt_sds_101,0.9,0.75,0.25,4,6,360577
GA,wt_sds_101,0.9,0.75,0.25,4,7,360577
GA,wt_sds_101,0.9,0.75,0.25,4,8,360577
GA,wt_sds_101,0.9,0.75,0.25,4,9,360577
GA,wt_sds_101,0.9,0.75,0.25,4,10,360577
GA,wt_sds_102,0.9,0.75,0.25,0,0,498978
GA,wt_sds_102,0.9,0.75,0.25,0,1,498856
GA,wt_sds_102,0.9,0.75,0.25,0,2,498856
GA,wt_sds_102,0.9,0.75,0.25,0,3,498856
GA,wt_sds_102,0.9,0.75,0.25,0,4,498856
GA,wt_sds_102,0.9,0.75,0.25,0,5,498856
GA,wt_sds_102,0.9,0.75,0.25,0,6,498856
GA,wt_sds_102,0.9,0.75,0.25,0,7,498856
GA,wt_sds_102,0.9,0.75,0.25,0,8,498856
GA,wt_sds_102,0.9,0.75,0.25,0,9,498856
GA,wt_sds_102,0.9,0.75,0.25,0,10,498856
GA,wt_sds_102,0.9,0.75,0.25,1,0,498978
GA,wt_sds_102,0.9,0.75,0.25,1,1,498856
GA,wt_sds_102,0.9,0.75,0.25,1,2,498856
GA,wt_sds_102,0.9,0.75,0.25,1,3,498856
GA,wt_sds_102,0.9,0.75,0.25,1,4,498856
GA,wt_sds_102,0.9,0.75,0.25,1,5,498856
GA,wt_sds_102,0.9,0.75,0.25,1,6,498856
GA,wt_sds_102,0.9,0.75,0.25,1,7,498856
GA,wt_sds_102,0.9,0.75,0.25,1,8,498856
GA,wt_sds_102,0.9,0.75,0.25,1,9,498856
GA,wt_sds_102,0.9,0.75,0.25,1,10,498856
GA,wt_sds_102,0.9,0.75,0.25,2,0,498978
GA,wt_sds_102,0.9,0.75,0.25,2,1,498978
GA,wt_sds_102,0.9,0.75,0.25,2,2,498920
GA,wt_sds_102,0.9,0.75,0.25,2,3,498856
GA,wt_sds_102,0.9,0.75,0.25,2,4,498856
GA,wt_sds_102,0.9,0.75,0.25,2,5,498856
GA,wt_sds_102,0.9,0.75,0.25,2,6,498856
GA,wt_sds_102,0.9,0.75,0.25,2,7,498856
GA,wt_sds_102,0.9,0.75,0.25,2,8,498856
GA,wt_sds_102,0.9,0.75,0.25,2,9,498856
GA,wt_sds_102,0.9,0.75,0.25,2,10,498856
GA,wt_sds_102,0.9,0.75,0.25,3,0,498978
GA,wt_sds_102,0.9,0.75,0.25,3,1,498978
GA,wt_sds_102,0.9,0.75,0.25,3,2,498856
GA,wt_sds_102,0.9,0.75,0.25,3,3,498856
GA,wt_sds_102,0.9,0.75,0.25,3,4,498856
GA,wt_sds_102,0.9,0.75,0.25,3,5,498856
GA,wt_sds_102,0.9,0.75,0.25,3,6,498856
GA,wt_sds_102,0.9,0.75,0.25,3,7,498856
GA,wt_sds_102,0.9,0.75,0.25,3,8,498856
GA,wt_sds_102,0.9,0.75,0.25,3,9,498856
GA,wt_sds_102,0.9,0.75,0.25,3,10,498856
GA,wt_sds_102,0.9,0.75,0.25,4,0,498978
GA,wt_sds_102,0.9,0.75,0.25,4,1,498895
GA,wt_sds_102,0.9,0.75,0.25,4,2,498856
GA,wt_sds_102,0.9,0.75,0.25,4,3,498856
GA,wt_sds_102,0.9,0.75,0.25,4,4,498856
GA,wt_sds_102,0.9,0.75,0.25,4,5,498856
GA,wt_sds_102,0.9,0.75,0.25,4,6,498856
GA,wt_sds_102,0.9,0.75,0.25,4,7,498856
GA,wt_sds_102,0.9,0.75,0.25,4,8,498856
GA,wt_sds_102,0.9,0.75,0.25,4,9,498856
GA,wt_sds_102,0.9,0.75,0.25,4,10,498856
GA,wt_sds_103,0.9,0.75,0.25,0,0,399977
GA,wt_sds_103,0.9,0.75,0.25,0,1,396118
GA,wt_sds_103,0.9,0.75,0.25,0,2,395992
GA,wt_sds_103,0.9,0.75,0.25,0,3,395992
GA,wt_sds_103,0.9,0.75,0.25,0,4,395992
GA,wt_sds_103,0.9,0.75,0.25,0,5,395992
GA,wt_sds_103,0.9,0.75,0.25,0,6,395976
GA,wt_sds_103,0.9,0.75,0.25,0,7,395976
GA,wt_sds_103,0.9,0.75,0.25,0,8,395976
GA,wt_sds_103,0.9,0.75,0.25,0,9,395976
GA,wt_sds_103,0.9,0.75,0.25,0,10,395976
GA,wt_sds_103,0.9,0.75,0.25,1,0,399977
GA,wt_sds_103,0.9,0.75,0.25,1,1,394504
GA,wt_sds_103,0.9,0.75,0.25,1,2,394504
GA,wt_sds_103,0.9,0.75,0.25,1,3,394504
GA,wt_sds_103,0.9,0.75,0.25,1,4,394504
GA,wt_sds_103,0.9,0.75,0.25,1,5,394504
GA,wt_sds_103,0.9,0.75,0.25,1,6,394504
GA,wt_sds_103,0.9,0.75,0.25,1,7,394504
GA,wt_sds_103,0.9,0.75,0.25,1,8,394504
GA,wt_sds_103,0.9,0.75,0.25,1,9,394504
GA,wt_sds_103,0.9,0.75,0.25,1,10,394504
GA,wt_sds_103,0.9,0.75,0.25,2,0,399977
GA,wt_sds_103,0.9,0.75,0.25,2,1,396870
GA,wt_sds_103,0.9,0.75,0.25,2,2,394575
GA,wt_sds_103,0.9,0.75,0.25,2,3,394561
GA,wt_sds_103,0.9,0.75,0.25,2,4,394504
GA,wt_sds_103,0.9,0.75,0.25,2,5,394504
GA,wt_sds_103,0.9,0.75,0.25,2,6,394504
GA,wt_sds_103,0.9,0.75,0.25,2,7,394504
GA,wt_sds_103,0.9,0.75,0.25,2,8,394448
GA,wt_sds_103,0.9,0.75,0.25,2,9,394448
GA,wt_sds_103,0.9,0.75,0.25,2,10,394448
GA,wt_sds_103,0.9,0.75,0.25,3,0,399977
GA,wt_sds_103,0.9,0.75,0.25,3,1,396830
GA,wt_sds_103,0.9,0.75,0.25,3,2,396563
GA,wt_sds_103,0.9,0.75,0.25,3,3,396563
GA,wt_sds_103,0.9,0.75,0.25,3,4,396430
GA,wt_sds_103,0.9,0.75,0.25,3,5,396288
GA,wt_sds_103,0.9,0.75,0.25,3,6,396288
GA,wt_sds_103,0.9,0.75,0.25,3,7,396288
GA,wt_sds_103,0.9,0.75,0.25,3,8,396288
GA,wt_sds_103,0.9,0.75,0.25,3,9,396263
GA,wt_sds_103,0.9,0.75,0.25,3,10,396213
GA,wt_sds_103,0.9,0.75,0.25,4,0,399977
GA,wt_sds_103,0.9,0.75,0.25,4,1,397039
GA,wt_sds_103,0.9,0.75,0.25,4,2,394693
GA,wt_sds_103,0.9,0.75,0.25,4,3,394693
GA,wt_sds_103,0.9,0.75,0.25,4,4,394637
GA,wt_sds_103,0.9,0.75,0.25,4,5,394637
GA,wt_sds_103,0.9,0.75,0.25,4,6,394637
GA,wt_sds_103,0.9,0.75,0.25,4,7,394637
GA,wt_sds_103,0.9,0.75,0.25,4,8,394637
GA,wt_sds_103,0.9,0.75,0.25,4,9,394637
GA,wt_sds_103,0.9,0.75,0.25,4,10,394637
GA,wt_sds_104,0.9,0.75,0.25,0,0,370253
GA,wt_sds_104,0.9,0.75,0.25,0,1,370253
GA,wt_sds_104,0.9,0.75,0.25,0,2,369945
GA,wt_sds_104,0.9,0.75,0.25,0,3,369824
GA,wt_sds_104,0.9,0.75,0.25,0,4,368547
GA,wt_sds_104,0.9,0.75,0.25,0,5,368547
GA,wt_sds_104,0.9,0.75,0.25,0,6,368547
GA,wt_sds_104,0.9,0.75,0.25,0,7,368547
GA,wt_sds_104,0.9,0.75,0.25,0,8,368547
GA,wt_sds_104,0.9,0.75,0.25,0,9,368547
GA,wt_sds_104,0.9,0.75,0.25,0,10,368547
GA,wt_sds_104,0.9,0.75,0.25,1,0,370253
GA,wt_sds_104,0.9,0.75,0.25,1,1,369047
GA,wt_sds_104,0.9,0.75,0.25,1,2,369047
GA,wt_sds_104,0.9,0.75,0.25,1,3,369047
GA,wt_sds_104,0.9,0.75,0.25,1,4,368884
GA,wt_sds_104,0.9,0.75,0.25,1,5,368851
GA,wt_sds_104,0.9,0.75,0.25,1,6,368851
GA,wt_sds_104,0.9,0.75,0.25,1,7,368851
GA,wt_sds_104,0.9,0.75,0.25,1,8,368851
GA,wt_sds_104,0.9,0.75,0.25,1,9,368719
GA,wt_sds_104,0.9,0.75,0.25,1,10,368551
GA,wt_sds_104,0.9,0.75,0.25,2,0,370253
GA,wt_sds_104,0.9,0.75,0.25,2,1,368851
GA,wt_sds_104,0.9,0.75,0.25,2,2,368851
GA,wt_sds_104,0.9,0.75,0.25,2,3,368719
GA,wt_sds_104,0.9,0.75,0.25,2,4,368719
GA,wt_sds_104,0.9,0.75,0.25,2,5,368719
GA,wt_sds_104,0.9,0.75,0.25,2,6,368719
GA,wt_sds_104,0.9,0.75,0.25,2,7,368719
GA,wt_sds_104,0.9,0.75,0.25,2,8,368719
GA,wt_sds_104,0.9,0.75,0.25,2,9,368585
GA,wt_sds_104,0.9,0.75,0.25,2,10,368585
GA,wt_sds_104,0.9,0.75,0.25,3,0,370253
GA,wt_sds_104,0.9,0.75,0.25,3,1,368719
GA,wt_sds_104,0.9,0.75,0.25,3,2,368719
GA,wt_sds_104,0.9,0.75,0.25,3,3,368719
GA,wt_sds_104,0.9,0.75,0.25,3,4,368719
GA,wt_sds_104,0.9,0.75,0.25,3,5,368719
GA,wt_sds_104,0.9,0.75,0.25,3,6,368719
GA,wt_sds_104,0.9,0.75,0.25,3,7,368551
GA,wt_sds_104,0.9,0.75,0.25,3,8,368158
GA,wt_sds_104,0.9,0.75,0.25,3,9,368158
GA,wt_sds_104,0.9,0.75,0.25,3,10,368158
GA,wt_sds_104,0.9,0.75,0.25,4,0,370253
GA,wt_sds_104,0.9,0.75,0.25,4,1,368884
GA,wt_sds_104,0.9,0.75,0.25,4,2,368851
GA,wt_sds_104,0.9,0.75,0.25,4,3,368851
GA,wt_sds_104,0.9,0.75,0.25,4,4,368851
GA,wt_sds_104,0.9,0.75,0.25,4,5,368851
GA,wt_sds_104,0.9,0.75,0.25,4,6,368851
GA,wt_sds_104,0.9,0.75,0.25,4,7,368851
GA,wt_sds_104,0.9,0.75,0.25,4,8,368851
GA,wt_sds_104,0.9,0.75,0.25,4,9,368851
GA,wt_sds_104,0.9,0.75,0.25,4,10,368851
GA,wt_sds_105,0.9,0.75,0.25,0,0,465059
GA,wt_sds_105,0.9,0.75,0.25,0,1,465045
GA,wt_sds_105,0.9,0.75,0.25,0,2,465045
GA,wt_sds_105,0.9,0.75,0.25,0,3,465045
GA,wt_sds_105,0.9,0.75,0.25,0,4,465045
GA,wt_sds_105,0.9,0.75,0.25,0,5,465045
GA,wt_sds_105,0.9,0.75,0.25,0,6,465045
GA,wt_sds_105,0.9,0.75,0.25,0,7,465045
GA,wt_sds_105,0.9,0.75,0.25,0,8,465045
GA,wt_sds_105,0.9,0.75,0.25,0,9,465045
GA,wt_sds_105,0.9,0.75,0.25,0,10,465045
GA,wt_sds_105,0.9,0.75,0.25,1,0,465059
GA,wt_sds_105,0.9,0.75,0.25,1,1,465045
GA,wt_sds_105,0.9,0.75,0.25,1,2,465045
GA,wt_sds_105,0.9,0.75,0.25,1,3,464865
GA,wt_sds_105,0.9,0.75,0.25,1,4,464865
GA,wt_sds_105,0.9,0.75,0.25,1,5,464865
GA,wt_sds_105,0.9,0.75,0.25,1,6,464865
GA,wt_sds_105,0.9,0.75,0.25,1,7,464865
GA,wt_sds_105,0.9,0.75,0.25,1,8,464865
GA,wt_sds_105,0.9,0.75,0.25,1,9,464865
GA,wt_sds_105,0.9,0.75,0.25,1,10,464865
GA,wt_sds_105,0.9,0.75,0.25,2,0,465059
GA,wt_sds_105,0.9,0.75,0.25,2,1,465045
GA,wt_sds_105,0.9,0.75,0.25,2,2,465045
GA,wt_sds_105,0.9,0.75,0.25,2,3,465045
GA,wt_sds_105,0.9,0.75,0.25,2,4,465045
GA,wt_sds_105,0.9,0.75,0.25,2,5,464865
GA,wt_sds_105,0.9,0.75,0.25,2,6,464865
GA,wt_sds_105,0.9,0.75,0.25,2,7,464865
GA,wt_sds_105,0.9,0.75,0.25,2,8,464865
GA,wt_sds_105,0.9,0.75,0.25,2,9,464865
GA,wt_sds_105,0.9,0.75,0.25,2,10,464865
GA,wt_sds_105,0.9,0.75,0.25,3,0,465059
GA,wt_sds_105,0.9,0.75,0.25,3,1,465045
GA,wt_sds_105,0.9,0.75,0.25,3,2,465045
GA,wt_sds_105,0.9,0.75,0.25,3,3,465045
GA,wt_sds_105,0.9,0.75,0.25,3,4,465045
GA,wt_sds_105,0.9,0.75,0.25,3,5,465045
GA,wt_sds_105,0.9,0.75,0.25,3,6,465045
GA,wt_sds_105,0.9,0.75,0.25,3,7,465045
GA,wt_sds_105,0.9,0.75,0.25,3,8,465045
GA,wt_sds_105,0.9,0.75,0.25,3,9,465045
GA,wt_sds_105,0.9,0.75,0.25,3,10,465045
GA,wt_sds_105,0.9,0.75,0.25,4,0,465059
GA,wt_sds_105,0.9,0.75,0.25,4,1,465045
GA,wt_sds_105,0.9,0.75,0.25,4,2,465045
GA,wt_sds_105,0.9,0.75,0.25,4,3,465045
GA,wt_sds_105,0.9,0.75,0.25,4,4,465045
GA,wt_sds_105,0.9,0.75,0.25,4,5,465045
GA,wt_sds_105,0.9,0.75,0.25,4,6,465045
GA,wt_sds_105,0.9,0.75,0.25,4,7,465045
GA,wt_sds_105,0.9,0.75,0.25,4,8,465045
GA,wt_sds_105,0.9,0.75,0.25,4,9,465045
GA,wt_sds_105,0.9,0.75,0.25,4,10,465045
GA,wt_sds_111,0.9,0.75,0.75,0,0,365649
GA,wt_sds_111,0.9,0.75,0.75,0,1,365553
GA,wt_sds_111,0.9,0.75,0.75,0,2,365409
GA,wt_sds_111,0.9,0.75,0.75,0,3,365409
GA,wt_sds_111,0.9,0.75,0.75,0,4,365409
GA,wt_sds_111,0.9,0.75,0.75,0,5,364877
GA,wt_sds_111,0.9,0.75,0.75,0,6,364877
GA,wt_sds_111,0.9,0.75,0.75,0,7,364877
GA,wt_sds_111,0.9,0.75,0.75,0,8,364877
GA,wt_sds_111,0.9,0.75,0.75,0,9,364877
GA,wt_sds_111,0.9,0.75,0.75,0,10,364877
GA,wt_sds_111,0.9,0.75,0.75,1,0,365649
GA,wt_sds_111,0.9,0.75,0.75,1,1,364969
GA,wt_sds_111,0.9,0.75,0.75,1,2,364969
GA,wt_sds_111,0.9,0.75,0.75,1,3,364969
GA,wt_sds_111,0.9,0.75,0.75,1,4,364969
GA,wt_sds_111,0.9,0.75,0.75,1,5,364969
GA,wt_sds_111,0.9,0.75,0.75,1,6,364969
GA,wt_sds_111,0.9,0.75,0.75,1,7,364969
GA,wt_sds_111,0.9,0.75,0.75,1,8,364969
GA,wt_sds_111,0.9,0.75,0.75,1,9,364969
GA,wt_sds_111,0.9,0.75,0.75,1,10,364969
GA,wt_sds_111,0.9,0.75,0.75,2,0,365649
GA,wt_sds_111,0.9,0.75,0.75,2,1,364883
GA,wt_sds_111,0.9,0.75,0.75,2,2,364883
GA,wt_sds_111,0.9,0.75,0.75,2,3,364883
GA,wt_sds_111,0.9,0.75,0.75,2,4,364883
GA,wt_sds_111,0.9,0.75,0.75,2,5,364883
GA,wt_sds_111,0.9,0.75,0.75,2,6,364883
GA,wt_sds_111,0.9,0.75,0.75,2,7,364883
GA,wt_sds_111,0.9,0.75,0.75,2,8,364883
GA,wt_sds_111,0.9,0.75,0.75,2,9,364883
GA,wt_sds_111,0.9,0.75,0.75,2,10,364883
GA,wt_sds_111,0.9,0.75,0.75,3,0,365649
GA,wt_sds_111,0.9,0.75,0.75,3,1,365553
GA,wt_sds_111,0.9,0.75,0.75,3,2,365409
GA,wt_sds_111,0.9,0.75,0.75,3,3,364877
GA,wt_sds_111,0.9,0.75,0.75,3,4,364877
GA,wt_sds_111,0.9,0.75,0.75,3,5,364877
GA,wt_sds_111,0.9,0.75,0.75,3,6,364877
GA,wt_sds_111,0.9,0.75,0.75,3,7,364877
GA,wt_sds_111,0.9,0.75,0.75,3,8,364877
GA,wt_sds_111,0.9,0.75,0.75,3,9,364877
GA,wt_sds_111,0.9,0.75,0.75,3,10,364877
GA,wt_sds_111,0.9,0.75,0.75,4,0,365649
GA,wt_sds_111,0.9,0.75,0.75,4,1,365564
GA,wt_sds_111,0.9,0.75,0.75,4,2,365409
GA,wt_sds_111,0.9,0.75,0.75,4,3,365409
GA,wt_sds_111,0.9,0.75,0.75,4,4,365409
GA,wt_sds_111,0.9,0.75,0.75,4,5,364877
GA,wt_sds_111,0.9,0.75,0.75,4,6,364877
GA,wt_sds_111,0.9,0.75,0.75,4,7,364877
GA,wt_sds_111,0.9,0.75,0.75,4,8,364877
GA,wt_sds_111,0.9,0.75,0.75,4,9,364877
GA,wt_sds_111,0.9,0.75,0.75,4,10,364877
GA,wt_sds_112,0.9,0.75,0.75,0,0,402909
GA,wt_sds_112,0.9,0.75,0.75,0,1,394828
GA,wt_sds_112,0.9,0.75,0.75,0,2,393646
GA,wt_sds_112,0.9,0.75,0.75,0,3,393646
GA,wt_sds_112,0.9,0.75,0.75,0,4,393646
GA,wt_sds_112,0.9,0.75,0.75,0,5,393646
GA,wt_sds_112,0.9,0.75,0.75,0,6,393646
GA,wt_sds_112,0.9,0.75,0.75,0,7,393646
GA,wt_sds_112,0.9,0.75,0.75,0,8,393646
GA,wt_sds_112,0.9,0.75,0.75,0,9,393646
GA,wt_sds_112,0.9,0.75,0.75,0,10,393646
GA,wt_sds_112,0.9,0.75,0.75,1,0,402909
GA,wt_sds_112,0.9,0.75,0.75,1,1,398517
GA,wt_sds_112,0.9,0.75,0.75,1,2,398073
GA,wt_sds_112,0.9,0.75,0.75,1,3,398073
GA,wt_sds_112,0.9,0.75,0.75,1,4,398073
GA,wt_sds_112,0.9,0.75,0.75,1,5,393799
GA,wt_sds_112,0.9,0.75,0.75,1,6,393799
GA,wt_sds_112,0.9,0.75,0.75,1,7,393799
GA,wt_sds_112,0.9,0.75,0.75,1,8,393799
GA,wt_sds_112,0.9,0.75,0.75,1,9,393799
GA,wt_sds_112,0.9,0.75,0.75,1,10,393380
GA,wt_sds_112,0.9,0.75,0.75,2,0,402909
GA,wt_sds_112,0.9,0.75,0.75,2,1,398074
GA,wt_sds_112,0.9,0.75,0.75,2,2,397992
GA,wt_sds_112,0.9,0.75,0.75,2,3,393646
GA,wt_sds_112,0.9,0.75,0.75,2,4,393646
GA,wt_sds_112,0.9,0.75,0.75,2,5,393646
GA,wt_sds_112,0.9,0.75,0.75,2,6,393646
GA,wt_sds_112,0.9,0.75,0.75,2,7,393646
GA,wt_sds_112,0.9,0.75,0.75,2,8,393646
GA,wt_sds_112,0.9,0.75,0.75,2,9,393646
GA,wt_sds_112,0.9,0.75,0.75,2,10,393646
GA,wt_sds_112,0.9,0.75,0.75,3,0,402909
GA,wt_sds_112,0.9,0.75,0.75,3,1,398436
GA,wt_sds_112,0.9,0.75,0.75,3,2,397992
GA,wt_sds_112,0.9,0.75,0.75,3,3,397992
GA,wt_sds_112,0.9,0.75,0.75,3,4,397992
GA,wt_sds_112,0.9,0.75,0.75,3,5,397992
GA,wt_sds_112,0.9,0.75,0.75,3,6,393718
GA,wt_sds_112,0.9,0.75,0.75,3,7,393678
GA,wt_sds_112,0.9,0.75,0.75,3,8,393678
GA,wt_sds_112,0.9,0.75,0.75,3,9,393678
GA,wt_sds_112,0.9,0.75,0.75,3,10,393678
GA,wt_sds_112,0.9,0.75,0.75,4,0,402909
GA,wt_sds_112,0.9,0.75,0.75,4,1,398414
GA,wt_sds_112,0.9,0.75,0.75,4,2,394591
GA,wt_sds_112,0.9,0.75,0.75,4,3,393646
GA,wt_sds_112,0.9,0.75,0.75,4,4,393646
GA,wt_sds_112,0.9,0.75,0.75,4,5,393646
GA,wt_sds_112,0.9,0.75,0.75,4,6,393646
GA,wt_sds_112,0.9,0.75,0.75,4,7,393646
GA,wt_sds_112,0.9,0.75,0.75,4,8,393646
GA,wt_sds_112,0.9,0.75,0.75,4,9,393646
GA,wt_sds_112,0.9,0.75,0.75,4,10,393646
GA,wt_sds_113,0.9,0.75,0.75,0,0,269459
GA,wt_sds_113,0.9,0.75,0.75,0,1,267488
GA,wt_sds_113,0.9,0.75,0.75,0,2,267195
GA,wt_sds_113,0.9,0.75,0.75,0,3,267195
GA,wt_sds_113,0.9,0.75,0.75,0,4,267195
GA,wt_sds_113,0.9,0.75,0.75,0,5,267195
GA,wt_sds_113,0.9,0.75,0.75,0,6,267195
GA,wt_sds_113,0.9,0.75,0.75,0,7,267195
GA,wt_sds_113,0.9,0.75,0.75,0,8,267195
GA,wt_sds_113,0.9,0.75,0.75,0,9,267195
GA,wt_sds_113,0.9,0.75,0.75,0,10,267195
GA,wt_sds_113,0.9,0.75,0.75,1,0,269459
GA,wt_sds_113,0.9,0.75,0.75,1,1,267486
GA,wt_sds_113,0.9,0.75,0.75,1,2,267486
GA,wt_sds_113,0.9,0.75,0.75,1,3,267486
GA,wt_sds_113,0.9,0.75,0.75,1,4,267486
GA,wt_sds_113,0.9,0.75,0.75,1,5,267486
GA,wt_sds_113,0.9,0.75,0.75,1,6,267486
GA,wt_sds_113,0.9,0.75,0.75,1,7,267486
GA,wt_sds_113,0.9,0.75,0.75,1,8,267486
GA,wt_sds_113,0.9,0.75,0.75,1,9,267486
GA,wt_sds_113,0.9,0.75,0.75,1,10,267486
GA,wt_sds_113,0.9,0.75,0.75,2,0,269459
GA,wt_sds_113,0.9,0.75,0.75,2,1,267195
GA,wt_sds_113,0.9,0.75,0.75,2,2,267195
GA,wt_sds_113,0.9,0.75,0.75,2,3,267195
GA,wt_sds_113,0.9,0.75,0.75,2,4,267195
GA,wt_sds_113,0.9,0.75,0.75,2,5,267195
GA,wt_sds_113,0.9,0.75,0.75,2,6,267195
GA,wt_sds_113,0.9,0.75,0.75,2,7,267195
GA,wt_sds_113,0.9,0.75,0.75,2,8,267195
GA,wt_sds_113,0.9,0.75,0.75,2,9,267195
GA,wt_sds_113,0.9,0.75,0.75,2,10,267195
GA,wt_sds_113,0.9,0.75,0.75,3,0,269459
GA,wt_sds_113,0.9,0.75,0.75,3,1,267563
GA,wt_sds_113,0.9,0.75,0.75,3,2,267563
GA,wt_sds_113,0.9,0.75,0.75,3,3,267563
GA,wt_sds_113,0.9,0.75,0.75,3,4,267563
GA,wt_sds_113,0.9,0.75,0.75,3,5,267563
GA,wt_sds_113,0.9,0.75,0.75,3,6,267563
GA,wt_sds_113,0.9,0.75,0.75,3,7,267563
GA,wt_sds_113,0.9,0.75,0.75,3,8,267563
GA,wt_sds_113,0.9,0.75,0.75,3,9,267563
GA,wt_sds_113,0.9,0.75,0.75,3,10,267563
GA,wt_sds_113,0.9,0.75,0.75,4,0,269459
GA,wt_sds_113,0.9,0.75,0.75,4,1,267486
GA,wt_sds_113,0.9,0.75,0.75,4,2,267195
GA,wt_sds_113,0.9,0.75,0.75,4,3,267195
GA,wt_sds_113,0.9,0.75,0.75,4,4,267195
GA,wt_sds_113,0.9,0.75,0.75,4,5,267195
GA,wt_sds_113,0.9,0.75,0.75,4,6,267195
GA,wt_sds_113,0.9,0.75,0.75,4,7,267195
GA,wt_sds_113,0.9,0.75,0.75,4,8,267195
GA,wt_sds_113,0.9,0.75,0.75,4,9,267195
GA,wt_sds_113,0.9,0.75,0.75,4,10,267195
GA,wt_sds_114,0.9,0.75,0.75,0,0,494861
GA,wt_sds_114,0.9,0.75,0.75,0,1,494861
GA,wt_sds_114,0.9,0.75,0.75,0,2,494861
GA,wt_sds_114,0.9,0.75,0.75,0,3,494861
GA,wt_sds_114,0.9,0.75,0.75,0,4,494861
GA,wt_sds_114,0.9,0.75,0.75,0,5,494861
GA,wt_sds_114,0.9,0.75,0.75,0,6,494861
GA,wt_sds_114,0.9,0.75,0.75,0,7,494861
GA,wt_sds_114,0.9,0.75,0.75,0,8,494861
GA,wt_sds_114,0.9,0.75,0.75,0,9,494861
GA,wt_sds_114,0.9,0.75,0.75,0,10,494861
GA,wt_sds_114,0.9,0.75,0.75,1,0,494861
GA,wt_sds_114,0.9,0.75,0.75,1,1,494861
GA,wt_sds_114,0.9,0.75,0.75,1,2,494861
GA,wt_sds_114,0.9,0.75,0.75,1,3,494861
GA,wt_sds_114,0.9,0.75,0.75,1,4,494861
GA,wt_sds_114,0.9,0.75,0.75,1,5,494861
GA,wt_sds_114,0.9,0.75,0.75,1,6,494861
GA,wt_sds_114,0.9,0.75,0.75,1,7,494861
GA,wt_sds_114,0.9,0.75,0.75,1,8,494861
GA,wt_sds_114,0.9,0.75,0.75,1,9,494861
GA,wt_sds_114,0.9,0.75,0.75,1,10,494861
GA,wt_sds_114,0.9,0.75,0.75,2,0,494861
GA,wt_sds_114,0.9,0.75,0.75,2,1,494848
GA,wt_sds_114,0.9,0.75,0.75,2,2,494848
GA,wt_sds_114,0.9,0.75,0.75,2,3,494848
GA,wt_sds_114,0.9,0.75,0.75,2,4,494848
GA,wt_sds_114,0.9,0.75,0.75,2,5,494848
GA,wt_sds_114,0.9,0.75,0.75,2,6,494848
GA,wt_sds_114,0.9,0.75,0.75,2,7,494848
GA,wt_sds_114,0.9,0.75,0.75,2,8,494848
GA,wt_sds_114,0.9,0.75,0.75,2,9,494848
GA,wt_sds_114,0.9,0.75,0.75,2,10,494848
GA,wt_sds_114,0.9,0.75,0.75,3,0,494861
GA,wt_sds_114,0.9,0.75,0.75,3,1,494861
GA,wt_sds_114,0.9,0.75,0.75,3,2,494861
GA,wt_sds_114,0.9,0.75,0.75,3,3,494861
GA,wt_sds_114,0.9,0.75,0.75,3,4,494861
GA,wt_sds_114,0.9,0.75,0.75,3,5,494861
GA,wt_sds_114,0.9,0.75,0.75,3,6,494861
GA,wt_sds_114,0.9,0.75,0.75,3,7,494861
GA,wt_sds_114,0.9,0.75,0.75,3,8,494861
GA,wt_sds_114,0.9,0.75,0.75,3,9,494861
GA,wt_sds_114,0.9,0.75,0.75,3,10,494861
GA,wt_sds_114,0.9,0.75,0.75,4,0,494861
GA,wt_sds_114,0.9,0.75,0.75,4,1,494861
GA,wt_sds_114,0.9,0.75,0.75,4,2,494861
GA,wt_sds_114,0.9,0.75,0.75,4,3,494861
GA,wt_sds_114,0.9,0.75,0.75,4,4,494848
GA,wt_sds_114,0.9,0.75,0.75,4,5,494848
GA,wt_sds_114,0.9,0.75,0.75,4,6,494848
GA,wt_sds_114,0.9,0.75,0.75,4,7,494848
GA,wt_sds_114,0.9,0.75,0.75,4,8,494848
GA,wt_sds_114,0.9,0.75,0.75,4,9,494848
GA,wt_sds_114,0.9,0.75,0.75,4,10,494848
GA,wt_sds_115,0.9,0.75,0.75,0,0,493200
GA,wt_sds_115,0.9,0.75,0.75,0,1,492625
GA,wt_sds_115,0.9,0.75,0.75,0,2,492625
GA,wt_sds_115,0.9,0.75,0.75,0,3,489088
GA,wt_sds_115,0.9,0.75,0.75,0,4,489088
GA,wt_sds_115,0.9,0.75,0.75,0,5,488381
GA,wt_sds_115,0.9,0.75,0.75,0,6,488381
GA,wt_sds_115,0.9,0.75,0.75,0,7,488381
GA,wt_sds_115,0.9,0.75,0.75,0,8,488381
GA,wt_sds_115,0.9,0.75,0.75,0,9,488381
GA,wt_sds_115,0.9,0.75,0.75,0,10,488381
GA,wt_sds_115,0.9,0.75,0.75,1,0,493200
GA,wt_sds_115,0.9,0.75,0.75,1,1,493189
GA,wt_sds_115,0.9,0.75,0.75,1,2,493189
GA,wt_sds_115,0.9,0.75,0.75,1,3,491732
GA,wt_sds_115,0.9,0.75,0.75,1,4,491732
GA,wt_sds_115,0.9,0.75,0.75,1,5,491732
GA,wt_sds_115,0.9,0.75,0.75,1,6,491732
GA,wt_sds_115,0.9,0.75,0.75,1,7,488381
GA,wt_sds_115,0.9,0.75,0.75,1,8,488381
GA,wt_sds_115,0.9,0.75,0.75,1,9,488381
GA,wt_sds_115,0.9,0.75,0.75,1,10,488381
GA,wt_sds_115,0.9,0.75,0.75,2,0,493200
GA,wt_sds_115,0.9,0.75,0.75,2,1,492625
GA,wt_sds_115,0.9,0.75,0.75,2,2,492625
GA,wt_sds_115,0.9,0.75,0.75,2,3,489088
GA,wt_sds_115,0.9,0.75,0.75,2,4,489088
GA,wt_sds_115,0.9,0.75,0.75,2,5,489088
GA,wt_sds_115,0.9,0.75,0.75,2,6,489088
GA,wt_sds_115,0.9,0.75,0.75,2,7,488381
GA,wt_sds_115,0.9,0.75,0.75,2,8,488381
GA,wt_sds_115,0.9,0.75,0.75,2,9,488381
GA,wt_sds_115,0.9,0.75,0.75,2,10,488381
GA,wt_sds_115,0.9,0.75,0.75,3,0,493200
GA,wt_sds_115,0.9,0.75,0.75,3,1,493189
GA,wt_sds_115,0.9,0.75,0.75,3,2,492625
GA,wt_sds_115,0.9,0.75,0.75,3,3,492625
GA,wt_sds_115,0.9,0.75,0.75,3,4,489088
GA,wt_sds_115,0.9,0.75,0.75,3,5,489088
GA,wt_sds_115,0.9,0.75,0.75,3,6,488381
GA,wt_sds_115,0.9,0.75,0.75,3,7,488381
GA,wt_sds_115,0.9,0.75,0.75,3,8,488381
GA,wt_sds_115,0.9,0.75,0.75,3,9,488381
GA,wt_sds_115,0.9,0.75,0.75,3,10,488381
GA,wt_sds_115,0.9,0.75,0.75,4,0,493200
GA,wt_sds_115,0.9,0.75,0.75,4,1,492625
GA,wt_sds_115,0.9,0.75,0.75,4,2,492625
GA,wt_sds_115,0.9,0.75,0.75,4,3,489088
GA,wt_sds_115,0.9,0.75,0.75,4,4,489088
GA,wt_sds_115,0.9,0.75,0.75,4,5,489088
GA,wt_sds_115,0.9,0.75,0.75,4,6,488381
GA,wt_sds_115,0.9,0.75,0.75,4,7,486007
GA,wt_sds_115,0.9,0.75,0.75,4,8,486007
GA,wt_sds_115,0.9,0.75,0.75,4,9,486007
GA,wt_sds_115,0.9,0.75,0.75,4,10,486007
TS,wt_sds_1,0.3,0.25,0.25,0,0,2442
TS,wt_sds_1,0.3,0.25,0.25,0,1,1166
TS,wt_sds_1,0.3,0.25,0.25,0,2,1150
TS,wt_sds_1,0.3,0.25,0.25,0,3,1150
TS,wt_sds_1,0.3,0.25,0.25,0,4,1150
TS,wt_sds_1,0.3,0.25,0.25,0,5,1094
TS,wt_sds_1,0.3,0.25,0.25,0,6,1094
TS,wt_sds_1,0.3,0.25,0.25,0,7,1014
TS,wt_sds_1,0.3,0.25,0.25,0,8,906
TS,wt_sds_1,0.3,0.25,0.25,0,9,906
TS,wt_sds_1,0.3,0.25,0.25,0,10,906
TS,wt_sds_1,0.3,0.25,0.25,1,0,2442
TS,wt_sds_1,0.3,0.25,0.25,1,1,977
TS,wt_sds_1,0.3,0.25,0.25,1,2,977
TS,wt_sds_1,0.3,0.25,0.25,1,3,977
TS,wt_sds_1,0.3,0.25,0.25,1,4,977
TS,wt_sds_1,0.3,0.25,0.25,1,5,977
TS,wt_sds_1,0.3,0.25,0.25,1,6,977
TS,wt_sds_1,0.3,0.25,0.25,1,7,977
TS,wt_sds_1,0.3,0.25,0.25,1,8,977
TS,wt_sds_1,0.3,0.25,0.25,1,9,977
TS,wt_sds_1,0.3,0.25,0.25,1,10,977
TS,wt_sds_1,0.3,0.25,0.25,2,0,2442
TS,wt_sds_1,0.3,0.25,0.25,2,1,1268
TS,wt_sds_1,0.3,0.25,0.25,2,2,1234
TS,wt_sds_1,0.3,0.25,0.25,2,3,1114
TS,wt_sds_1,0.3,0.25,0.25,2,4,1046
TS,wt_sds_1,0.3,0.25,0.25,2,5,1046
TS,wt_sds_1,0.3,0.25,0.25,2,6,1046
TS,wt_sds_1,0.3,0.25,0.25,2,7,1046
TS,wt_sds_1,0.3,0.25,0.25,2,8,1046
TS,wt_sds_1,0.3,0.25,0.25,2,9,1034
TS,wt_sds_1,0.3,0.25,0.25,2,10,1034
TS,wt_sds_1,0.3,0.25,0.25,3,0,2442
TS,wt_sds_1,0.3,0.25,0.25,3,1,1292
TS,wt_sds_1,0.3,0.25,0.25,3,2,1122
TS,wt_sds_1,0.3,0.25,0.25,3,3,1122
TS,wt_sds_1,0.3,0.25,0.25,3,4,1054
TS,wt_sds_1,0.3,0.25,0.25,3,5,1054
TS,wt_sds_1,0.3,0.25,0.25,3,6,1014
TS,wt_sds_1,0.3,0.25,0.25,3,7,1014
TS,wt_sds_1,0.3,0.25,0.25,3,8,1014
TS,wt_sds_1,0.3,0.25,0.25,3,9,1014
TS,wt_sds_1,0.3,0.25,0.25,3,10,1014
TS,wt_sds_1,0.3,0.25,0.25,4,0,2442
TS,wt_sds_1,0.3,0.25,0.25,4,1,1142
TS,wt_sds_1,0.3,0.25,0.25,4,2,1046
TS,wt_sds_1,0.3,0.25,0.25,4,3,1046
TS,wt_sds_1,0.3,0.25,0.25,4,4,1046
TS,wt_sds_1,0.3,0.25,0.25,4,5,1046
TS,wt_sds_1,0.3,0.25,0.25,4,6,1046
TS,wt_sds_1,0.3,0.25,0.25,4,7,1046
TS,wt_sds_1,0.3,0.25,0.25,4,8,1046
TS,wt_sds_1,0.3,0.25,0.25,4,9,1046
TS,wt_sds_1,0.3,0.25,0.25,4,10,1046
TS,wt_sds_2,0.3,0.25,0.25,0,0,13089
TS,wt_sds_2,0.3,0.25,0.25,0,1,8339
TS,wt_sds_2,0.3,0.25,0.25,0,2,6843
TS,wt_sds_2,0.3,0.25,0.25,0,3,6798
TS,wt_sds_2,0.3,0.25,0.25,0,4,6798
TS,wt_sds_2,0.3,0.25,0.25,0,5,6798
TS,wt_sds_2,0.3,0.25,0.25,0,6,6798
TS,wt_sds_2,0.3,0.25,0.25,0,7,6798
TS,wt_sds_2,0.3,0.25,0.25,0,8,6798
TS,wt_sds_2,0.3,0.25,0.25,0,9,6798
TS,wt_sds_2,0.3,0.25,0.25,0,10,6798
TS,wt_sds_2,0.3,0.25,0.25,1,0,13089
TS,wt_sds_2,0.3,0.25,0.25,1,1,7304
TS,wt_sds_2,0.3,0.25,0.25,1,2,7049
TS,wt_sds_2,0.3,0.25,0.25,1,3,6507
TS,wt_sds_2,0.3,0.25,0.25,1,4,6507
TS,wt_sds_2,0.3,0.25,0.25,1,5,6475
TS,wt_sds_2,0.3,0.25,0.25,1,6,6222
TS,wt_sds_2,0.3,0.25,0.25,1,7,6222
TS,wt_sds_2,0.3,0.25,0.25,1,8,6222
TS,wt_sds_2,0.3,0.25,0.25,1,9,6222
TS,wt_sds_2,0.3,0.25,0.25,1,10,6222
TS,wt_sds_2,0.3,0.25,0.25,2,0,13089
TS,wt_sds_2,0.3,0.25,0.25,2,1,7571
TS,wt_sds_2,0.3,0.25,0.25,2,2,6927
TS,wt_sds_2,0.3,0.25,0.25,2,3,6597
TS,wt_sds_2,0.3,0.25,0.25,2,4,6447
TS,wt_sds_2,0.3,0.25,0.25,2,5,6357
TS,wt_sds_2,0.3,0.25,0.25,2,6,6357
TS,wt_sds_2,0.3,0.25,0.25,2,7,6357
TS,wt_sds_2,0.3,0.25,0.25,2,8,6357
TS,wt_sds_2,0.3,0.25,0.25,2,9,6215
TS,wt_sds_2,0.3,0.25,0.25,2,10,6127
TS,wt_sds_2,0.3,0.25,0.25,3,0,13089
TS,wt_sds_2,0.3,0.25,0.25,3,1,7482
TS,wt_sds_2,0.3,0.25,0.25,3,2,7387
TS,wt_sds_2,0.3,0.25,0.25,3,3,7213
TS,wt_sds_2,0.3,0.25,0.25,3,4,6903
TS,wt_sds_2,0.3,0.25,0.25,3,5,6903
TS,wt_sds_2,0.3,0.25,0.25,3,6,6624
TS,wt_sds_2,0.3,0.25,0.25,3,7,6498
TS,wt_sds_2,0.3,0.25,0.25,3,8,6498
TS,wt_sds_2,0.3,0.25,0.25,3,9,6498
TS,wt_sds_2,0.3,0.25,0.25,3,10,6498
TS,wt_sds_2,0.3,0.25,0.25,4,0,13089
TS,wt_sds_2,0.3,0.25,0.25,4,1,7581
TS,wt_sds_2,0.3,0.25,0.25,4,2,6897
TS,wt_sds_2,0.3,0.25,0.25,4,3,6897
TS,wt_sds_2,0.3,0.25,0.25,4,4,6810
TS,wt_sds_2,0.3,0.25,0.25,4,5,6810
TS,wt_sds_2,0.3,0.25,0.25,4,6,6637
TS,wt_sds_2,0.3,0.25,0.25,4,7,6637
TS,wt_sds_2,0.3,0.25,0.25,4,8,6637
TS,wt_sds_2,0.3,0.25,0.25,4,9,6637
TS,wt_sds_2,0.3,0.25,0.25,4,10,6609
TS,wt_sds_3,0.3,0.25,0.25,0,0,5053
TS,wt_sds_3,0.3,0.25,0.25,0,1,2770
TS,wt_sds_3,0.3,0.25,0.25,0,2,2749
TS,wt_sds_3,0.3,0.25,0.25,0,3,2694
TS,wt_sds_3,0.3,0.25,0.25,0,4,2659
TS,wt_sds_3,0.3,0.25,0.25,0,5,2659
TS,wt_sds_3,0.3,0.25,0.25,0,6,2659
TS,wt_sds_3,0.3,0.25,0.25,0,7,2659
TS,wt_sds_3,0.3,0.25,0.25,0,8,2659
TS,wt_sds_3,0.3,0.25,0.25,0,9,2575
TS,wt_sds_3,0.3,0.25,0.25,0,10,2554
TS,wt_sds_3,0.3,0.25,0.25,1,0,5053
TS,wt_sds_3,0.3,0.25,0.25,1,1,2869
TS,wt_sds_3,0.3,0.25,0.25,1,2,2727
TS,wt_sds_3,0.3,0.25,0.25,1,3,2727
TS,wt_sds_3,0.3,0.25,0.25,1,4,2727
TS,wt_sds_3,0.3,0.25,0.25,1,5,2727
TS,wt_sds_3,0.3,0.25,0.25,1,6,2727
TS,wt_sds_3,0.3,0.25,0.25,1,7,2727
TS,wt_sds_3,0.3,0.25,0.25,1,8,2727
TS,wt_sds_3,0.3,0.25,0.25,1,9,2461
TS,wt_sds_3,0.3,0.25,0.25,1,10,2461
TS,wt_sds_3,0.3,0.25,0.25,2,0,5053
TS,wt_sds_3,0.3,0.25,0.25,2,1,2666
TS,wt_sds_3,0.3,0.25,0.25,2,2,2666
TS,wt_sds_3,0.3,0.25,0.25,2,3,2659
TS,wt_sds_3,0.3,0.25,0.25,2,4,2659
TS,wt_sds_3,0.3,0.25,0.25,2,5,2645
TS,wt_sds_3,0.3,0.25,0.25,2,6,2645
TS,wt_sds_3,0.3,0.25,0.25,2,7,2645
TS,wt_sds_3,0.3,0.25,0.25,2,8,2645
TS,wt_sds_3,0.3,0.25,0.25,2,9,2645
TS,wt_sds_3,0.3,0.25,0.25,2,10,2506
TS,wt_sds_3,0.3,0.25,0.25,3,0,5053
TS,wt_sds_3,0.3,0.25,0.25,3,1,2925
TS,wt_sds_3,0.3,0.25,0.25,3,2,2489
TS,wt_sds_3,0.3,0.25,0.25,3,3,2489
TS,wt_sds_3,0.3,0.25,0.25,3,4,2489
TS,wt_sds_3,0.3,0.25,0.25,3,5,2426
TS,wt_sds_3,0.3,0.25,0.25,3,6,2426
TS,wt_sds_3,0.3,0.25,0.25,3,7,2426
TS,wt_sds_3,0.3,0.25,0.25,3,8,2426
TS,wt_sds_3,0.3,0.25,0.25,3,9,2426
TS,wt_sds_3,0.3,0.25,0.25,3,10,2426
TS,wt_sds_3,0.3,0.25,0.25,4,0,5053
TS,wt_sds_3,0.3,0.25,0.25,4,1,2806
TS,wt_sds_3,0.3,0.25,0.25,4,2,2616
TS,wt_sds_3,0.3,0.25,0.25,4,3,2538
TS,wt_sds_3,0.3,0.25,0.25,4,4,2538
TS,wt_sds_3,0.3,0.25,0.25,4,5,2538
TS,wt_sds_3,0.3,0.25,0.25,4,6,2538
TS,wt_sds_3,0.3,0.25,0.25,4,7,2538
TS,wt_sds_3,0.3,0.25,0.25,4,8,2538
TS,wt_sds_3,0.3,0.25,0.25,4,9,2538
TS,wt_sds_3,0.3,0.25,0.25,4,10,2538
TS,wt_sds_4,0.3,0.25,0.25,0,0,16155
TS,wt_sds_4,0.3,0.25,0.25,0,1,9807
TS,wt_sds_4,0.3,0.25,0.25,0,2,9807
TS,wt_sds_4,0.3,0.25,0.25,0,3,9395
TS,wt_sds_4,0.3,0.25,0.25,0,4,9395
TS,wt_sds_4,0.3,0.25,0.25,0,5,9395
TS,wt_sds_4,0.3,0.25,0.25,0,6,9395
TS,wt_sds_4,0.3,0.25,0.25,0,7,9270
TS,wt_sds_4,0.3,0.25,0.25,0,8,9270
TS,wt_sds_4,0.3,0.25,0.25,0,9,9270
TS,wt_sds_4,0.3,0.25,0.25,0,10,9270
TS,wt_sds_4,0.3,0.25,0.25,1,0,16155
TS,wt_sds_4,0.3,0.25,0.25,1,1,9701
TS,wt_sds_4,0.3,0.25,0.25,1,2,9701
TS,wt_sds_4,0.3,0.25,0.25,1,3,9701
TS,wt_sds_4,0.3,0.25,0.25,1,4,9701
TS,wt_sds_4,0.3,0.25,0.25,1,5,9701
TS,wt_sds_4,0.3,0.25,0.25,1,6,9701
TS,wt_sds_4,0.3,0.25,0.25,1,7,9701
TS,wt_sds_4,0.3,0.25,0.25,1,8,9701
TS,wt_sds_4,0.3,0.25,0.25,1,9,9701
TS,wt_sds_4,0.3,0.25,0.25,1,10,9407
TS,wt_sds_4,0.3,0.25,0.25,2,0,16155
TS,wt_sds_4,0.3,0.25,0.25,2,1,9768
TS,wt_sds_4,0.3,0.25,0.25,2,2,9768
TS,wt_sds_4,0.3,0.25,0.25,2,3,9768
TS,wt_sds_4,0.3,0.25,0.25,2,4,9768
TS,wt_sds_4,0.3,0.25,0.25,2,5,9768
TS,wt_sds_4,0.3,0.25,0.25,2,6,9768
TS,wt_sds_4,0.3,0.25,0.25,2,7,9768
TS,wt_sds_4,0.3,0.25,0.25,2,8,9700
TS,wt_sds_4,0.3,0.25,0.25,2,9,9125
TS,wt_sds_4,0.3,0.25,0.25,2,10,9125
TS,wt_sds_4,0.3,0.25,0.25,3,0,16155
TS,wt_sds_4,0.3,0.25,0.25,3,1,9944
TS,wt_sds_4,0.3,0.25,0.25,3,2,9944
TS,wt_sds_4,0.3,0.25,0.25,3,3,9923
TS,wt_sds_4,0.3,0.25,0.25,3,4,9797
TS,wt_sds_4,0.3,0.25,0.25,3,5,9377
TS,wt_sds_4,0.3,0.25,0.25,3,6,9377
TS,wt_sds_4,0.3,0.25,0.25,3,7,9377
TS,wt_sds_4,0.3,0.25,0.25,3,8,9377
TS,wt_sds_4,0.3,0.25,0.25,3,9,9377
TS,wt_sds_4,0.3,0.25,0.25,3,10,9377
TS,wt_sds_4,0.3,0.25,0.25,4,0,16155
TS,wt_sds_4,0.3,0.25,0.25,4,1,9685
TS,wt_sds_4,0.3,0.25,0.25,4,2,9685
TS,wt_sds_4,0.3,0.25,0.25,4,3,9685
TS,wt_sds_4,0.3,0.25,0.25,4,4,9685
TS,wt_sds_4,0.3,0.25,0.25,4,5,9685
TS,wt_sds_4,0.3,0.25,0.25,4,6,9685
TS,wt_sds_4,0.3,0.25,0.25,4,7,9089
TS,wt_sds_4,0.3,0.25,0.25,4,8,8766
TS,wt_sds_4,0.3,0.25,0.25,4,9,8766
TS,wt_sds_4,0.3,0.25,0.25,4,10,8766
TS,wt_sds_5,0.3,0.25,0.25,0,0,10127
TS,wt_sds_5,0.3,0.25,0.25,0,1,6330
TS,wt_sds_5,0.3,0.25,0.25,0,2,6084
TS,wt_sds_5,0.3,0.25,0.25,0,3,5962
TS,wt_sds_5,0.3,0.25,0.25,0,4,5962
TS,wt_sds_5,0.3,0.25,0.25,0,5,5962
TS,wt_sds_5,0.3,0.25,0.25,0,6,5962
TS,wt_sds_5,0.3,0.25,0.25,0,7,5890
TS,wt_sds_5,0.3,0.25,0.25,0,8,5890
TS,wt_sds_5,0.3,0.25,0.25,0,9,5890
TS,wt_sds_5,0.3,0.25,0.25,0,10,5890
TS,wt_sds_5,0.3,0.25,0.25,1,0,10127
TS,wt_sds_5,0.3,0.25,0.25,1,1,6030
TS,wt_sds_5,0.3,0.25,0.25,1,2,6030
TS,wt_sds_5,0.3,0.25,0.25,1,3,6030
TS,wt_sds_5,0.3,0.25,0.25,1,4,6030
TS,wt_sds_5,0.3,0.25,0.25,1,5,6030
TS,wt_sds_5,0.3,0.25,0.25,1,6,5858
TS,wt_sds_5,0.3,0.25,0.25,1,7,5623
TS,wt_sds_5,0.3,0.25,0.25,1,8,5623
TS,wt_sds_5,0.3,0.25,0.25,1,9,5623
TS,wt_sds_5,0.3,0.25,0.25,1,10,5623
TS,wt_sds_5,0.3,0.25,0.25,2,0,10127
TS,wt_sds_5,0.3,0.25,0.25,2,1,6357
TS,wt_sds_5,0.3,0.25,0.25,2,2,6140
TS,wt_sds_5,0.3,0.25,0.25,2,3,6140
TS,wt_sds_5,0.3,0.25,0.25,2,4,6140
TS,wt_sds_5,0.3,0.25,0.25,2,5,6140
TS,wt_sds_5,0.3,0.25,0.25,2,6,6140
TS,wt_sds_5,0.3,0.25,0.25,2,7,5614
TS,wt_sds_5,0.3,0.25,0.25,2,8,5614
TS,wt_sds_5,0.3,0.25,0.25,2,9,5614
TS,wt_sds_5,0.3,0.25,0.25,2,10,5614
TS,wt_sds_5,0.3,0.25,0.25,3,0,10127
TS,wt_sds_5,0.3,0.25,0.25,3,1,6661
TS,wt_sds_5,0.3,0.25,0.25,3,2,6234
TS,wt_sds_5,0.3,0.25,0.25,3,3,6136
TS,wt_sds_5,0.3,0.25,0.25,3,4,6136
TS,wt_sds_5,0.3,0.25,0.25,3,5,6124
TS,wt_sds_5,0.3,0.25,0.25,3,6,5854
TS,wt_sds_5,0.3,0.25,0.25,3,7,5854
TS,wt_sds_5,0.3,0.25,0.25,3,8,5854
TS,wt_sds_5,0.3,0.25,0.25,3,9,5854
TS,wt_sds_5,0.3,0.25,0.25,3,10,5854
TS,wt_sds_5,0.3,0.25,0.25,4,0,10127
TS,wt_sds_5,0.3,0.25,0.25,4,1,6766
TS,wt_sds_5,0.3,0.25,0.25,4,2,6023
TS,wt_sds_5,0.3,0.25,0.25,4,3,6023
TS,wt_sds_5,0.3,0.25,0.25,4,4,5784
TS,wt_sds_5,0.3,0.25,0.25,4,5,5683
TS,wt_sds_5,0.3,0.25,0.25,4,6,5656
TS,wt_sds_5,0.3,0.25,0.25,4,7,5656
TS,wt_sds_5,0.3,0.25,0.25,4,8,5656
TS,wt_sds_5,0.3,0.25,0.25,4,9,5656
TS,wt_sds_5,0.3,0.25,0.25,4,10,5656
TS,wt_sds_11,0.3,0.25,0.75,0,0,16772
TS,wt_sds_11,0.3,0.25,0.75,0,1,9234
TS,wt_sds_11,0.3,0.25,0.75,0,2,8857
TS,wt_sds_11,0.3,0.25,0.75,0,3,7494
TS,wt_sds_11,0.3,0.25,0.75,0,4,7494
TS,wt_sds_11,0.3,0.25,0.75,0,5,7494
TS,wt_sds_11,0.3,0.25,0.75,0,6,7494
TS,wt_sds_11,0.3,0.25,0.75,0,7,6927
TS,wt_sds_11,0.3,0.25,0.75,0,8,6773
TS,wt_sds_11,0.3,0.25,0.75,0,9,6773
TS,wt_sds_11,0.3,0.25,0.75,0,10,6773
TS,wt_sds_11,0.3,0.25,0.75,1,0,16772
TS,wt_sds_11,0.3,0.25,0.75,1,1,9919
TS,wt_sds_11,0.3,0.25,0.75,1,2,9761
TS,wt_sds_11,0.3,0.25,0.75,1,3,8613
TS,wt_sds_11,0.3,0.25,0.75,1,4,8413
TS,wt_sds_11,0.3,0.25,0.75,1,5,8413
TS,wt_sds_11,0.3,0.25,0.75,1,6,7228
TS,wt_sds_11,0.3,0.25,0.75,1,7,6431
TS,wt_sds_11,0.3,0.25,0.75,1,8,6431
TS,wt_sds_11,0.3,0.25,0.75,1,9,6431
TS,wt_sds_11,0.3,0.25,0.75,1,10,6431
TS,wt_sds_11,0.3,0.25,0.75,2,0,16772
TS,wt_sds_11,0.3,0.25,0.75,2,1,7105
TS,wt_sds_11,0.3,0.25,0.75,2,2,7105
TS,wt_sds_11,0.3,0.25,0.75,2,3,6290
TS,wt_sds_11,0.3,0.25,0.75,2,4,6220
TS,wt_sds_11,0.3,0.25,0.75,2,5,6220
TS,wt_sds_11,0.3,0.25,0.75,2,6,6220
TS,wt_sds_11,0.3,0.25,0.75,2,7,6220
TS,wt_sds_11,0.3,0.25,0.75,2,8,6220
TS,wt_sds_11,0.3,0.25,0.75,2,9,6220
TS,wt_sds_11,0.3,0.25,0.75,2,10,6220
TS,wt_sds_11,0.3,0.25,0.75,3,0,16772
TS,wt_sds_11,0.3,0.25,0.75,3,1,7899
TS,wt_sds_11,0.3,0.25,0.75,3,2,7872
TS,wt_sds_11,0.3,0.25,0.75,3,3,7872
TS,wt_sds_11,0.3,0.25,0.75,3,4,7872
TS,wt_sds_11,0.3,0.25,0.75,3,5,6982
TS,wt_sds_11,0.3,0.25,0.75,3,6,6694
TS,wt_sds_11,0.3,0.25,0.75,3,7,6694
TS,wt_sds_11,0.3,0.25,0.75,3,8,6202
TS,wt_sds_11,0.3,0.25,0.75,3,9,6202
TS,wt_sds_11,0.3,0.25,0.75,3,10,6202
TS,wt_sds_11,0.3,0.25,0.75,4,0,16772
TS,wt_sds_11,0.3,0.25,0.75,4,1,7891
TS,wt_sds_11,0.3,0.25,0.75,4,2,7891
TS,wt_sds_11,0.3,0.25,0.75,4,3,7891
TS,wt_sds_11,0.3,0.25,0.75,4,4,7673
TS,wt_sds_11,0.3,0.25,0.75,4,5,7673
TS,wt_sds_11,0.3,0.25,0.75,4,6,7673
TS,wt_sds_11,0.3,0.25,0.75,4,7,7580
TS,wt_sds_11,0.3,0.25,0.75,4,8,7580
TS,wt_sds_11,0.3,0.25,0.75,4,9,7580
TS,wt_sds_11,0.3,0.25,0.75,4,10,7580
TS,wt_sds_12,0.3,0.25,0.75,0,0,751
TS,wt_sds_12,0.3,0.25,0.75,0,1,0
TS,wt_sds_12,0.3,0.25,0.75,0,2,0
TS,wt_sds_12,0.3,0.25,0.75,0,3,0
TS,wt_sds_12,0.3,0.25,0.75,0,4,0
TS,wt_sds_12,0.3,0.25,0.75,0,5,0
TS,wt_sds_12,0.3,0.25,0.75,0,6,0
TS,wt_sds_12,0.3,0.25,0.75,0,7,0
TS,wt_sds_12,0.3,0.25,0.75,0,8,0
TS,wt_sds_12,0.3,0.25,0.75,0,9,0
TS,wt_sds_12,0.3,0.25,0.75,0,10,0
TS,wt_sds_12,0.3,0.25,0.75,1,0,751
TS,wt_sds_12,0.3,0.25,0.75,1,1,0
TS,wt_sds_12,0.3,0.25,0.75,1,2,0
TS,wt_sds_12,0.3,0.25,0.75,1,3,0
TS,wt_sds_12,0.3,0.25,0.75,1,4,0
TS,wt_sds_12,0.3,0.25,0.75,1,5,0
TS,wt_sds_12,0.3,0.25,0.75,1,6,0
TS,wt_sds_12,0.3,0.25,0.75,1,7,0
TS,wt_sds_12,0.3,0.25,0.75,1,8,0
TS,wt_sds_12,0.3,0.25,0.75,1,9,0
TS,wt_sds_12,0.3,0.25,0.75,1,10,0
TS,wt_sds_12,0.3,0.25,0.75,2,0,751
TS,wt_sds_12,0.3,0.25,0.75,2,1,0
TS,wt_sds_12,0.3,0.25,0.75,2,2,0
TS,wt_sds_12,0.3,0.25,0.75,2,3,0
TS,wt_sds_12,0.3,0.25,0.75,2,4,0
TS,wt_sds_12,0.3,0.25,0.75,2,5,0
TS,wt_sds_12,0.3,0.25,0.75,2,6,0
TS,wt_sds_12,0.3,0.25,0.75,2,7,0
TS,wt_sds_12,0.3,0.25,0.75,2,8,0
TS,wt_sds_12,0.3,0.25,0.75,2,9,0
TS,wt_sds_12,0.3,0.25,0.75,2,10,0
TS,wt_sds_12,0.3,0.25,0.75,3,0,751
TS,wt_sds_12,0.3,0.25,0.75,3,1,0
TS,wt_sds_12,0.3,0.25,0.75,3,2,0
TS,wt_sds_12,0.3,0.25,0.75,3,3,0
TS,wt_sds_12,0.3,0.25,0.75,3,4,0
TS,wt_sds_12,0.3,0.25,0.75,3,5,0
TS,wt_sds_12,0.3,0.25,0.75,3,6,0
TS,wt_sds_12,0.3,0.25,0.75,3,7,0
TS,wt_sds_12,0.3,0.25,0.75,3,8,0
TS,wt_sds_12,0.3,0.25,0.75,3,9,0
TS,wt_sds_12,0.3,0.25,0.75,3,10,0
TS,wt_sds_12,0.3,0.25,0.75,4,0,751
TS,wt_sds_12,0.3,0.25,0.75,4,1,0
TS,wt_sds_12,0.3,0.25,0.75,4,2,0
TS,wt_sds_12,0.3,0.25,0.75,4,3,0
TS,wt_sds_12,0.3,0.25,0.75,4,4,0
TS,wt_sds_12,0.3,0.25,0.75,4,5,0
TS,wt_sds_12,0.3,0.25,0.75,4,6,0
TS,wt_sds_12,0.3,0.25,0.75,4,7,0
TS,wt_sds_12,0.3,0.25,0.75,4,8,0
TS,wt_sds_12,0.3,0.25,0.75,4,9,0
TS,wt_sds_12,0.3,0.25,0.75,4,10,0
TS,wt_sds_13,0.3,0.25,0.75,0,0,11556
TS,wt_sds_13,0.3,0.25,0.75,0,1,9931
TS,wt_sds_13,0.3,0.25,0.75,0,2,9931
TS,wt_sds_13,0.3,0.25,0.75,0,3,9931
TS,wt_sds_13,0.3,0.25,0.75,0,4,9931
TS,wt_sds_13,0.3,0.25,0.75,0,5,9931
TS,wt_sds_13,0.3,0.25,0.75,0,6,9931
TS,wt_sds_13,0.3,0.25,0.75,0,7,9931
TS,wt_sds_13,0.3,0.25,0.75,0,8,9931
TS,wt_sds_13,0.3,0.25,0.75,0,9,9931
TS,wt_sds_13,0.3,0.25,0.75,0,10,9931
TS,wt_sds_13,0.3,0.25,0.75,1,0,11556
TS,wt_sds_13,0.3,0.25,0.75,1,1,11504
TS,wt_sds_13,0.3,0.25,0.75,1,2,11504
TS,wt_sds_13,0.3,0.25,0.75,1,3,9931
TS,wt_sds_13,0.3,0.25,0.75,1,4,9931
TS,wt_sds_13,0.3,0.25,0.75,1,5,9931
TS,wt_sds_13,0.3,0.25,0.75,1,6,9931
TS,wt_sds_13,0.3,0.25,0.75,1,7,9931
TS,wt_sds_13,0.3,0.25,0.75,1,8,9931
TS,wt_sds_13,0.3,0.25,0.75,1,9,9931
TS,wt_sds_13,0.3,0.25,0.75,1,10,9931
TS,wt_sds_13,0.3,0.25,0.75,2,0,11556
TS,wt_sds_13,0.3,0.25,0.75,2,1,9931
TS,wt_sds_13,0.3,0.25,0.75,2,2,9931
TS,wt_sds_13,0.3,0.25,0.75,2,3,9931
TS,wt_sds_13,0.3,0.25,0.75,2,4,9931
TS,wt_sds_13,0.3,0.25,0.75,2,5,9931
TS,wt_sds_13,0.3,0.25,0.75,2,6,9931
TS,wt_sds_13,0.3,0.25,0.75,2,7,9931
TS,wt_sds_13,0.3,0.25,0.75,2,8,9931
TS,wt_sds_13,0.3,0.25,0.75,2,9,9931
TS,wt_sds_13,0.3,0.25,0.75,2,10,9931
TS,wt_sds_13,0.3,0.25,0.75,3,0,11556
TS,wt_sds_13,0.3,0.25,0.75,3,1,9931
TS,wt_sds_13,0.3,0.25,0.75,3,2,9931
TS,wt_sds_13,0.3,0.25,0.75,3,3,9931
TS,wt_sds_13,0.3,0.25,0.75,3,4,9931
TS,wt_sds_13,0.3,0.25,0.75,3,5,9931
TS,wt_sds_13,0.3,0.25,0.75,3,6,9931
TS,wt_sds_13,0.3,0.25,0.75,3,7,9931
TS,wt_sds_13,0.3,0.25,0.75,3,8,9931
TS,wt_sds_13,0.3,0.25,0.75,3,9,9931
TS,wt_sds_13,0.3,0.25,0.75,3,10,9931
TS,wt_sds_13,0.3,0.25,0.75,4,0,11556
TS,wt_sds_13,0.3,0.25,0.75,4,1,9931
TS,wt_sds_13,0.3,0.25,0.75,4,2,9931
TS,wt_sds_13,0.3,0.25,0.75,4,3,9931
TS,wt_sds_13,0.3,0.25,0.75,4,4,9931
TS,wt_sds_13,0.3,0.25,0.75,4,5,9931
TS,wt_sds_13,0.3,0.25,0.75,4,6,9931
TS,wt_sds_13,0.3,0.25,0.75,4,7,9931
TS,wt_sds_13,0.3,0.25,0.75,4,8,9931
TS,wt_sds_13,0.3,0.25,0.75,4,9,9931
TS,wt_sds_13,0.3,0.25,0.75,4,10,9931
TS,wt_sds_14,0.3,0.25,0.75,0,0,15307
TS,wt_sds_14,0.3,0.25,0.75,0,1,5709
TS,wt_sds_14,0.3,0.25,0.75,0,2,5588
TS,wt_sds_14,0.3,0.25,0.75,0,3,5588
TS,wt_sds_14,0.3,0.25,0.75,0,4,5588
TS,wt_sds_14,0.3,0.25,0.75,0,5,5588
TS,wt_sds_14,0.3,0.25,0.75,0,6,5017
TS,wt_sds_14,0.3,0.25,0.75,0,7,5017
TS,wt_sds_14,0.3,0.25,0.75,0,8,5017
TS,wt_sds_14,0.3,0.25,0.75,0,9,5017
TS,wt_sds_14,0.3,0.25,0.75,0,10,5017
TS,wt_sds_14,0.3,0.25,0.75,1,0,15307
TS,wt_sds_14,0.3,0.25,0.75,1,1,7983
TS,wt_sds_14,0.3,0.25,0.75,1,2,7800
TS,wt_sds_14,0.3,0.25,0.75,1,3,7800
TS,wt_sds_14,0.3,0.25,0.75,1,4,6697
TS,wt_sds_14,0.3,0.25,0.75,1,5,6598
TS,wt_sds_14,0.3,0.25,0.75,1,6,6598
TS,wt_sds_14,0.3,0.25,0.75,1,7,6598
TS,wt_sds_14,0.3,0.25,0.75,1,8,6598
TS,wt_sds_14,0.3,0.25,0.75,1,9,6598
TS,wt_sds_14,0.3,0.25,0.75,1,10,6598
TS,wt_sds_14,0.3,0.25,0.75,2,0,15307
TS,wt_sds_14,0.3,0.25,0.75,2,1,7007
TS,wt_sds_14,0.3,0.25,0.75,2,2,6025
TS,wt_sds_14,0.3,0.25,0.75,2,3,6025
TS,wt_sds_14,0.3,0.25,0.75,2,4,6025
TS,wt_sds_14,0.3,0.25,0.75,2,5,5997
TS,wt_sds_14,0.3,0.25,0.75,2,6,5997
TS,wt_sds_14,0.3,0.25,0.75,2,7,5997
TS,wt_sds_14,0.3,0.25,0.75,2,8,5997
TS,wt_sds_14,0.3,0.25,0.75,2,9,5997
TS,wt_sds_14,0.3,0.25,0.75,2,10,5997
TS,wt_sds_14,0.3,0.25,0.75,3,0,15307
TS,wt_sds_14,0.3,0.25,0.75,3,1,9245
TS,wt_sds_14,0.3,0.25,0.75,3,2,6817
TS,wt_sds_14,0.3,0.25,0.75,3,3,6817
TS,wt_sds_14,0.3,0.25,0.75,3,4,6817
TS,wt_sds_14,0.3,0.25,0.75,3,5,6167
TS,wt_sds_14,0.3,0.25,0.75,3,6,5548
TS,wt_sds_14,0.3,0.25,0.75,3,7,5449
TS,wt_sds_14,0.3,0.25,0.75,3,8,5449
TS,wt_sds_14,0.3,0.25,0.75,3,9,5449
TS,wt_sds_14,0.3,0.25,0.75,3,10,5449
TS,wt_sds_14,0.3,0.25,0.75,4,0,15307
TS,wt_sds_14,0.3,0.25,0.75,4,1,7465
TS,wt_sds_14,0.3,0.25,0.75,4,2,6388
TS,wt_sds_14,0.3,0.25,0.75,4,3,6356
TS,wt_sds_14,0.3,0.25,0.75,4,4,5720
TS,wt_sds_14,0.3,0.25,0.75,4,5,5720
TS,wt_sds_14,0.3,0.25,0.75,4,6,5720
TS,wt_sds_14,0.3,0.25,0.75,4,7,5720
TS,wt_sds_14,0.3,0.25,0.75,4,8,5720
TS,wt_sds_14,0.3,0.25,0.75,4,9,5720
TS,wt_sds_14,0.3,0.25,0.75,4,10,5720
TS,wt_sds_15,0.3,0.25,0.75,0,0,7572
TS,wt_sds_15,0.3,0.25,0.75,0,1,5569
TS,wt_sds_15,0.3,0.25,0.75,0,2,4893
TS,wt_sds_15,0.3,0.25,0.75,0,3,4893
TS,wt_sds_15,0.3,0.25,0.75,0,4,4873
TS,wt_sds_15,0.3,0.25,0.75,0,5,4873
TS,wt_sds_15,0.3,0.25,0.75,0,6,4721
TS,wt_sds_15,0.3,0.25,0.75,0,7,4721
TS,wt_sds_15,0.3,0.25,0.75,0,8,4721
TS,wt_sds_15,0.3,0.25,0.75,0,9,4721
TS,wt_sds_15,0.3,0.25,0.75,0,10,4721
TS,wt_sds_15,0.3,0.25,0.75,1,0,7572
TS,wt_sds_15,0.3,0.25,0.75,1,1,5254
TS,wt_sds_15,0.3,0.25,0.75,1,2,4724
TS,wt_sds_15,0.3,0.25,0.75,1,3,4724
TS,wt_sds_15,0.3,0.25,0.75,1,4,4724
TS,wt_sds_15,0.3,0.25,0.75,1,5,4724
TS,wt_sds_15,0.3,0.25,0.75,1,6,4724
TS,wt_sds_15,0.3,0.25,0.75,1,7,4724
TS,wt_sds_15,0.3,0.25,0.75,1,8,4401
TS,wt_sds_15,0.3,0.25,0.75,1,9,4338
TS,wt_sds_15,0.3,0.25,0.75,1,10,4133
TS,wt_sds_15,0.3,0.25,0.75,2,0,7572
TS,wt_sds_15,0.3,0.25,0.75,2,1,5350
TS,wt_sds_15,0.3,0.25,0.75,2,2,5314
TS,wt_sds_15,0.3,0.25,0.75,2,3,4803
TS,wt_sds_15,0.3,0.25,0.75,2,4,4803
TS,wt_sds_15,0.3,0.25,0.75,2,5,4803
TS,wt_sds_15,0.3,0.25,0.75,2,6,4803
TS,wt_sds_15,0.3,0.25,0.75,2,7,4803
TS,wt_sds_15,0.3,0.25,0.75,2,8,4803
TS,wt_sds_15,0.3,0.25,0.75,2,9,4803
TS,wt_sds_15,0.3,0.25,0.75,2,10,4688
TS,wt_sds_15,0.3,0.25,0.75,3,0,7572
TS,wt_sds_15,0.3,0.25,0.75,3,1,4338
TS,wt_sds_15,0.3,0.25,0.75,3,2,4032
TS,wt_sds_15,0.3,0.25,0.75,3,3,4032
TS,wt_sds_15,0.3,0.25,0.75,3,4,4032
TS,wt_sds_15,0.3,0.25,0.75,3,5,4032
TS,wt_sds_15,0.3,0.25,0.75,3,6,4032
TS,wt_sds_15,0.3,0.25,0.75,3,7,4032
TS,wt_sds_15,0.3,0.25,0.75,3,8,4032
TS,wt_sds_15,0.3,0.25,0.75,3,9,4032
TS,wt_sds_15,0.3,0.25,0.75,3,10,4032
TS,wt_sds_15,0.3,0.25,0.75,4,0,7572
TS,wt_sds_15,0.3,0.25,0.75,4,1,5662
TS,wt_sds_15,0.3,0.25,0.75,4,2,4692
TS,wt_sds_15,0.3,0.25,0.75,4,3,4692
TS,wt_sds_15,0.3,0.25,0.75,4,4,4692
TS,wt_sds_15,0.3,0.25,0.75,4,5,4692
TS,wt_sds_15,0.3,0.25,0.75,4,6,4692
TS,wt_sds_15,0.3,0.25,0.75,4,7,4692
TS,wt_sds_15,0.3,0.25,0.75,4,8,4677
TS,wt_sds_15,0.3,0.25,0.75,4,9,4660
TS,wt_sds_15,0.3,0.25,0.75,4,10,4660
TS,wt_sds_21,0.3,0.75,0.25,0,0,3736
TS,wt_sds_21,0.3,0.75,0.25,0,1,0
TS,wt_sds_21,0.3,0.75,0.25,0,2,0
TS,wt_sds_21,0.3,0.75,0.25,0,3,0
TS,wt_sds_21,0.3,0.75,0.25,0,4,0
TS,wt_sds_21,0.3,0.75,0.25,0,5,0
TS,wt_sds_21,0.3,0.75,0.25,0,6,0
TS,wt_sds_21,0.3,0.75,0.25,0,7,0
TS,wt_sds_21,0.3,0.75,0.25,0,8,0
TS,wt_sds_21,0.3,0.75,0.25,0,9,0
TS,wt_sds_21,0.3,0.75,0.25,0,10,0
TS,wt_sds_21,0.3,0.75,0.25,1,0,3736
TS,wt_sds_21,0.3,0.75,0.25,1,1,0
TS,wt_sds_21,0.3,0.75,0.25,1,2,0
TS,wt_sds_21,0.3,0.75,0.25,1,3,0
TS,wt_sds_21,0.3,0.75,0.25,1,4,0
TS,wt_sds_21,0.3,0.75,0.25,1,5,0
TS,wt_sds_21,0.3,0.75,0.25,1,6,0
TS,wt_sds_21,0.3,0.75,0.25,1,7,0
TS,wt_sds_21,0.3,0.75,0.25,1,8,0
TS,wt_sds_21,0.3,0.75,0.25,1,9,0
TS,wt_sds_21,0.3,0.75,0.25,1,10,0
TS,wt_sds_21,0.3,0.75,0.25,2,0,3736
TS,wt_sds_21,0.3,0.75,0.25,2,1,0
TS,wt_sds_21,0.3,0.75,0.25,2,2,0
TS,wt_sds_21,0.3,0.75,0.25,2,3,0
TS,wt_sds_21,0.3,0.75,0.25,2,4,0
TS,wt_sds_21,0.3,0.75,0.25,2,5,0
TS,wt_sds_21,0.3,0.75,0.25,2,6,0
TS,wt_sds_21,0.3,0.75,0.25,2,7,0
TS,wt_sds_21,0.3,0.75,0.25,2,8,0
TS,wt_sds_21,0.3,0.75,0.25,2,9,0
TS,wt_sds_21,0.3,0.75,0.25,2,10,0
TS,wt_sds_21,0.3,0.75,0.25,3,0,3736
TS,wt_sds_21,0.3,0.75,0.25,3,1,0
TS,wt_sds_21,0.3,0.75,0.25,3,2,0
TS,wt_sds_21,0.3,0.75,0.25,3,3,0
TS,wt_sds_21,0.3,0.75,0.25,3,4,0
TS,wt_sds_21,0.3,0.75,0.25,3,5,0
TS,wt_sds_21,0.3,0.75,0.25,3,6,0
TS,wt_sds_21,0.3,0.75,0.25,3,7,0
TS,wt_sds_21,0.3,0.75,0.25,3,8,0
TS,wt_sds_21,0.3,0.75,0.25,3,9,0
TS,wt_sds_21,0.3,0.75,0.25,3,10,0
TS,wt_sds_21,0.3,0.75,0.25,4,0,3736
TS,wt_sds_21,0.3,0.75,0.25,4,1,0
TS,wt_sds_21,0.3,0.75,0.25,4,2,0
TS,wt_sds_21,0.3,0.75,0.25,4,3,0
TS,wt_sds_21,0.3,0.75,0.25,4,4,0
TS,wt_sds_21,0.3,0.75,0.25,4,5,0
TS,wt_sds_21,0.3,0.75,0.25,4,6,0
TS,wt_sds_21,0.3,0.75,0.25,4,7,0
TS,wt_sds_21,0.3,0.75,0.25,4,8,0
TS,wt_sds_21,0.3,0.75,0.25,4,9,0
TS,wt_sds_21,0.3,0.75,0.25,4,10,0
TS,wt_sds_22,0.3,0.75,0.25,0,0,1325
TS,wt_sds_22,0.3,0.75,0.25,0,1,0
TS,wt_sds_22,0.3,0.75,0.25,0,2,0
TS,wt_sds_22,0.3,0.75,0.25,0,3,0
TS,wt_sds_22,0.3,0.75,0.25,0,4,0
TS,wt_sds_22,0.3,0.75,0.25,0,5,0
TS,wt_sds_22,0.3,0.75,0.25,0,6,0
TS,wt_sds_22,0.3,0.75,0.25,0,7,0
TS,wt_sds_22,0.3,0.75,0.25,0,8,0
TS,wt_sds_22,0.3,0.75,0.25,0,9,0
TS,wt_sds_22,0.3,0.75,0.25,0,10,0
TS,wt_sds_22,0.3,0.75,0.25,1,0,1325
TS,wt_sds_22,0.3,0.75,0.25,1,1,0
TS,wt_sds_22,0.3,0.75,0.25,1,2,0
TS,wt_sds_22,0.3,0.75,0.25,1,3,0
TS,wt_sds_22,0.3,0.75,0.25,1,4,0
TS,wt_sds_22,0.3,0.75,0.25,1,5,0
TS,wt_sds_22,0.3,0.75,0.25,1,6,0
TS,wt_sds_22,0.3,0.75,0.25,1,7,0
TS,wt_sds_22,0.3,0.75,0.25,1,8,0
TS,wt_sds_22,0.3,0.75,0.25,1,9,0
TS,wt_sds_22,0.3,0.75,0.25,1,10,0
TS,wt_sds_22,0.3,0.75,0.25,2,0,1325
TS,wt_sds_22,0.3,0.75,0.25,2,1,0
TS,wt_sds_22,0.3,0.75,0.25,2,2,0
TS,wt_sds_22,0.3,0.75,0.25,2,3,0
TS,wt_sds_22,0.3,0.75,0.25,2,4,0
TS,wt_sds_22,0.3,0.75,0.25,2,5,0
TS,wt_sds_22,0.3,0.75,0.25,2,6,0
TS,wt_sds_22,0.3,0.75,0.25,2,7,0
TS,wt_sds_22,0.3,0.75,0.25,2,8,0
TS,wt_sds_22,0.3,0.75,0.25,2,9,0
TS,wt_sds_22,0.3,0.75,0.25,2,10,0
TS,wt_sds_22,0.3,0.75,0.25,3,0,1325
TS,wt_sds_22,0.3,0.75,0.25,3,1,0
TS,wt_sds_22,0.3,0.75,0.25,3,2,0
TS,wt_sds_22,0.3,0.75,0.25,3,3,0
TS,wt_sds_22,0.3,0.75,0.25,3,4,0
TS,wt_sds_22,0.3,0.75,0.25,3,5,0
TS,wt_sds_22,0.3,0.75,0.25,3,6,0
TS,wt_sds_22,0.3,0.75,0.25,3,7,0
TS,wt_sds_22,0.3,0.75,0.25,3,8,0
TS,wt_sds_22,0.3,0.75,0.25,3,9,0
TS,wt_sds_22,0.3,0.75,0.25,3,10,0
TS,wt_sds_22,0.3,0.75,0.25,4,0,1325
TS,wt_sds_22,0.3,0.75,0.25,4,1,0
TS,wt_sds_22,0.3,0.75,0.25,4,2,0
TS,wt_sds_22,0.3,0.75,0.25,4,3,0
TS,wt_sds_22,0.3,0.75,0.25,4,4,0
TS,wt_sds_22,0.3,0.75,0.25,4,5,0
TS,wt_sds_22,0.3,0.75,0.25,4,6,0
TS,wt_sds_22,0.3,0.75,0.25,4,7,0
TS,wt_sds_22,0.3,0.75,0.25,4,8,0
TS,wt_sds_22,0.3,0.75,0.25,4,9,0
TS,wt_sds_22,0.3,0.75,0.25,4,10,0
TS,wt_sds_23,0.3,0.75,0.25,0,0,0
TS,wt_sds_23,0.3,0.75,0.25,0,1,0
TS,wt_sds_23,0.3,0.75,0.25,0,2,0
TS,wt_sds_23,0.3,0.75,0.25,0,3,0
TS,wt_sds_23,0.3,0.75,0.25,0,4,0
TS,wt_sds_23,0.3,0.75,0.25,0,5,0
TS,wt_sds_23,0.3,0.75,0.25,0,6,0
TS,wt_sds_23,0.3,0.75,0.25,0,7,0
TS,wt_sds_23,0.3,0.75,0.25,0,8,0
TS,wt_sds_23,0.3,0.75,0.25,0,9,0
TS,wt_sds_23,0.3,0.75,0.25,0,10,0
TS,wt_sds_23,0.3,0.75,0.25,1,0,0
TS,wt_sds_23,0.3,0.75,0.25,1,1,0
TS,wt_sds_23,0.3,0.75,0.25,1,2,0
TS,wt_sds_23,0.3,0.75,0.25,1,3,0
TS,wt_sds_23,0.3,0.75,0.25,1,4,0
TS,wt_sds_23,0.3,0.75,0.25,1,5,0
TS,wt_sds_23,0.3,0.75,0.25,1,6,0
TS,wt_sds_23,0.3,0.75,0.25,1,7,0
TS,wt_sds_23,0.3,0.75,0.25,1,8,0
TS,wt_sds_23,0.3,0.75,0.25,1,9,0
TS,wt_sds_23,0.3,0.75,0.25,1,10,0
TS,wt_sds_23,0.3,0.75,0.25,2,0,0
TS,wt_sds_23,0.3,0.75,0.25,2,1,0
TS,wt_sds_23,0.3,0.75,0.25,2,2,0
TS,wt_sds_23,0.3,0.75,0.25,2,3,0
TS,wt_sds_23,0.3,0.75,0.25,2,4,0
TS,wt_sds_23,0.3,0.75,0.25,2,5,0
TS,wt_sds_23,0.3,0.75,0.25,2,6,0
TS,wt_sds_23,0.3,0.75,0.25,2,7,0
TS,wt_sds_23,0.3,0.75,0.25,2,8,0
TS,wt_sds_23,0.3,0.75,0.25,2,9,0
TS,wt_sds_23,0.3,0.75,0.25,2,10,0
TS,wt_sds_23,0.3,0.75,0.25,3,0,0
TS,wt_sds_23,0.3,0.75,0.25,3,1,0
TS,wt_sds_23,0.3,0.75,0.25,3,2,0
TS,wt_sds_23,0.3,0.75,0.25,3,3,0
TS,wt_sds_23,0.3,0.75,0.25,3,4,0
TS,wt_sds_23,0.3,0.75,0.25,3,5,0
TS,wt_sds_23,0.3,0.75,0.25,3,6,0
TS,wt_sds_23,0.3,0.75,0.25,3,7,0
TS,wt_sds_23,0.3,0.75,0.25,3,8,0
TS,wt_sds_23,0.3,0.75,0.25,3,9,0
TS,wt_sds_23,0.3,0.75,0.25,3,10,0
TS,wt_sds_23,0.3,0.75,0.25,4,0,0
TS,wt_sds_23,0.3,0.75,0.25,4,1,0
TS,wt_sds_23,0.3,0.75,0.25,4,2,0
TS,wt_sds_23,0.3,0.75,0.25,4,3,0
TS,wt_sds_23,0.3,0.75,0.25,4,4,0
TS,wt_sds_23,0.3,0.75,0.25,4,5,0
TS,wt_sds_23,0.3,0.75,0.25,4,6,0
TS,wt_sds_23,0.3,0.75,0.25,4,7,0
TS,wt_sds_23,0.3,0.75,0.25,4,8,0
TS,wt_sds_23,0.3,0.75,0.25,4,9,0
TS,wt_sds_23,0.3,0.75,0.25,4,10,0
TS,wt_sds_24,0.3,0.75,0.25,0,0,4871
TS,wt_sds_24,0.3,0.75,0.25,0,1,2586
TS,wt_sds_24,0.3,0.75,0.25,0,2,2586
TS,wt_sds_24,0.3,0.75,0.25,0,3,2586
TS,wt_sds_24,0.3,0.75,0.25,0,4,2558
TS,wt_sds_24,0.3,0.75,0.25,0,5,2558
TS,wt_sds_24,0.3,0.75,0.25,0,6,2558
TS,wt_sds_24,0.3,0.75,0.25,0,7,2333
TS,wt_sds_24,0.3,0.75,0.25,0,8,1853
TS,wt_sds_24,0.3,0.75,0.25,0,9,1853
TS,wt_sds_24,0.3,0.75,0.25,0,10,1853
TS,wt_sds_24,0.3,0.75,0.25,1,0,4871
TS,wt_sds_24,0.3,0.75,0.25,1,1,2662
TS,wt_sds_24,0.3,0.75,0.25,1,2,2217
TS,wt_sds_24,0.3,0.75,0.25,1,3,2217
TS,wt_sds_24,0.3,0.75,0.25,1,4,2217
TS,wt_sds_24,0.3,0.75,0.25,1,5,2217
TS,wt_sds_24,0.3,0.75,0.25,1,6,2217
TS,wt_sds_24,0.3,0.75,0.25,1,7,1869
TS,wt_sds_24,0.3,0.75,0.25,1,8,1693
TS,wt_sds_24,0.3,0.75,0.25,1,9,1693
TS,wt_sds_24,0.3,0.75,0.25,1,10,1693
TS,wt_sds_24,0.3,0.75,0.25,2,0,4871
TS,wt_sds_24,0.3,0.75,0.25,2,1,2650
TS,wt_sds_24,0.3,0.75,0.25,2,2,2556
TS,wt_sds_24,0.3,0.75,0.25,2,3,2186
TS,wt_sds_24,0.3,0.75,0.25,2,4,2186
TS,wt_sds_24,0.3,0.75,0.25,2,5,2186
TS,wt_sds_24,0.3,0.75,0.25,2,6,2186
TS,wt_sds_24,0.3,0.75,0.25,2,7,2186
TS,wt_sds_24,0.3,0.75,0.25,2,8,1975
TS,wt_sds_24,0.3,0.75,0.25,2,9,1975
TS,wt_sds_24,0.3,0.75,0.25,2,10,1975
TS,wt_sds_24,0.3,0.75,0.25,3,0,4871
TS,wt_sds_24,0.3,0.75,0.25,3,1,2456
TS,wt_sds_24,0.3,0.75,0.25,3,2,2456
TS,wt_sds_24,0.3,0.75,0.25,3,3,2456
TS,wt_sds_24,0.3,0.75,0.25,3,4,1799
TS,wt_sds_24,0.3,0.75,0.25,3,5,1799
TS,wt_sds_24,0.3,0.75,0.25,3,6,1799
TS,wt_sds_24,0.3,0.75,0.25,3,7,1655
TS,wt_sds_24,0.3,0.75,0.25,3,8,1655
TS,wt_sds_24,0.3,0.75,0.25,3,9,1655
TS,wt_sds_24,0.3,0.75,0.25,3,10,1655
TS,wt_sds_24,0.3,0.75,0.25,4,0,4871
TS,wt_sds_24,0.3,0.75,0.25,4,1,2850
TS,wt_sds_24,0.3,0.75,0.25,4,2,2552
TS,wt_sds_24,0.3,0.75,0.25,4,3,2546
TS,wt_sds_24,0.3,0.75,0.25,4,4,2016
TS,wt_sds_24,0.3,0.75,0.25,4,5,2016
TS,wt_sds_24,0.3,0.75,0.25,4,6,2016
TS,wt_sds_24,0.3,0.75,0.25,4,7,2016
TS,wt_sds_24,0.3,0.75,0.25,4,8,2016
TS,wt_sds_24,0.3,0.75,0.25,4,9,2016
TS,wt_sds_24,0.3,0.75,0.25,4,10,2016
TS,wt_sds_25,0.3,0.75,0.25,0,0,2696
TS,wt_sds_25,0.3,0.75,0.25,0,1,10
TS,wt_sds_25,0.3,0.75,0.25,0,2,10
TS,wt_sds_25,0.3,0.75,0.25,0,3,10
TS,wt_sds_25,0.3,0.75,0.25,0,4,3
TS,wt_sds_25,0.3,0.75,0.25,0,5,0
TS,wt_sds_25,0.3,0.75,0.25,0,6,0
TS,wt_sds_25,0.3,0.75,0.25,0,7,0
TS,wt_sds_25,0.3,0.75,0.25,0,8,0
TS,wt_sds_25,0.3,0.75,0.25,0,9,0
TS,wt_sds_25,0.3,0.75,0.25,0,10,0
TS,wt_sds_25,0.3,0.75,0.25,1,0,2696
TS,wt_sds_25,0.3,0.75,0.25,1,1,1
TS,wt_sds_25,0.3,0.75,0.25,1,2,1
TS,wt_sds_25,0.3,0.75,0.25,1,3,1
TS,wt_sds_25,0.3,0.75,0.25,1,4,1
TS,wt_sds_25,0.3,0.75,0.25,1,5,1
TS,wt_sds_25,0.3,0.75,0.25,1,6,1
TS,wt_sds_25,0.3,0.75,0.25,1,7,1
TS,wt_sds_25,0.3,0.75,0.25,1,8,0
TS,wt_sds_25,0.3,0.75,0.25,1,9,0
TS,wt_sds_25,0.3,0.75,0.25,1,10,0
TS,wt_sds_25,0.3,0.75,0.25,2,0,2696
TS,wt_sds_25,0.3,0.75,0.25,2,1,0
TS,wt_sds_25,0.3,0.75,0.25,2,2,0
TS,wt_sds_25,0.3,0.75,0.25,2,3,0
TS,wt_sds_25,0.3,0.75,0.25,2,4,0
TS,wt_sds_25,0.3,0.75,0.25,2,5,0
TS,wt_sds_25,0.3,0.75,0.25,2,6,0
TS,wt_sds_25,0.3,0.75,0.25,2,7,0
TS,wt_sds_25,0.3,0.75,0.25,2,8,0
TS,wt_sds_25,0.3,0.75,0.25,2,9,0
TS,wt_sds_25,0.3,0.75,0.25,2,10,0
TS,wt_sds_25,0.3,0.75,0.25,3,0,2696
TS,wt_sds_25,0.3,0.75,0.25,3,1,10
TS,wt_sds_25,0.3,0.75,0.25,3,2,10
TS,wt_sds_25,0.3,0.75,0.25,3,3,0
TS,wt_sds_25,0.3,0.75,0.25,3,4,0
TS,wt_sds_25,0.3,0.75,0.25,3,5,0
TS,wt_sds_25,0.3,0.75,0.25,3,6,0
TS,wt_sds_25,0.3,0.75,0.25,3,7,0
TS,wt_sds_25,0.3,0.75,0.25,3,8,0
TS,wt_sds_25,0.3,0.75,0.25,3,9,0
TS,wt_sds_25,0.3,0.75,0.25,3,10,0
TS,wt_sds_25,0.3,0.75,0.25,4,0,2696
TS,wt_sds_25,0.3,0.75,0.25,4,1,63
TS,wt_sds_25,0.3,0.75,0.25,4,2,22
TS,wt_sds_25,0.3,0.75,0.25,4,3,0
TS,wt_sds_25,0.3,0.75,0.25,4,4,0
TS,wt_sds_25,0.3,0.75,0.25,4,5,0
TS,wt_sds_25,0.3,0.75,0.25,4,6,0
TS,wt_sds_25,0.3,0.75,0.25,4,7,0
TS,wt_sds_25,0.3,0.75,0.25,4,8,0
TS,wt_sds_25,0.3,0.75,0.25,4,9,0
TS,wt_sds_25,0.3,0.75,0.25,4,10,0
TS,wt_sds_31,0.3,0.75,0.75,0,0,237
TS,wt_sds_31,0.3,0.75,0.75,0,1,0
TS,wt_sds_31,0.3,0.75,0.75,0,2,0
TS,wt_sds_31,0.3,0.75,0.75,0,3,0
TS,wt_sds_31,0.3,0.75,0.75,0,4,0
TS,wt_sds_31,0.3,0.75,0.75,0,5,0
TS,wt_sds_31,0.3,0.75,0.75,0,6,0
TS,wt_sds_31,0.3,0.75,0.75,0,7,0
TS,wt_sds_31,0.3,0.75,0.75,0,8,0
TS,wt_sds_31,0.3,0.75,0.75,0,9,0
TS,wt_sds_31,0.3,0.75,0.75,0,10,0
TS,wt_sds_31,0.3,0.75,0.75,1,0,237
TS,wt_sds_31,0.3,0.75,0.75,1,1,0
TS,wt_sds_31,0.3,0.75,0.75,1,2,0
TS,wt_sds_31,0.3,0.75,0.75,1,3,0
TS,wt_sds_31,0.3,0.75,0.75,1,4,0
TS,wt_sds_31,0.3,0.75,0.75,1,5,0
TS,wt_sds_31,0.3,0.75,0.75,1,6,0
TS,wt_sds_31,0.3,0.75,0.75,1,7,0
TS,wt_sds_31,0.3,0.75,0.75,1,8,0
TS,wt_sds_31,0.3,0.75,0.75,1,9,0
TS,wt_sds_31,0.3,0.75,0.75,1,10,0
TS,wt_sds_31,0.3,0.75,0.75,2,0,237
TS,wt_sds_31,0.3,0.75,0.75,2,1,0
TS,wt_sds_31,0.3,0.75,0.75,2,2,0
TS,wt_sds_31,0.3,0.75,0.75,2,3,0
TS,wt_sds_31,0.3,0.75,0.75,2,4,0
TS,wt_sds_31,0.3,0.75,0.75,2,5,0
TS,wt_sds_31,0.3,0.75,0.75,2,6,0
TS,wt_sds_31,0.3,0.75,0.75,2,7,0
TS,wt_sds_31,0.3,0.75,0.75,2,8,0
TS,wt_sds_31,0.3,0.75,0.75,2,9,0
TS,wt_sds_31,0.3,0.75,0.75,2,10,0
TS,wt_sds_31,0.3,0.75,0.75,3,0,237
TS,wt_sds_31,0.3,0.75,0.75,3,1,0
TS,wt_sds_31,0.3,0.75,0.75,3,2,0
TS,wt_sds_31,0.3,0.75,0.75,3,3,0
TS,wt_sds_31,0.3,0.75,0.75,3,4,0
TS,wt_sds_31,0.3,0.75,0.75,3,5,0
TS,wt_sds_31,0.3,0.75,0.75,3,6,0
TS,wt_sds_31,0.3,0.75,0.75,3,7,0
TS,wt_sds_31,0.3,0.75,0.75,3,8,0
TS,wt_sds_31,0.3,0.75,0.75,3,9,0
TS,wt_sds_31,0.3,0.75,0.75,3,10,0
TS,wt_sds_31,0.3,0.75,0.75,4,0,237
TS,wt_sds_31,0.3,0.75,0.75,4,1,0
TS,wt_sds_31,0.3,0.75,0.75,4,2,0
TS,wt_sds_31,0.3,0.75,0.75,4,3,0
TS,wt_sds_31,0.3,0.75,0.75,4,4,0
TS,wt_sds_31,0.3,0.75,0.75,4,5,0
TS,wt_sds_31,0.3,0.75,0.75,4,6,0
TS,wt_sds_31,0.3,0.75,0.75,4,7,0
TS,wt_sds_31,0.3,0.75,0.75,4,8,0
TS,wt_sds_31,0.3,0.75,0.75,4,9,0
TS,wt_sds_31,0.3,0.75,0.75,4,10,0
TS,wt_sds_32,0.3,0.75,0.75,0,0,1595
TS,wt_sds_32,0.3,0.75,0.75,0,1,0
TS,wt_sds_32,0.3,0.75,0.75,0,2,0
TS,wt_sds_32,0.3,0.75,0.75,0,3,0
TS,wt_sds_32,0.3,0.75,0.75,0,4,0
TS,wt_sds_32,0.3,0.75,0.75,0,5,0
TS,wt_sds_32,0.3,0.75,0.75,0,6,0
TS,wt_sds_32,0.3,0.75,0.75,0,7,0
TS,wt_sds_32,0.3,0.75,0.75,0,8,0
TS,wt_sds_32,0.3,0.75,0.75,0,9,0
TS,wt_sds_32,0.3,0.75,0.75,0,10,0
TS,wt_sds_32,0.3,0.75,0.75,1,0,1595
TS,wt_sds_32,0.3,0.75,0.75,1,1,0
TS,wt_sds_32,0.3,0.75,0.75,1,2,0
TS,wt_sds_32,0.3,0.75,0.75,1,3,0
TS,wt_sds_32,0.3,0.75,0.75,1,4,0
TS,wt_sds_32,0.3,0.75,0.75,1,5,0
TS,wt_sds_32,0.3,0.75,0.75,1,6,0
TS,wt_sds_32,0.3,0.75,0.75,1,7,0
TS,wt_sds_32,0.3,0.75,0.75,1,8,0
TS,wt_sds_32,0.3,0.75,0.75,1,9,0
TS,wt_sds_32,0.3,0.75,0.75,1,10,0
TS,wt_sds_32,0.3,0.75,0.75,2,0,1595
TS,wt_sds_32,0.3,0.75,0.75,2,1,0
TS,wt_sds_32,0.3,0.75,0.75,2,2,0
TS,wt_sds_32,0.3,0.75,0.75,2,3,0
TS,wt_sds_32,0.3,0.75,0.75,2,4,0
TS,wt_sds_32,0.3,0.75,0.75,2,5,0
TS,wt_sds_32,0.3,0.75,0.75,2,6,0
TS,wt_sds_32,0.3,0.75,0.75,2,7,0
TS,wt_sds_32,0.3,0.75,0.75,2,8,0
TS,wt_sds_32,0.3,0.75,0.75,2,9,0
TS,wt_sds_32,0.3,0.75,0.75,2,10,0
TS,wt_sds_32,0.3,0.75,0.75,3,0,1595
TS,wt_sds_32,0.3,0.75,0.75,3,1,0
TS,wt_sds_32,0.3,0.75,0.75,3,2,0
TS,wt_sds_32,0.3,0.75,0.75,3,3,0
TS,wt_sds_32,0.3,0.75,0.75,3,4,0
TS,wt_sds_32,0.3,0.75,0.75,3,5,0
TS,wt_sds_32,0.3,0.75,0.75,3,6,0
TS,wt_sds_32,0.3,0.75,0.75,3,7,0
TS,wt_sds_32,0.3,0.75,0.75,3,8,0
TS,wt_sds_32,0.3,0.75,0.75,3,9,0
TS,wt_sds_32,0.3,0.75,0.75,3,10,0
TS,wt_sds_32,0.3,0.75,0.75,4,0,1595
TS,wt_sds_32,0.3,0.75,0.75,4,1,0
TS,wt_sds_32,0.3,0.75,0.75,4,2,0
TS,wt_sds_32,0.3,0.75,0.75,4,3,0
TS,wt_sds_32,0.3,0.75,0.75,4,4,0
TS,wt_sds_32,0.3,0.75,0.75,4,5,0
TS,wt_sds_32,0.3,0.75,0.75,4,6,0
TS,wt_sds_32,0.3,0.75,0.75,4,7,0
TS,wt_sds_32,0.3,0.75,0.75,4,8,0
TS,wt_sds_32,0.3,0.75,0.75,4,9,0
TS,wt_sds_32,0.3,0.75,0.75,4,10,0
TS,wt_sds_33,0.3,0.75,0.75,0,0,541
TS,wt_sds_33,0.3,0.75,0.75,0,1,0
TS,wt_sds_33,0.3,0.75,0.75,0,2,0
TS,wt_sds_33,0.3,0.75,0.75,0,3,0
TS,wt_sds_33,0.3,0.75,0.75,0,4,0
TS,wt_sds_33,0.3,0.75,0.75,0,5,0
TS,wt_sds_33,0.3,0.75,0.75,0,6,0
TS,wt_sds_33,0.3,0.75,0.75,0,7,0
TS,wt_sds_33,0.3,0.75,0.75,0,8,0
TS,wt_sds_33,0.3,0.75,0.75,0,9,0
TS,wt_sds_33,0.3,0.75,0.75,0,10,0
TS,wt_sds_33,0.3,0.75,0.75,1,0,541
TS,wt_sds_33,0.3,0.75,0.75,1,1,0
TS,wt_sds_33,0.3,0.75,0.75,1,2,0
TS,wt_sds_33,0.3,0.75,0.75,1,3,0
TS,wt_sds_33,0.3,0.75,0.75,1,4,0
TS,wt_sds_33,0.3,0.75,0.75,1,5,0
TS,wt_sds_33,0.3,0.75,0.75,1,6,0
TS,wt_sds_33,0.3,0.75,0.75,1,7,0
TS,wt_sds_33,0.3,0.75,0.75,1,8,0
TS,wt_sds_33,0.3,0.75,0.75,1,9,0
TS,wt_sds_33,0.3,0.75,0.75,1,10,0
TS,wt_sds_33,0.3,0.75,0.75,2,0,541
TS,wt_sds_33,0.3,0.75,0.75,2,1,0
TS,wt_sds_33,0.3,0.75,0.75,2,2,0
TS,wt_sds_33,0.3,0.75,0.75,2,3,0
TS,wt_sds_33,0.3,0.75,0.75,2,4,0
TS,wt_sds_33,0.3,0.75,0.75,2,5,0
TS,wt_sds_33,0.3,0.75,0.75,2,6,0
TS,wt_sds_33,0.3,0.75,0.75,2,7,0
TS,wt_sds_33,0.3,0.75,0.75,2,8,0
TS,wt_sds_33,0.3,0.75,0.75,2,9,0
TS,wt_sds_33,0.3,0.75,0.75,2,10,0
TS,wt_sds_33,0.3,0.75,0.75,3,0,541
TS,wt_sds_33,0.3,0.75,0.75,3,1,0
TS,wt_sds_33,0.3,0.75,0.75,3,2,0
TS,wt_sds_33,0.3,0.75,0.75,3,3,0
TS,wt_sds_33,0.3,0.75,0.75,3,4,0
TS,wt_sds_33,0.3,0.75,0.75,3,5,0
TS,wt_sds_33,0.3,0.75,0.75,3,6,0
TS,wt_sds_33,0.3,0.75,0.75,3,7,0
TS,wt_sds_33,0.3,0.75,0.75,3,8,0
TS,wt_sds_33,0.3,0.75,0.75,3,9,0
TS,wt_sds_33,0.3,0.75,0.75,3,10,0
TS,wt_sds_33,0.3,0.75,0.75,4,0,541
TS,wt_sds_33,0.3,0.75,0.75,4,1,0
TS,wt_sds_33,0.3,0.75,0.75,4,2,0
TS,wt_sds_33,0.3,0.75,0.75,4,3,0
TS,wt_sds_33,0.3,0.75,0.75,4,4,0
TS,wt_sds_33,0.3,0.75,0.75,4,5,0
TS,wt_sds_33,0.3,0.75,0.75,4,6,0
TS,wt_sds_33,0.3,0.75,0.75,4,7,0
TS,wt_sds_33,0.3,0.75,0.75,4,8,0
TS,wt_sds_33,0.3,0.75,0.75,4,9,0
TS,wt_sds_33,0.3,0.75,0.75,4,10,0
TS,wt_sds_34,0.3,0.75,0.75,0,0,0
TS,wt_sds_34,0.3,0.75,0.75,0,1,0
TS,wt_sds_34,0.3,0.75,0.75,0,2,0
TS,wt_sds_34,0.3,0.75,0.75,0,3,0
TS,wt_sds_34,0.3,0.75,0.75,0,4,0
TS,wt_sds_34,0.3,0.75,0.75,0,5,0
TS,wt_sds_34,0.3,0.75,0.75,0,6,0
TS,wt_sds_34,0.3,0.75,0.75,0,7,0
TS,wt_sds_34,0.3,0.75,0.75,0,8,0
TS,wt_sds_34,0.3,0.75,0.75,0,9,0
TS,wt_sds_34,0.3,0.75,0.75,0,10,0
TS,wt_sds_34,0.3,0.75,0.75,1,0,0
TS,wt_sds_34,0.3,0.75,0.75,1,1,0
TS,wt_sds_34,0.3,0.75,0.75,1,2,0
TS,wt_sds_34,0.3,0.75,0.75,1,3,0
TS,wt_sds_34,0.3,0.75,0.75,1,4,0
TS,wt_sds_34,0.3,0.75,0.75,1,5,0
TS,wt_sds_34,0.3,0.75,0.75,1,6,0
TS,wt_sds_34,0.3,0.75,0.75,1,7,0
TS,wt_sds_34,0.3,0.75,0.75,1,8,0
TS,wt_sds_34,0.3,0.75,0.75,1,9,0
TS,wt_sds_34,0.3,0.75,0.75,1,10,0
TS,wt_sds_34,0.3,0.75,0.75,2,0,0
TS,wt_sds_34,0.3,0.75,0.75,2,1,0
TS,wt_sds_34,0.3,0.75,0.75,2,2,0
TS,wt_sds_34,0.3,0.75,0.75,2,3,0
TS,wt_sds_34,0.3,0.75,0.75,2,4,0
TS,wt_sds_34,0.3,0.75,0.75,2,5,0
TS,wt_sds_34,0.3,0.75,0.75,2,6,0
TS,wt_sds_34,0.3,0.75,0.75,2,7,0
TS,wt_sds_34,0.3,0.75,0.75,2,8,0
TS,wt_sds_34,0.3,0.75,0.75,2,9,0
TS,wt_sds_34,0.3,0.75,0.75,2,10,0
TS,wt_sds_34,0.3,0.75,0.75,3,0,0
TS,wt_sds_34,0.3,0.75,0.75,3,1,0
TS,wt_sds_34,0.3,0.75,0.75,3,2,0
TS,wt_sds_34,0.3,0.75,0.75,3,3,0
TS,wt_sds_34,0.3,0.75,0.75,3,4,0
TS,wt_sds_34,0.3,0.75,0.75,3,5,0
TS,wt_sds_34,0.3,0.75,0.75,3,6,0
TS,wt_sds_34,0.3,0.75,0.75,3,7,0
TS,wt_sds_34,0.3,0.75,0.75,3,8,0
TS,wt_sds_34,0.3,0.75,0.75,3,9,0
TS,wt_sds_34,0.3,0.75,0.75,3,10,0
TS,wt_sds_34,0.3,0.75,0.75,4,0,0
TS,wt_sds_34,0.3,0.75,0.75,4,1,0
TS,wt_sds_34,0.3,0.75,0.75,4,2,0
TS,wt_sds_34,0.3,0.75,0.75,4,3,0
TS,wt_sds_34,0.3,0.75,0.75,4,4,0
TS,wt_sds_34,0.3,0.75,0.75,4,5,0
TS,wt_sds_34,0.3,0.75,0.75,4,6,0
TS,wt_sds_34,0.3,0.75,0.75,4,7,0
TS,wt_sds_34,0.3,0.75,0.75,4,8,0
TS,wt_sds_34,0.3,0.75,0.75,4,9,0
TS,wt_sds_34,0.3,0.75,0.75,4,10,0
TS,wt_sds_35,0.3,0.75,0.75,0,0,0
TS,wt_sds_35,0.3,0.75,0.75,0,1,0
TS,wt_sds_35,0.3,0.75,0.75,0,2,0
TS,wt_sds_35,0.3,0.75,0.75,0,3,0
TS,wt_sds_35,0.3,0.75,0.75,0,4,0
TS,wt_sds_35,0.3,0.75,0.75,0,5,0
TS,wt_sds_35,0.3,0.75,0.75,0,6,0
TS,wt_sds_35,0.3,0.75,0.75,0,7,0
TS,wt_sds_35,0.3,0.75,0.75,0,8,0
TS,wt_sds_35,0.3,0.75,0.75,0,9,0
TS,wt_sds_35,0.3,0.75,0.75,0,10,0
TS,wt_sds_35,0.3,0.75,0.75,1,0,0
TS,wt_sds_35,0.3,0.75,0.75,1,1,0
TS,wt_sds_35,0.3,0.75,0.75,1,2,0
TS,wt_sds_35,0.3,0.75,0.75,1,3,0
TS,wt_sds_35,0.3,0.75,0.75,1,4,0
TS,wt_sds_35,0.3,0.75,0.75,1,5,0
TS,wt_sds_35,0.3,0.75,0.75,1,6,0
TS,wt_sds_35,0.3,0.75,0.75,1,7,0
TS,wt_sds_35,0.3,0.75,0.75,1,8,0
TS,wt_sds_35,0.3,0.75,0.75,1,9,0
TS,wt_sds_35,0.3,0.75,0.75,1,10,0
TS,wt_sds_35,0.3,0.75,0.75,2,0,0
TS,wt_sds_35,0.3,0.75,0.75,2,1,0
TS,wt_sds_35,0.3,0.75,0.75,2,2,0
TS,wt_sds_35,0.3,0.75,0.75,2,3,0
TS,wt_sds_35,0.3,0.75,0.75,2,4,0
TS,wt_sds_35,0.3,0.75,0.75,2,5,0
TS,wt_sds_35,0.3,0.75,0.75,2,6,0
TS,wt_sds_35,0.3,0.75,0.75,2,7,0
TS,wt_sds_35,0.3,0.75,0.75,2,8,0
TS,wt_sds_35,0.3,0.75,0.75,2,9,0
TS,wt_sds_35,0.3,0.75,0.75,2,10,0
TS,wt_sds_35,0.3,0.75,0.75,3,0,0
TS,wt_sds_35,0.3,0.75,0.75,3,1,0
TS,wt_sds_35,0.3,0.75,0.75,3,2,0
TS,wt_sds_35,0.3,0.75,0.75,3,3,0
TS,wt_sds_35,0.3,0.75,0.75,3,4,0
TS,wt_sds_35,0.3,0.75,0.75,3,5,0
TS,wt_sds_35,0.3,0.75,0.75,3,6,0
TS,wt_sds_35,0.3,0.75,0.75,3,7,0
TS,wt_sds_35,0.3,0.75,0.75,3,8,0
TS,wt_sds_35,0.3,0.75,0.75,3,9,0
TS,wt_sds_35,0.3,0.75,0.75,3,10,0
TS,wt_sds_35,0.3,0.75,0.75,4,0,0
TS,wt_sds_35,0.3,0.75,0.75,4,1,0
TS,wt_sds_35,0.3,0.75,0.75,4,2,0
TS,wt_sds_35,0.3,0.75,0.75,4,3,0
TS,wt_sds_35,0.3,0.75,0.75,4,4,0
TS,wt_sds_35,0.3,0.75,0.75,4,5,0
TS,wt_sds_35,0.3,0.75,0.75,4,6,0
TS,wt_sds_35,0.3,0.75,0.75,4,7,0
TS,wt_sds_35,0.3,0.75,0.75,4,8,0
TS,wt_sds_35,0.3,0.75,0.75,4,9,0
TS,wt_sds_35,0.3,0.75,0.75,4,10,0
TS,wt_sds_81,0.9,0.25,0.25,0,0,404367
TS,wt_sds_81,0.9,0.25,0.25,0,1,404274
TS,wt_sds_81,0.9,0.25,0.25,0,2,404247
TS,wt_sds_81,0.9,0.25,0.25,0,3,404073
TS,wt_sds_81,0.9,0.25,0.25,0,4,404073
TS,wt_sds_81,0.9,0.25,0.25,0,5,404073
TS,wt_sds_81,0.9,0.25,0.25,0,6,404073
TS,wt_sds_81,0.9,0.25,0.25,0,7,404073
TS,wt_sds_81,0.9,0.25,0.25,0,8,404073
TS,wt_sds_81,0.9,0.25,0.25,0,9,404073
TS,wt_sds_81,0.9,0.25,0.25,0,10,404073
TS,wt_sds_81,0.9,0.25,0.25,1,0,404367
TS,wt_sds_81,0.9,0.25,0.25,1,1,404250
TS,wt_sds_81,0.9,0.25,0.25,1,2,404250
TS,wt_sds_81,0.9,0.25,0.25,1,3,404247
TS,wt_sds_81,0.9,0.25,0.25,1,4,404247
TS,wt_sds_81,0.9,0.25,0.25,1,5,404073
TS,wt_sds_81,0.9,0.25,0.25,1,6,404073
TS,wt_sds_81,0.9,0.25,0.25,1,7,404070
TS,wt_sds_81,0.9,0.25,0.25,1,8,404070
TS,wt_sds_81,0.9,0.25,0.25,1,9,404070
TS,wt_sds_81,0.9,0.25,0.25,1,10,404070
TS,wt_sds_81,0.9,0.25,0.25,2,0,404367
TS,wt_sds_81,0.9,0.25,0.25,2,1,404274
TS,wt_sds_81,0.9,0.25,0.25,2,2,404073
TS,wt_sds_81,0.9,0.25,0.25,2,3,404073
TS,wt_sds_81,0.9,0.25,0.25,2,4,404073
TS,wt_sds_81,0.9,0.25,0.25,2,5,404073
TS,wt_sds_81,0.9,0.25,0.25,2,6,404073
TS,wt_sds_81,0.9,0.25,0.25,2,7,404073
TS,wt_sds_81,0.9,0.25,0.25,2,8,404073
TS,wt_sds_81,0.9,0.25,0.25,2,9,404073
TS,wt_sds_81,0.9,0.25,0.25,2,10,404073
TS,wt_sds_81,0.9,0.25,0.25,3,0,404367
TS,wt_sds_81,0.9,0.25,0.25,3,1,404274
TS,wt_sds_81,0.9,0.25,0.25,3,2,404112
TS,wt_sds_81,0.9,0.25,0.25,3,3,404073
TS,wt_sds_81,0.9,0.25,0.25,3,4,404073
TS,wt_sds_81,0.9,0.25,0.25,3,5,404073
TS,wt_sds_81,0.9,0.25,0.25,3,6,404073
TS,wt_sds_81,0.9,0.25,0.25,3,7,403902
TS,wt_sds_81,0.9,0.25,0.25,3,8,403902
TS,wt_sds_81,0.9,0.25,0.25,3,9,403902
TS,wt_sds_81,0.9,0.25,0.25,3,10,403902
TS,wt_sds_81,0.9,0.25,0.25,4,0,404367
TS,wt_sds_81,0.9,0.25,0.25,4,1,404073
TS,wt_sds_81,0.9,0.25,0.25,4,2,404073
TS,wt_sds_81,0.9,0.25,0.25,4,3,404070
TS,wt_sds_81,0.9,0.25,0.25,4,4,404070
TS,wt_sds_81,0.9,0.25,0.25,4,5,404070
TS,wt_sds_81,0.9,0.25,0.25,4,6,404070
TS,wt_sds_81,0.9,0.25,0.25,4,7,404070
TS,wt_sds_81,0.9,0.25,0.25,4,8,404070
TS,wt_sds_81,0.9,0.25,0.25,4,9,404070
TS,wt_sds_81,0.9,0.25,0.25,4,10,404070
TS,wt_sds_82,0.9,0.25,0.25,0,0,429017
TS,wt_sds_82,0.9,0.25,0.25,0,1,426312
TS,wt_sds_82,0.9,0.25,0.25,0,2,426312
TS,wt_sds_82,0.9,0.25,0.25,0,3,426312
TS,wt_sds_82,0.9,0.25,0.25,0,4,426312
TS,wt_sds_82,0.9,0.25,0.25,0,5,426312
TS,wt_sds_82,0.9,0.25,0.25,0,6,425891
TS,wt_sds_82,0.9,0.25,0.25,0,7,425891
TS,wt_sds_82,0.9,0.25,0.25,0,8,425891
TS,wt_sds_82,0.9,0.25,0.25,0,9,425891
TS,wt_sds_82,0.9,0.25,0.25,0,10,425891
TS,wt_sds_82,0.9,0.25,0.25,1,0,429017
TS,wt_sds_82,0.9,0.25,0.25,1,1,426446
TS,wt_sds_82,0.9,0.25,0.25,1,2,426435
TS,wt_sds_82,0.9,0.25,0.25,1,3,426148
TS,wt_sds_82,0.9,0.25,0.25,1,4,426148
TS,wt_sds_82,0.9,0.25,0.25,1,5,424887
TS,wt_sds_82,0.9,0.25,0.25,1,6,424887
TS,wt_sds_82,0.9,0.25,0.25,1,7,424887
TS,wt_sds_82,0.9,0.25,0.25,1,8,424887
TS,wt_sds_82,0.9,0.25,0.25,1,9,424887
TS,wt_sds_82,0.9,0.25,0.25,1,10,424667
TS,wt_sds_82,0.9,0.25,0.25,2,0,429017
TS,wt_sds_82,0.9,0.25,0.25,2,1,427053
TS,wt_sds_82,0.9,0.25,0.25,2,2,427053
TS,wt_sds_82,0.9,0.25,0.25,2,3,426046
TS,wt_sds_82,0.9,0.25,0.25,2,4,426046
TS,wt_sds_82,0.9,0.25,0.25,2,5,426046
TS,wt_sds_82,0.9,0.25,0.25,2,6,426046
TS,wt_sds_82,0.9,0.25,0.25,2,7,426046
TS,wt_sds_82,0.9,0.25,0.25,2,8,426046
TS,wt_sds_82,0.9,0.25,0.25,2,9,426046
TS,wt_sds_82,0.9,0.25,0.25,2,10,426046
TS,wt_sds_82,0.9,0.25,0.25,3,0,429017
TS,wt_sds_82,0.9,0.25,0.25,3,1,425225
TS,wt_sds_82,0.9,0.25,0.25,3,2,425108
TS,wt_sds_82,0.9,0.25,0.25,3,3,425108
TS,wt_sds_82,0.9,0.25,0.25,3,4,425108
TS,wt_sds_82,0.9,0.25,0.25,3,5,425108
TS,wt_sds_82,0.9,0.25,0.25,3,6,425108
TS,wt_sds_82,0.9,0.25,0.25,3,7,425108
TS,wt_sds_82,0.9,0.25,0.25,3,8,425108
TS,wt_sds_82,0.9,0.25,0.25,3,9,425108
TS,wt_sds_82,0.9,0.25,0.25,3,10,425108
TS,wt_sds_82,0.9,0.25,0.25,4,0,429017
TS,wt_sds_82,0.9,0.25,0.25,4,1,427187
TS,wt_sds_82,0.9,0.25,0.25,4,2,427187
TS,wt_sds_82,0.9,0.25,0.25,4,3,427187
TS,wt_sds_82,0.9,0.25,0.25,4,4,427187
TS,wt_sds_82,0.9,0.25,0.25,4,5,426567
TS,wt_sds_82,0.9,0.25,0.25,4,6,426449
TS,wt_sds_82,0.9,0.25,0.25,4,7,426449
TS,wt_sds_82,0.9,0.25,0.25,4,8,426449
TS,wt_sds_82,0.9,0.25,0.25,4,9,426449
TS,wt_sds_82,0.9,0.25,0.25,4,10,426218
TS,wt_sds_83,0.9,0.25,0.25,0,0,480103
TS,wt_sds_83,0.9,0.25,0.25,0,1,480025
TS,wt_sds_83,0.9,0.25,0.25,0,2,480025
TS,wt_sds_83,0.9,0.25,0.25,0,3,479960
TS,wt_sds_83,0.9,0.25,0.25,0,4,479855
TS,wt_sds_83,0.9,0.25,0.25,0,5,479855
TS,wt_sds_83,0.9,0.25,0.25,0,6,479798
TS,wt_sds_83,0.9,0.25,0.25,0,7,479798
TS,wt_sds_83,0.9,0.25,0.25,0,8,479798
TS,wt_sds_83,0.9,0.25,0.25,0,9,479798
TS,wt_sds_83,0.9,0.25,0.25,0,10,479798
TS,wt_sds_83,0.9,0.25,0.25,1,0,480103
TS,wt_sds_83,0.9,0.25,0.25,1,1,479926
TS,wt_sds_83,0.9,0.25,0.25,1,2,479926
TS,wt_sds_83,0.9,0.25,0.25,1,3,479926
TS,wt_sds_83,0.9,0.25,0.25,1,4,479926
TS,wt_sds_83,0.9,0.25,0.25,1,5,479926
TS,wt_sds_83,0.9,0.25,0.25,1,6,479926
TS,wt_sds_83,0.9,0.25,0.25,1,7,479926
TS,wt_sds_83,0.9,0.25,0.25,1,8,479926
TS,wt_sds_83,0.9,0.25,0.25,1,9,479877
TS,wt_sds_83,0.9,0.25,0.25,1,10,479812
TS,wt_sds_83,0.9,0.25,0.25,2,0,480103
TS,wt_sds_83,0.9,0.25,0.25,2,1,479926
TS,wt_sds_83,0.9,0.25,0.25,2,2,479907
TS,wt_sds_83,0.9,0.25,0.25,2,3,479798
TS,wt_sds_83,0.9,0.25,0.25,2,4,479798
TS,wt_sds_83,0.9,0.25,0.25,2,5,479798
TS,wt_sds_83,0.9,0.25,0.25,2,6,479798
TS,wt_sds_83,0.9,0.25,0.25,2,7,479798
TS,wt_sds_83,0.9,0.25,0.25,2,8,479798
TS,wt_sds_83,0.9,0.25,0.25,2,9,479798
TS,wt_sds_83,0.9,0.25,0.25,2,10,479798
TS,wt_sds_83,0.9,0.25,0.25,3,0,480103
TS,wt_sds_83,0.9,0.25,0.25,3,1,480026
TS,wt_sds_83,0.9,0.25,0.25,3,2,480001
TS,wt_sds_83,0.9,0.25,0.25,3,3,479940
TS,wt_sds_83,0.9,0.25,0.25,3,4,479855
TS,wt_sds_83,0.9,0.25,0.25,3,5,479855
TS,wt_sds_83,0.9,0.25,0.25,3,6,479855
TS,wt_sds_83,0.9,0.25,0.25,3,7,479812
TS,wt_sds_83,0.9,0.25,0.25,3,8,479812
TS,wt_sds_83,0.9,0.25,0.25,3,9,479812
TS,wt_sds_83,0.9,0.25,0.25,3,10,479812
TS,wt_sds_83,0.9,0.25,0.25,4,0,480103
TS,wt_sds_83,0.9,0.25,0.25,4,1,479912
TS,wt_sds_83,0.9,0.25,0.25,4,2,479912
TS,wt_sds_83,0.9,0.25,0.25,4,3,479912
TS,wt_sds_83,0.9,0.25,0.25,4,4,479912
TS,wt_sds_83,0.9,0.25,0.25,4,5,479912
TS,wt_sds_83,0.9,0.25,0.25,4,6,479912
TS,wt_sds_83,0.9,0.25,0.25,4,7,479912
TS,wt_sds_83,0.9,0.25,0.25,4,8,479912
TS,wt_sds_83,0.9,0.25,0.25,4,9,479912
TS,wt_sds_83,0.9,0.25,0.25,4,10,479912
TS,wt_sds_84,0.9,0.25,0.25,0,0,340970
TS,wt_sds_84,0.9,0.25,0.25,0,1,340595
TS,wt_sds_84,0.9,0.25,0.25,0,2,340595
TS,wt_sds_84,0.9,0.25,0.25,0,3,340595
TS,wt_sds_84,0.9,0.25,0.25,0,4,340595
TS,wt_sds_84,0.9,0.25,0.25,0,5,340595
TS,wt_sds_84,0.9,0.25,0.25,0,6,340595
TS,wt_sds_84,0.9,0.25,0.25,0,7,340595
TS,wt_sds_84,0.9,0.25,0.25,0,8,340595
TS,wt_sds_84,0.9,0.25,0.25,0,9,340595
TS,wt_sds_84,0.9,0.25,0.25,0,10,340595
TS,wt_sds_84,0.9,0.25,0.25,1,0,340970
TS,wt_sds_84,0.9,0.25,0.25,1,1,340595
TS,wt_sds_84,0.9,0.25,0.25,1,2,340581
TS,wt_sds_84,0.9,0.25,0.25,1,3,340581
TS,wt_sds_84,0.9,0.25,0.25,1,4,340581
TS,wt_sds_84,0.9,0.25,0.25,1,5,340581
TS,wt_sds_84,0.9,0.25,0.25,1,6,340581
TS,wt_sds_84,0.9,0.25,0.25,1,7,340581
TS,wt_sds_84,0.9,0.25,0.25,1,8,340581
TS,wt_sds_84,0.9,0.25,0.25,1,9,340581
TS,wt_sds_84,0.9,0.25,0.25,1,10,340581
TS,wt_sds_84,0.9,0.25,0.25,2,0,340970
TS,wt_sds_84,0.9,0.25,0.25,2,1,340595
TS,wt_sds_84,0.9,0.25,0.25,2,2,340581
TS,wt_sds_84,0.9,0.25,0.25,2,3,340581
TS,wt_sds_84,0.9,0.25,0.25,2,4,340581
TS,wt_sds_84,0.9,0.25,0.25,2,5,340581
TS,wt_sds_84,0.9,0.25,0.25,2,6,340580
TS,wt_sds_84,0.9,0.25,0.25,2,7,340580
TS,wt_sds_84,0.9,0.25,0.25,2,8,340580
TS,wt_sds_84,0.9,0.25,0.25,2,9,340580
TS,wt_sds_84,0.9,0.25,0.25,2,10,340580
TS,wt_sds_84,0.9,0.25,0.25,3,0,340970
TS,wt_sds_84,0.9,0.25,0.25,3,1,340580
TS,wt_sds_84,0.9,0.25,0.25,3,2,340580
TS,wt_sds_84,0.9,0.25,0.25,3,3,340580
TS,wt_sds_84,0.9,0.25,0.25,3,4,340580
TS,wt_sds_84,0.9,0.25,0.25,3,5,340580
TS,wt_sds_84,0.9,0.25,0.25,3,6,340580
TS,wt_sds_84,0.9,0.25,0.25,3,7,340580
TS,wt_sds_84,0.9,0.25,0.25,3,8,340580
TS,wt_sds_84,0.9,0.25,0.25,3,9,340580
TS,wt_sds_84,0.9,0.25,0.25,3,10,340580
TS,wt_sds_84,0.9,0.25,0.25,4,0,340970
TS,wt_sds_84,0.9,0.25,0.25,4,1,340581
TS,wt_sds_84,0.9,0.25,0.25,4,2,340580
TS,wt_sds_84,0.9,0.25,0.25,4,3,340580
TS,wt_sds_84,0.9,0.25,0.25,4,4,340580
TS,wt_sds_84,0.9,0.25,0.25,4,5,340580
TS,wt_sds_84,0.9,0.25,0.25,4,6,340580
TS,wt_sds_84,0.9,0.25,0.25,4,7,340580
TS,wt_sds_84,0.9,0.25,0.25,4,8,340580
TS,wt_sds_84,0.9,0.25,0.25,4,9,340580
TS,wt_sds_84,0.9,0.25,0.25,4,10,340580
TS,wt_sds_85,0.9,0.25,0.25,0,0,574751
TS,wt_sds_85,0.9,0.25,0.25,0,1,573430
TS,wt_sds_85,0.9,0.25,0.25,0,2,573430
TS,wt_sds_85,0.9,0.25,0.25,0,3,573395
TS,wt_sds_85,0.9,0.25,0.25,0,4,573319
TS,wt_sds_85,0.9,0.25,0.25,0,5,573196
TS,wt_sds_85,0.9,0.25,0.25,0,6,573196
TS,wt_sds_85,0.9,0.25,0.25,0,7,573196
TS,wt_sds_85,0.9,0.25,0.25,0,8,573196
TS,wt_sds_85,0.9,0.25,0.25,0,9,573196
TS,wt_sds_85,0.9,0.25,0.25,0,10,573196
TS,wt_sds_85,0.9,0.25,0.25,1,0,574751
TS,wt_sds_85,0.9,0.25,0.25,1,1,574182
TS,wt_sds_85,0.9,0.25,0.25,1,2,573522
TS,wt_sds_85,0.9,0.25,0.25,1,3,573281
TS,wt_sds_85,0.9,0.25,0.25,1,4,573281
TS,wt_sds_85,0.9,0.25,0.25,1,5,573281
TS,wt_sds_85,0.9,0.25,0.25,1,6,573281
TS,wt_sds_85,0.9,0.25,0.25,1,7,573281
TS,wt_sds_85,0.9,0.25,0.25,1,8,573281
TS,wt_sds_85,0.9,0.25,0.25,1,9,573281
TS,wt_sds_85,0.9,0.25,0.25,1,10,573213
TS,wt_sds_85,0.9,0.25,0.25,2,0,574751
TS,wt_sds_85,0.9,0.25,0.25,2,1,573332
TS,wt_sds_85,0.9,0.25,0.25,2,2,573332
TS,wt_sds_85,0.9,0.25,0.25,2,3,573332
TS,wt_sds_85,0.9,0.25,0.25,2,4,573332
TS,wt_sds_85,0.9,0.25,0.25,2,5,573291
TS,wt_sds_85,0.9,0.25,0.25,2,6,573291
TS,wt_sds_85,0.9,0.25,0.25,2,7,573291
TS,wt_sds_85,0.9,0.25,0.25,2,8,573291
TS,wt_sds_85,0.9,0.25,0.25,2,9,573291
TS,wt_sds_85,0.9,0.25,0.25,2,10,573291
TS,wt_sds_85,0.9,0.25,0.25,3,0,574751
TS,wt_sds_85,0.9,0.25,0.25,3,1,573477
TS,wt_sds_85,0.9,0.25,0.25,3,2,573477
TS,wt_sds_85,0.9,0.25,0.25,3,3,573477
TS,wt_sds_85,0.9,0.25,0.25,3,4,573395
TS,wt_sds_85,0.9,0.25,0.25,3,5,573395
TS,wt_sds_85,0.9,0.25,0.25,3,6,573364
TS,wt_sds_85,0.9,0.25,0.25,3,7,573364
TS,wt_sds_85,0.9,0.25,0.25,3,8,573291
TS,wt_sds_85,0.9,0.25,0.25,3,9,573205
TS,wt_sds_85,0.9,0.25,0.25,3,10,573198
TS,wt_sds_85,0.9,0.25,0.25,4,0,574751
TS,wt_sds_85,0.9,0.25,0.25,4,1,573269
TS,wt_sds_85,0.9,0.25,0.25,4,2,573223
TS,wt_sds_85,0.9,0.25,0.25,4,3,573198
TS,wt_sds_85,0.9,0.25,0.25,4,4,573198
TS,wt_sds_85,0.9,0.25,0.25,4,5,573198
TS,wt_sds_85,0.9,0.25,0.25,4,6,573198
TS,wt_sds_85,0.9,0.25,0.25,4,7,573198
TS,wt_sds_85,0.9,0.25,0.25,4,8,573198
TS,wt_sds_85,0.9,0.25,0.25,4,9,573198
TS,wt_sds_85,0.9,0.25,0.25,4,10,573198
TS,wt_sds_91,0.9,0.25,0.75,0,0,356272
TS,wt_sds_91,0.9,0.25,0.75,0,1,356272
TS,wt_sds_91,0.9,0.25,0.75,0,2,356272
TS,wt_sds_91,0.9,0.25,0.75,0,3,355812
TS,wt_sds_91,0.9,0.25,0.75,0,4,355812
TS,wt_sds_91,0.9,0.25,0.75,0,5,355812
TS,wt_sds_91,0.9,0.25,0.75,0,6,355812
TS,wt_sds_91,0.9,0.25,0.75,0,7,355812
TS,wt_sds_91,0.9,0.25,0.75,0,8,355812
TS,wt_sds_91,0.9,0.25,0.75,0,9,355812
TS,wt_sds_91,0.9,0.25,0.75,0,10,355812
TS,wt_sds_91,0.9,0.25,0.75,1,0,356272
TS,wt_sds_91,0.9,0.25,0.75,1,1,356086
TS,wt_sds_91,0.9,0.25,0.75,1,2,355817
TS,wt_sds_91,0.9,0.25,0.75,1,3,355817
TS,wt_sds_91,0.9,0.25,0.75,1,4,355729
TS,wt_sds_91,0.9,0.25,0.75,1,5,355729
TS,wt_sds_91,0.9,0.25,0.75,1,6,355729
TS,wt_sds_91,0.9,0.25,0.75,1,7,355729
TS,wt_sds_91,0.9,0.25,0.75,1,8,355729
TS,wt_sds_91,0.9,0.25,0.75,1,9,355729
TS,wt_sds_91,0.9,0.25,0.75,1,10,355729
TS,wt_sds_91,0.9,0.25,0.75,2,0,356272
TS,wt_sds_91,0.9,0.25,0.75,2,1,356272
TS,wt_sds_91,0.9,0.25,0.75,2,2,355812
TS,wt_sds_91,0.9,0.25,0.75,2,3,355812
TS,wt_sds_91,0.9,0.25,0.75,2,4,355812
TS,wt_sds_91,0.9,0.25,0.75,2,5,355812
TS,wt_sds_91,0.9,0.25,0.75,2,6,355812
TS,wt_sds_91,0.9,0.25,0.75,2,7,355812
TS,wt_sds_91,0.9,0.25,0.75,2,8,355812
TS,wt_sds_91,0.9,0.25,0.75,2,9,355812
TS,wt_sds_91,0.9,0.25,0.75,2,10,355812
TS,wt_sds_91,0.9,0.25,0.75,3,0,356272
TS,wt_sds_91,0.9,0.25,0.75,3,1,356272
TS,wt_sds_91,0.9,0.25,0.75,3,2,356143
TS,wt_sds_91,0.9,0.25,0.75,3,3,356143
TS,wt_sds_91,0.9,0.25,0.75,3,4,355874
TS,wt_sds_91,0.9,0.25,0.75,3,5,355812
TS,wt_sds_91,0.9,0.25,0.75,3,6,355812
TS,wt_sds_91,0.9,0.25,0.75,3,7,355729
TS,wt_sds_91,0.9,0.25,0.75,3,8,355729
TS,wt_sds_91,0.9,0.25,0.75,3,9,355729
TS,wt_sds_91,0.9,0.25,0.75,3,10,355729
TS,wt_sds_91,0.9,0.25,0.75,4,0,356272
TS,wt_sds_91,0.9,0.25,0.75,4,1,356229
TS,wt_sds_91,0.9,0.25,0.75,4,2,356229
TS,wt_sds_91,0.9,0.25,0.75,4,3,355817
TS,wt_sds_91,0.9,0.25,0.75,4,4,355812
TS,wt_sds_91,0.9,0.25,0.75,4,5,355729
TS,wt_sds_91,0.9,0.25,0.75,4,6,355729
TS,wt_sds_91,0.9,0.25,0.75,4,7,355729
TS,wt_sds_91,0.9,0.25,0.75,4,8,355729
TS,wt_sds_91,0.9,0.25,0.75,4,9,355729
TS,wt_sds_91,0.9,0.25,0.75,4,10,355729
TS,wt_sds_92,0.9,0.25,0.75,0,0,390582
TS,wt_sds_92,0.9,0.25,0.75,0,1,390582
TS,wt_sds_92,0.9,0.25,0.75,0,2,390582
TS,wt_sds_92,0.9,0.25,0.75,0,3,390582
TS,wt_sds_92,0.9,0.25,0.75,0,4,390582
TS,wt_sds_92,0.9,0.25,0.75,0,5,390582
TS,wt_sds_92,0.9,0.25,0.75,0,6,390582
TS,wt_sds_92,0.9,0.25,0.75,0,7,390582
TS,wt_sds_92,0.9,0.25,0.75,0,8,390582
TS,wt_sds_92,0.9,0.25,0.75,0,9,390582
TS,wt_sds_92,0.9,0.25,0.75,0,10,390582
TS,wt_sds_92,0.9,0.25,0.75,1,0,390582
TS,wt_sds_92,0.9,0.25,0.75,1,1,390582
TS,wt_sds_92,0.9,0.25,0.75,1,2,390582
TS,wt_sds_92,0.9,0.25,0.75,1,3,390582
TS,wt_sds_92,0.9,0.25,0.75,1,4,390582
TS,wt_sds_92,0.9,0.25,0.75,1,5,390582
TS,wt_sds_92,0.9,0.25,0.75,1,6,390582
TS,wt_sds_92,0.9,0.25,0.75,1,7,390582
TS,wt_sds_92,0.9,0.25,0.75,1,8,390582
TS,wt_sds_92,0.9,0.25,0.75,1,9,390582
TS,wt_sds_92,0.9,0.25,0.75,1,10,390582
TS,wt_sds_92,0.9,0.25,0.75,2,0,390582
TS,wt_sds_92,0.9,0.25,0.75,2,1,390582
TS,wt_sds_92,0.9,0.25,0.75,2,2,390582
TS,wt_sds_92,0.9,0.25,0.75,2,3,390582
TS,wt_sds_92,0.9,0.25,0.75,2,4,390582
TS,wt_sds_92,0.9,0.25,0.75,2,5,390582
TS,wt_sds_92,0.9,0.25,0.75,2,6,390582
TS,wt_sds_92,0.9,0.25,0.75,2,7,390582
TS,wt_sds_92,0.9,0.25,0.75,2,8,390582
TS,wt_sds_92,0.9,0.25,0.75,2,9,390582
TS,wt_sds_92,0.9,0.25,0.75,2,10,390582
TS,wt_sds_92,0.9,0.25,0.75,3,0,390582
TS,wt_sds_92,0.9,0.25,0.75,3,1,390582
TS,wt_sds_92,0.9,0.25,0.75,3,2,390582
TS,wt_sds_92,0.9,0.25,0.75,3,3,390582
TS,wt_sds_92,0.9,0.25,0.75,3,4,390582
TS,wt_sds_92,0.9,0.25,0.75,3,5,390582
TS,wt_sds_92,0.9,0.25,0.75,3,6,390582
TS,wt_sds_92,0.9,0.25,0.75,3,7,390582
TS,wt_sds_92,0.9,0.25,0.75,3,8,390582
TS,wt_sds_92,0.9,0.25,0.75,3,9,390582
TS,wt_sds_92,0.9,0.25,0.75,3,10,390582
TS,wt_sds_92,0.9,0.25,0.75,4,0,390582
TS,wt_sds_92,0.9,0.25,0.75,4,1,390582
TS,wt_sds_92,0.9,0.25,0.75,4,2,390511
TS,wt_sds_92,0.9,0.25,0.75,4,3,390511
TS,wt_sds_92,0.9,0.25,0.75,4,4,390511
TS,wt_sds_92,0.9,0.25,0.75,4,5,390511
TS,wt_sds_92,0.9,0.25,0.75,4,6,390511
TS,wt_sds_92,0.9,0.25,0.75,4,7,390511
TS,wt_sds_92,0.9,0.25,0.75,4,8,390511
TS,wt_sds_92,0.9,0.25,0.75,4,9,390511
TS,wt_sds_92,0.9,0.25,0.75,4,10,390511
TS,wt_sds_93,0.9,0.25,0.75,0,0,431927
TS,wt_sds_93,0.9,0.25,0.75,0,1,431927
TS,wt_sds_93,0.9,0.25,0.75,0,2,431735
TS,wt_sds_93,0.9,0.25,0.75,0,3,431636
TS,wt_sds_93,0.9,0.25,0.75,0,4,431636
TS,wt_sds_93,0.9,0.25,0.75,0,5,431636
TS,wt_sds_93,0.9,0.25,0.75,0,6,431636
TS,wt_sds_93,0.9,0.25,0.75,0,7,431636
TS,wt_sds_93,0.9,0.25,0.75,0,8,431265
TS,wt_sds_93,0.9,0.25,0.75,0,9,431265
TS,wt_sds_93,0.9,0.25,0.75,0,10,431265
TS,wt_sds_93,0.9,0.25,0.75,1,0,431927
TS,wt_sds_93,0.9,0.25,0.75,1,1,431586
TS,wt_sds_93,0.9,0.25,0.75,1,2,431586
TS,wt_sds_93,0.9,0.25,0.75,1,3,431586
TS,wt_sds_93,0.9,0.25,0.75,1,4,431586
TS,wt_sds_93,0.9,0.25,0.75,1,5,431586
TS,wt_sds_93,0.9,0.25,0.75,1,6,431586
TS,wt_sds_93,0.9,0.25,0.75,1,7,431537
TS,wt_sds_93,0.9,0.25,0.75,1,8,431537
TS,wt_sds_93,0.9,0.25,0.75,1,9,431537
TS,wt_sds_93,0.9,0.25,0.75,1,10,431537
TS,wt_sds_93,0.9,0.25,0.75,2,0,431927
TS,wt_sds_93,0.9,0.25,0.75,2,1,431586
TS,wt_sds_93,0.9,0.25,0.75,2,2,430287
TS,wt_sds_93,0.9,0.25,0.75,2,3,430287
TS,wt_sds_93,0.9,0.25,0.75,2,4,430287
TS,wt_sds_93,0.9,0.25,0.75,2,5,430287
TS,wt_sds_93,0.9,0.25,0.75,2,6,430287
TS,wt_sds_93,0.9,0.25,0.75,2,7,430287
TS,wt_sds_93,0.9,0.25,0.75,2,8,430287
TS,wt_sds_93,0.9,0.25,0.75,2,9,430287
TS,wt_sds_93,0.9,0.25,0.75,2,10,430287
TS,wt_sds_93,0.9,0.25,0.75,3,0,431927
TS,wt_sds_93,0.9,0.25,0.75,3,1,431586
TS,wt_sds_93,0.9,0.25,0.75,3,2,431537
TS,wt_sds_93,0.9,0.25,0.75,3,3,431537
TS,wt_sds_93,0.9,0.25,0.75,3,4,431537
TS,wt_sds_93,0.9,0.25,0.75,3,5,430567
TS,wt_sds_93,0.9,0.25,0.75,3,6,430133
TS,wt_sds_93,0.9,0.25,0.75,3,7,429961
TS,wt_sds_93,0.9,0.25,0.75,3,8,429961
TS,wt_sds_93,0.9,0.25,0.75,3,9,429961
TS,wt_sds_93,0.9,0.25,0.75,3,10,429961
TS,wt_sds_93,0.9,0.25,0.75,4,0,431927
TS,wt_sds_93,0.9,0.25,0.75,4,1,431586
TS,wt_sds_93,0.9,0.25,0.75,4,2,431586
TS,wt_sds_93,0.9,0.25,0.75,4,3,431586
TS,wt_sds_93,0.9,0.25,0.75,4,4,431586
TS,wt_sds_93,0.9,0.25,0.75,4,5,431586
TS,wt_sds_93,0.9,0.25,0.75,4,6,431586
TS,wt_sds_93,0.9,0.25,0.75,4,7,431586
TS,wt_sds_93,0.9,0.25,0.75,4,8,431586
TS,wt_sds_93,0.9,0.25,0.75,4,9,431586
TS,wt_sds_93,0.9,0.25,0.75,4,10,431586
TS,wt_sds_94,0.9,0.25,0.75,0,0,357721
TS,wt_sds_94,0.9,0.25,0.75,0,1,357538
TS,wt_sds_94,0.9,0.25,0.75,0,2,357538
TS,wt_sds_94,0.9,0.25,0.75,0,3,357538
TS,wt_sds_94,0.9,0.25,0.75,0,4,357538
TS,wt_sds_94,0.9,0.25,0.75,0,5,357538
TS,wt_sds_94,0.9,0.25,0.75,0,6,357538
TS,wt_sds_94,0.9,0.25,0.75,0,7,357538
TS,wt_sds_94,0.9,0.25,0.75,0,8,357538
TS,wt_sds_94,0.9,0.25,0.75,0,9,357538
TS,wt_sds_94,0.9,0.25,0.75,0,10,357538
TS,wt_sds_94,0.9,0.25,0.75,1,0,357721
TS,wt_sds_94,0.9,0.25,0.75,1,1,357213
TS,wt_sds_94,0.9,0.25,0.75,1,2,357213
TS,wt_sds_94,0.9,0.25,0.75,1,3,357213
TS,wt_sds_94,0.9,0.25,0.75,1,4,357213
TS,wt_sds_94,0.9,0.25,0.75,1,5,357213
TS,wt_sds_94,0.9,0.25,0.75,1,6,357213
TS,wt_sds_94,0.9,0.25,0.75,1,7,357213
TS,wt_sds_94,0.9,0.25,0.75,1,8,357213
TS,wt_sds_94,0.9,0.25,0.75,1,9,357213
TS,wt_sds_94,0.9,0.25,0.75,1,10,357213
TS,wt_sds_94,0.9,0.25,0.75,2,0,357721
TS,wt_sds_94,0.9,0.25,0.75,2,1,357538
TS,wt_sds_94,0.9,0.25,0.75,2,2,357538
TS,wt_sds_94,0.9,0.25,0.75,2,3,357538
TS,wt_sds_94,0.9,0.25,0.75,2,4,357538
TS,wt_sds_94,0.9,0.25,0.75,2,5,357538
TS,wt_sds_94,0.9,0.25,0.75,2,6,357538
TS,wt_sds_94,0.9,0.25,0.75,2,7,357538
TS,wt_sds_94,0.9,0.25,0.75,2,8,357538
TS,wt_sds_94,0.9,0.25,0.75,2,9,357538
TS,wt_sds_94,0.9,0.25,0.75,2,10,357538
TS,wt_sds_94,0.9,0.25,0.75,3,0,357721
TS,wt_sds_94,0.9,0.25,0.75,3,1,357538
TS,wt_sds_94,0.9,0.25,0.75,3,2,357538
TS,wt_sds_94,0.9,0.25,0.75,3,3,357538
TS,wt_sds_94,0.9,0.25,0.75,3,4,357538
TS,wt_sds_94,0.9,0.25,0.75,3,5,357538
TS,wt_sds_94,0.9,0.25,0.75,3,6,357213
TS,wt_sds_94,0.9,0.25,0.75,3,7,357213
TS,wt_sds_94,0.9,0.25,0.75,3,8,357213
TS,wt_sds_94,0.9,0.25,0.75,3,9,357213
TS,wt_sds_94,0.9,0.25,0.75,3,10,357213
TS,wt_sds_94,0.9,0.25,0.75,4,0,357721
TS,wt_sds_94,0.9,0.25,0.75,4,1,357538
TS,wt_sds_94,0.9,0.25,0.75,4,2,357538
TS,wt_sds_94,0.9,0.25,0.75,4,3,357069
TS,wt_sds_94,0.9,0.25,0.75,4,4,357069
TS,wt_sds_94,0.9,0.25,0.75,4,5,357069
TS,wt_sds_94,0.9,0.25,0.75,4,6,357069
TS,wt_sds_94,0.9,0.25,0.75,4,7,357069
TS,wt_sds_94,0.9,0.25,0.75,4,8,357069
TS,wt_sds_94,0.9,0.25,0.75,4,9,357069
TS,wt_sds_94,0.9,0.25,0.75,4,10,357069
TS,wt_sds_95,0.9,0.25,0.75,0,0,569806
TS,wt_sds_95,0.9,0.25,0.75,0,1,567796
TS,wt_sds_95,0.9,0.25,0.75,0,2,567019
TS,wt_sds_95,0.9,0.25,0.75,0,3,567019
TS,wt_sds_95,0.9,0.25,0.75,0,4,567019
TS,wt_sds_95,0.9,0.25,0.75,0,5,567019
TS,wt_sds_95,0.9,0.25,0.75,0,6,567019
TS,wt_sds_95,0.9,0.25,0.75,0,7,567019
TS,wt_sds_95,0.9,0.25,0.75,0,8,567019
TS,wt_sds_95,0.9,0.25,0.75,0,9,567019
TS,wt_sds_95,0.9,0.25,0.75,0,10,567019
TS,wt_sds_95,0.9,0.25,0.75,1,0,569806
TS,wt_sds_95,0.9,0.25,0.75,1,1,567185
TS,wt_sds_95,0.9,0.25,0.75,1,2,567019
TS,wt_sds_95,0.9,0.25,0.75,1,3,567019
TS,wt_sds_95,0.9,0.25,0.75,1,4,567019
TS,wt_sds_95,0.9,0.25,0.75,1,5,567019
TS,wt_sds_95,0.9,0.25,0.75,1,6,567019
TS,wt_sds_95,0.9,0.25,0.75,1,7,567019
TS,wt_sds_95,0.9,0.25,0.75,1,8,567019
TS,wt_sds_95,0.9,0.25,0.75,1,9,567019
TS,wt_sds_95,0.9,0.25,0.75,1,10,567019
TS,wt_sds_95,0.9,0.25,0.75,2,0,569806
TS,wt_sds_95,0.9,0.25,0.75,2,1,567715
TS,wt_sds_95,0.9,0.25,0.75,2,2,567473
TS,wt_sds_95,0.9,0.25,0.75,2,3,567473
TS,wt_sds_95,0.9,0.25,0.75,2,4,567084
TS,wt_sds_95,0.9,0.25,0.75,2,5,567084
TS,wt_sds_95,0.9,0.25,0.75,2,6,567084
TS,wt_sds_95,0.9,0.25,0.75,2,7,567084
TS,wt_sds_95,0.9,0.25,0.75,2,8,567084
TS,wt_sds_95,0.9,0.25,0.75,2,9,567084
TS,wt_sds_95,0.9,0.25,0.75,2,10,567084
TS,wt_sds_95,0.9,0.25,0.75,3,0,569806
TS,wt_sds_95,0.9,0.25,0.75,3,1,567019
TS,wt_sds_95,0.9,0.25,0.75,3,2,567019
TS,wt_sds_95,0.9,0.25,0.75,3,3,567019
TS,wt_sds_95,0.9,0.25,0.75,3,4,567019
TS,wt_sds_95,0.9,0.25,0.75,3,5,567019
TS,wt_sds_95,0.9,0.25,0.75,3,6,567019
TS,wt_sds_95,0.9,0.25,0.75,3,7,566207
TS,wt_sds_95,0.9,0.25,0.75,3,8,566207
TS,wt_sds_95,0.9,0.25,0.75,3,9,566207
TS,wt_sds_95,0.9,0.25,0.75,3,10,566207
TS,wt_sds_95,0.9,0.25,0.75,4,0,569806
TS,wt_sds_95,0.9,0.25,0.75,4,1,567497
TS,wt_sds_95,0.9,0.25,0.75,4,2,567497
TS,wt_sds_95,0.9,0.25,0.75,4,3,567402
TS,wt_sds_95,0.9,0.25,0.75,4,4,567402
TS,wt_sds_95,0.9,0.25,0.75,4,5,567402
TS,wt_sds_95,0.9,0.25,0.75,4,6,567402
TS,wt_sds_95,0.9,0.25,0.75,4,7,567402
TS,wt_sds_95,0.9,0.25,0.75,4,8,567402
TS,wt_sds_95,0.9,0.25,0.75,4,9,567402
TS,wt_sds_95,0.9,0.25,0.75,4,10,567402
TS,wt_sds_101,0.9,0.75,0.25,0,0,362875
TS,wt_sds_101,0.9,0.75,0.25,0,1,360567
TS,wt_sds_101,0.9,0.75,0.25,0,2,360567
TS,wt_sds_101,0.9,0.75,0.25,0,3,360567
TS,wt_sds_101,0.9,0.75,0.25,0,4,360567
TS,wt_sds_101,0.9,0.75,0.25,0,5,360377
TS,wt_sds_101,0.9,0.75,0.25,0,6,359959
TS,wt_sds_101,0.9,0.75,0.25,0,7,359764
TS,wt_sds_101,0.9,0.75,0.25,0,8,359764
TS,wt_sds_101,0.9,0.75,0.25,0,9,359764
TS,wt_sds_101,0.9,0.75,0.25,0,10,359764
TS,wt_sds_101,0.9,0.75,0.25,1,0,362875
TS,wt_sds_101,0.9,0.75,0.25,1,1,360539
TS,wt_sds_101,0.9,0.75,0.25,1,2,360539
TS,wt_sds_101,0.9,0.75,0.25,1,3,360539
TS,wt_sds_101,0.9,0.75,0.25,1,4,360539
TS,wt_sds_101,0.9,0.75,0.25,1,5,360539
TS,wt_sds_101,0.9,0.75,0.25,1,6,360539
TS,wt_sds_101,0.9,0.75,0.25,1,7,360539
TS,wt_sds_101,0.9,0.75,0.25,1,8,360539
TS,wt_sds_101,0.9,0.75,0.25,1,9,360539
TS,wt_sds_101,0.9,0.75,0.25,1,10,360539
TS,wt_sds_101,0.9,0.75,0.25,2,0,362875
TS,wt_sds_101,0.9,0.75,0.25,2,1,360567
TS,wt_sds_101,0.9,0.75,0.25,2,2,360567
TS,wt_sds_101,0.9,0.75,0.25,2,3,360567
TS,wt_sds_101,0.9,0.75,0.25,2,4,360303
TS,wt_sds_101,0.9,0.75,0.25,2,5,360249
TS,wt_sds_101,0.9,0.75,0.25,2,6,360249
TS,wt_sds_101,0.9,0.75,0.25,2,7,360249
TS,wt_sds_101,0.9,0.75,0.25,2,8,360249
TS,wt_sds_101,0.9,0.75,0.25,2,9,360249
TS,wt_sds_101,0.9,0.75,0.25,2,10,360249
TS,wt_sds_101,0.9,0.75,0.25,3,0,362875
TS,wt_sds_101,0.9,0.75,0.25,3,1,360577
TS,wt_sds_101,0.9,0.75,0.25,3,2,360539
TS,wt_sds_101,0.9,0.75,0.25,3,3,359889
TS,wt_sds_101,0.9,0.75,0.25,3,4,359889
TS,wt_sds_101,0.9,0.75,0.25,3,5,359889
TS,wt_sds_101,0.9,0.75,0.25,3,6,359889
TS,wt_sds_101,0.9,0.75,0.25,3,7,359638
TS,wt_sds_101,0.9,0.75,0.25,3,8,359638
TS,wt_sds_101,0.9,0.75,0.25,3,9,359638
TS,wt_sds_101,0.9,0.75,0.25,3,10,359366
TS,wt_sds_101,0.9,0.75,0.25,4,0,362875
TS,wt_sds_101,0.9,0.75,0.25,4,1,360567
TS,wt_sds_101,0.9,0.75,0.25,4,2,360567
TS,wt_sds_101,0.9,0.75,0.25,4,3,360567
TS,wt_sds_101,0.9,0.75,0.25,4,4,360567
TS,wt_sds_101,0.9,0.75,0.25,4,5,360567
TS,wt_sds_101,0.9,0.75,0.25,4,6,360567
TS,wt_sds_101,0.9,0.75,0.25,4,7,360567
TS,wt_sds_101,0.9,0.75,0.25,4,8,360567
TS,wt_sds_101,0.9,0.75,0.25,4,9,360303
TS,wt_sds_101,0.9,0.75,0.25,4,10,360303
TS,wt_sds_102,0.9,0.75,0.25,0,0,498978
TS,wt_sds_102,0.9,0.75,0.25,0,1,498863
TS,wt_sds_102,0.9,0.75,0.25,0,2,498793
TS,wt_sds_102,0.9,0.75,0.25,0,3,498793
TS,wt_sds_102,0.9,0.75,0.25,0,4,498773
TS,wt_sds_102,0.9,0.75,0.25,0,5,498773
TS,wt_sds_102,0.9,0.75,0.25,0,6,498718
TS,wt_sds_102,0.9,0.75,0.25,0,7,498718
TS,wt_sds_102,0.9,0.75,0.25,0,8,498718
TS,wt_sds_102,0.9,0.75,0.25,0,9,498718
TS,wt_sds_102,0.9,0.75,0.25,0,10,498718
TS,wt_sds_102,0.9,0.75,0.25,1,0,498978
TS,wt_sds_102,0.9,0.75,0.25,1,1,498856
TS,wt_sds_102,0.9,0.75,0.25,1,2,498856
TS,wt_sds_102,0.9,0.75,0.25,1,3,498856
TS,wt_sds_102,0.9,0.75,0.25,1,4,498818
TS,wt_sds_102,0.9,0.75,0.25,1,5,498818
TS,wt_sds_102,0.9,0.75,0.25,1,6,498818
TS,wt_sds_102,0.9,0.75,0.25,1,7,498818
TS,wt_sds_102,0.9,0.75,0.25,1,8,498818
TS,wt_sds_102,0.9,0.75,0.25,1,9,498818
TS,wt_sds_102,0.9,0.75,0.25,1,10,498818
TS,wt_sds_102,0.9,0.75,0.25,2,0,498978
TS,wt_sds_102,0.9,0.75,0.25,2,1,498856
TS,wt_sds_102,0.9,0.75,0.25,2,2,498856
TS,wt_sds_102,0.9,0.75,0.25,2,3,498818
TS,wt_sds_102,0.9,0.75,0.25,2,4,498818
TS,wt_sds_102,0.9,0.75,0.25,2,5,498793
TS,wt_sds_102,0.9,0.75,0.25,2,6,498793
TS,wt_sds_102,0.9,0.75,0.25,2,7,498793
TS,wt_sds_102,0.9,0.75,0.25,2,8,498793
TS,wt_sds_102,0.9,0.75,0.25,2,9,498793
TS,wt_sds_102,0.9,0.75,0.25,2,10,498793
TS,wt_sds_102,0.9,0.75,0.25,3,0,498978
TS,wt_sds_102,0.9,0.75,0.25,3,1,498856
TS,wt_sds_102,0.9,0.75,0.25,3,2,498856
TS,wt_sds_102,0.9,0.75,0.25,3,3,498856
TS,wt_sds_102,0.9,0.75,0.25,3,4,498818
TS,wt_sds_102,0.9,0.75,0.25,3,5,498818
TS,wt_sds_102,0.9,0.75,0.25,3,6,498818
TS,wt_sds_102,0.9,0.75,0.25,3,7,498818
TS,wt_sds_102,0.9,0.75,0.25,3,8,498818
TS,wt_sds_102,0.9,0.75,0.25,3,9,498818
TS,wt_sds_102,0.9,0.75,0.25,3,10,498818
TS,wt_sds_102,0.9,0.75,0.25,4,0,498978
TS,wt_sds_102,0.9,0.75,0.25,4,1,498856
TS,wt_sds_102,0.9,0.75,0.25,4,2,498648
TS,wt_sds_102,0.9,0.75,0.25,4,3,498584
TS,wt_sds_102,0.9,0.75,0.25,4,4,498584
TS,wt_sds_102,0.9,0.75,0.25,4,5,498584
TS,wt_sds_102,0.9,0.75,0.25,4,6,498584
TS,wt_sds_102,0.9,0.75,0.25,4,7,498584
TS,wt_sds_102,0.9,0.75,0.25,4,8,498584
TS,wt_sds_102,0.9,0.75,0.25,4,9,498584
TS,wt_sds_102,0.9,0.75,0.25,4,10,498584
TS,wt_sds_103,0.9,0.75,0.25,0,0,399977
TS,wt_sds_103,0.9,0.75,0.25,0,1,394604
TS,wt_sds_103,0.9,0.75,0.25,0,2,394602
TS,wt_sds_103,0.9,0.75,0.25,0,3,394504
TS,wt_sds_103,0.9,0.75,0.25,0,4,394504
TS,wt_sds_103,0.9,0.75,0.25,0,5,394504
TS,wt_sds_103,0.9,0.75,0.25,0,6,394504
TS,wt_sds_103,0.9,0.75,0.25,0,7,394504
TS,wt_sds_103,0.9,0.75,0.25,0,8,394504
TS,wt_sds_103,0.9,0.75,0.25,0,9,394504
TS,wt_sds_103,0.9,0.75,0.25,0,10,394504
TS,wt_sds_103,0.9,0.75,0.25,1,0,399977
TS,wt_sds_103,0.9,0.75,0.25,1,1,394634
TS,wt_sds_103,0.9,0.75,0.25,1,2,394634
TS,wt_sds_103,0.9,0.75,0.25,1,3,394634
TS,wt_sds_103,0.9,0.75,0.25,1,4,394634
TS,wt_sds_103,0.9,0.75,0.25,1,5,394634
TS,wt_sds_103,0.9,0.75,0.25,1,6,394634
TS,wt_sds_103,0.9,0.75,0.25,1,7,394634
TS,wt_sds_103,0.9,0.75,0.25,1,8,394634
TS,wt_sds_103,0.9,0.75,0.25,1,9,394634
TS,wt_sds_103,0.9,0.75,0.25,1,10,394634
TS,wt_sds_103,0.9,0.75,0.25,2,0,399977
TS,wt_sds_103,0.9,0.75,0.25,2,1,394620
TS,wt_sds_103,0.9,0.75,0.25,2,2,394620
TS,wt_sds_103,0.9,0.75,0.25,2,3,394504
TS,wt_sds_103,0.9,0.75,0.25,2,4,394504
TS,wt_sds_103,0.9,0.75,0.25,2,5,394504
TS,wt_sds_103,0.9,0.75,0.25,2,6,394504
TS,wt_sds_103,0.9,0.75,0.25,2,7,394504
TS,wt_sds_103,0.9,0.75,0.25,2,8,394504
TS,wt_sds_103,0.9,0.75,0.25,2,9,394504
TS,wt_sds_103,0.9,0.75,0.25,2,10,394504
TS,wt_sds_103,0.9,0.75,0.25,3,0,399977
TS,wt_sds_103,0.9,0.75,0.25,3,1,394638
TS,wt_sds_103,0.9,0.75,0.25,3,2,394504
TS,wt_sds_103,0.9,0.75,0.25,3,3,394448
TS,wt_sds_103,0.9,0.75,0.25,3,4,394448
TS,wt_sds_103,0.9,0.75,0.25,3,5,394448
TS,wt_sds_103,0.9,0.75,0.25,3,6,394448
TS,wt_sds_103,0.9,0.75,0.25,3,7,394448
TS,wt_sds_103,0.9,0.75,0.25,3,8,394448
TS,wt_sds_103,0.9,0.75,0.25,3,9,394448
TS,wt_sds_103,0.9,0.75,0.25,3,10,394448
TS,wt_sds_103,0.9,0.75,0.25,4,0,399977
TS,wt_sds_103,0.9,0.75,0.25,4,1,394620
TS,wt_sds_103,0.9,0.75,0.25,4,2,394448
TS,wt_sds_103,0.9,0.75,0.25,4,3,394448
TS,wt_sds_103,0.9,0.75,0.25,4,4,394448
TS,wt_sds_103,0.9,0.75,0.25,4,5,394448
TS,wt_sds_103,0.9,0.75,0.25,4,6,394448
TS,wt_sds_103,0.9,0.75,0.25,4,7,394448
TS,wt_sds_103,0.9,0.75,0.25,4,8,394448
TS,wt_sds_103,0.9,0.75,0.25,4,9,394448
TS,wt_sds_103,0.9,0.75,0.25,4,10,394448
TS,wt_sds_104,0.9,0.75,0.25,0,0,370253
TS,wt_sds_104,0.9,0.75,0.25,0,1,368459
TS,wt_sds_104,0.9,0.75,0.25,0,2,368455
TS,wt_sds_104,0.9,0.75,0.25,0,3,368058
TS,wt_sds_104,0.9,0.75,0.25,0,4,368058
TS,wt_sds_104,0.9,0.75,0.25,0,5,368058
TS,wt_sds_104,0.9,0.75,0.25,0,6,368058
TS,wt_sds_104,0.9,0.75,0.25,0,7,368058
TS,wt_sds_104,0.9,0.75,0.25,0,8,368058
TS,wt_sds_104,0.9,0.75,0.25,0,9,367842
TS,wt_sds_104,0.9,0.75,0.25,0,10,367818
TS,wt_sds_104,0.9,0.75,0.25,1,0,370253
TS,wt_sds_104,0.9,0.75,0.25,1,1,368455
TS,wt_sds_104,0.9,0.75,0.25,1,2,368455
TS,wt_sds_104,0.9,0.75,0.25,1,3,368455
TS,wt_sds_104,0.9,0.75,0.25,1,4,368058
TS,wt_sds_104,0.9,0.75,0.25,1,5,368058
TS,wt_sds_104,0.9,0.75,0.25,1,6,368058
TS,wt_sds_104,0.9,0.75,0.25,1,7,368058
TS,wt_sds_104,0.9,0.75,0.25,1,8,368058
TS,wt_sds_104,0.9,0.75,0.25,1,9,368058
TS,wt_sds_104,0.9,0.75,0.25,1,10,368058
TS,wt_sds_104,0.9,0.75,0.25,2,0,370253
TS,wt_sds_104,0.9,0.75,0.25,2,1,368851
TS,wt_sds_104,0.9,0.75,0.25,2,2,368459
TS,wt_sds_104,0.9,0.75,0.25,2,3,368459
TS,wt_sds_104,0.9,0.75,0.25,2,4,368455
TS,wt_sds_104,0.9,0.75,0.25,2,5,368455
TS,wt_sds_104,0.9,0.75,0.25,2,6,368455
TS,wt_sds_104,0.9,0.75,0.25,2,7,368455
TS,wt_sds_104,0.9,0.75,0.25,2,8,368455
TS,wt_sds_104,0.9,0.75,0.25,2,9,368455
TS,wt_sds_104,0.9,0.75,0.25,2,10,368455
TS,wt_sds_104,0.9,0.75,0.25,3,0,370253
TS,wt_sds_104,0.9,0.75,0.25,3,1,368459
TS,wt_sds_104,0.9,0.75,0.25,3,2,368101
TS,wt_sds_104,0.9,0.75,0.25,3,3,368101
TS,wt_sds_104,0.9,0.75,0.25,3,4,368101
TS,wt_sds_104,0.9,0.75,0.25,3,5,368101
TS,wt_sds_104,0.9,0.75,0.25,3,6,368101
TS,wt_sds_104,0.9,0.75,0.25,3,7,368101
TS,wt_sds_104,0.9,0.75,0.25,3,8,368101
TS,wt_sds_104,0.9,0.75,0.25,3,9,368087
TS,wt_sds_104,0.9,0.75,0.25,3,10,368087
TS,wt_sds_104,0.9,0.75,0.25,4,0,370253
TS,wt_sds_104,0.9,0.75,0.25,4,1,368459
TS,wt_sds_104,0.9,0.75,0.25,4,2,368455
TS,wt_sds_104,0.9,0.75,0.25,4,3,368455
TS,wt_sds_104,0.9,0.75,0.25,4,4,368455
TS,wt_sds_104,0.9,0.75,0.25,4,5,368455
TS,wt_sds_104,0.9,0.75,0.25,4,6,368455
TS,wt_sds_104,0.9,0.75,0.25,4,7,368455
TS,wt_sds_104,0.9,0.75,0.25,4,8,368455
TS,wt_sds_104,0.9,0.75,0.25,4,9,368455
TS,wt_sds_104,0.9,0.75,0.25,4,10,368134
TS,wt_sds_105,0.9,0.75,0.25,0,0,465059
TS,wt_sds_105,0.9,0.75,0.25,0,1,464977
TS,wt_sds_105,0.9,0.75,0.25,0,2,464877
TS,wt_sds_105,0.9,0.75,0.25,0,3,464842
TS,wt_sds_105,0.9,0.75,0.25,0,4,464804
TS,wt_sds_105,0.9,0.75,0.25,0,5,464804
TS,wt_sds_105,0.9,0.75,0.25,0,6,464804
TS,wt_sds_105,0.9,0.75,0.25,0,7,464804
TS,wt_sds_105,0.9,0.75,0.25,0,8,464804
TS,wt_sds_105,0.9,0.75,0.25,0,9,464804
TS,wt_sds_105,0.9,0.75,0.25,0,10,464804
TS,wt_sds_105,0.9,0.75,0.25,1,0,465059
TS,wt_sds_105,0.9,0.75,0.25,1,1,464997
TS,wt_sds_105,0.9,0.75,0.25,1,2,464997
TS,wt_sds_105,0.9,0.75,0.25,1,3,464997
TS,wt_sds_105,0.9,0.75,0.25,1,4,464997
TS,wt_sds_105,0.9,0.75,0.25,1,5,464969
TS,wt_sds_105,0.9,0.75,0.25,1,6,464969
TS,wt_sds_105,0.9,0.75,0.25,1,7,464969
TS,wt_sds_105,0.9,0.75,0.25,1,8,464969
TS,wt_sds_105,0.9,0.75,0.25,1,9,464969
TS,wt_sds_105,0.9,0.75,0.25,1,10,464969
TS,wt_sds_105,0.9,0.75,0.25,2,0,465059
TS,wt_sds_105,0.9,0.75,0.25,2,1,464969
TS,wt_sds_105,0.9,0.75,0.25,2,2,464969
TS,wt_sds_105,0.9,0.75,0.25,2,3,464969
TS,wt_sds_105,0.9,0.75,0.25,2,4,464969
TS,wt_sds_105,0.9,0.75,0.25,2,5,464969
TS,wt_sds_105,0.9,0.75,0.25,2,6,464969
TS,wt_sds_105,0.9,0.75,0.25,2,7,464969
TS,wt_sds_105,0.9,0.75,0.25,2,8,464969
TS,wt_sds_105,0.9,0.75,0.25,2,9,464969
TS,wt_sds_105,0.9,0.75,0.25,2,10,464969
TS,wt_sds_105,0.9,0.75,0.25,3,0,465059
TS,wt_sds_105,0.9,0.75,0.25,3,1,464969
TS,wt_sds_105,0.9,0.75,0.25,3,2,464969
TS,wt_sds_105,0.9,0.75,0.25,3,3,464969
TS,wt_sds_105,0.9,0.75,0.25,3,4,464969
TS,wt_sds_105,0.9,0.75,0.25,3,5,464969
TS,wt_sds_105,0.9,0.75,0.25,3,6,464914
TS,wt_sds_105,0.9,0.75,0.25,3,7,464804
TS,wt_sds_105,0.9,0.75,0.25,3,8,464804
TS,wt_sds_105,0.9,0.75,0.25,3,9,464804
TS,wt_sds_105,0.9,0.75,0.25,3,10,464804
TS,wt_sds_105,0.9,0.75,0.25,4,0,465059
TS,wt_sds_105,0.9,0.75,0.25,4,1,464969
TS,wt_sds_105,0.9,0.75,0.25,4,2,464969
TS,wt_sds_105,0.9,0.75,0.25,4,3,464969
TS,wt_sds_105,0.9,0.75,0.25,4,4,464942
TS,wt_sds_105,0.9,0.75,0.25,4,5,464877
TS,wt_sds_105,0.9,0.75,0.25,4,6,464804
TS,wt_sds_105,0.9,0.75,0.25,4,7,464804
TS,wt_sds_105,0.9,0.75,0.25,4,8,464804
TS,wt_sds_105,0.9,0.75,0.25,4,9,464804
TS,wt_sds_105,0.9,0.75,0.25,4,10,464804
TS,wt_sds_111,0.9,0.75,0.75,0,0,365649
TS,wt_sds_111,0.9,0.75,0.75,0,1,364859
TS,wt_sds_111,0.9,0.75,0.75,0,2,364803
TS,wt_sds_111,0.9,0.75,0.75,0,3,364767
TS,wt_sds_111,0.9,0.75,0.75,0,4,364767
TS,wt_sds_111,0.9,0.75,0.75,0,5,364767
TS,wt_sds_111,0.9,0.75,0.75,0,6,364767
TS,wt_sds_111,0.9,0.75,0.75,0,7,364737
TS,wt_sds_111,0.9,0.75,0.75,0,8,364737
TS,wt_sds_111,0.9,0.75,0.75,0,9,364737
TS,wt_sds_111,0.9,0.75,0.75,0,10,364737
TS,wt_sds_111,0.9,0.75,0.75,1,0,365649
TS,wt_sds_111,0.9,0.75,0.75,1,1,364774
TS,wt_sds_111,0.9,0.75,0.75,1,2,364648
TS,wt_sds_111,0.9,0.75,0.75,1,3,364648
TS,wt_sds_111,0.9,0.75,0.75,1,4,364648
TS,wt_sds_111,0.9,0.75,0.75,1,5,364648
TS,wt_sds_111,0.9,0.75,0.75,1,6,364648
TS,wt_sds_111,0.9,0.75,0.75,1,7,364648
TS,wt_sds_111,0.9,0.75,0.75,1,8,364648
TS,wt_sds_111,0.9,0.75,0.75,1,9,364648
TS,wt_sds_111,0.9,0.75,0.75,1,10,364475
TS,wt_sds_111,0.9,0.75,0.75,2,0,365649
TS,wt_sds_111,0.9,0.75,0.75,2,1,364774
TS,wt_sds_111,0.9,0.75,0.75,2,2,364564
TS,wt_sds_111,0.9,0.75,0.75,2,3,364564
TS,wt_sds_111,0.9,0.75,0.75,2,4,364475
TS,wt_sds_111,0.9,0.75,0.75,2,5,364475
TS,wt_sds_111,0.9,0.75,0.75,2,6,364475
TS,wt_sds_111,0.9,0.75,0.75,2,7,364475
TS,wt_sds_111,0.9,0.75,0.75,2,8,364475
TS,wt_sds_111,0.9,0.75,0.75,2,9,364475
TS,wt_sds_111,0.9,0.75,0.75,2,10,364475
TS,wt_sds_111,0.9,0.75,0.75,3,0,365649
TS,wt_sds_111,0.9,0.75,0.75,3,1,364774
TS,wt_sds_111,0.9,0.75,0.75,3,2,364737
TS,wt_sds_111,0.9,0.75,0.75,3,3,364648
TS,wt_sds_111,0.9,0.75,0.75,3,4,364648
TS,wt_sds_111,0.9,0.75,0.75,3,5,364648
TS,wt_sds_111,0.9,0.75,0.75,3,6,364648
TS,wt_sds_111,0.9,0.75,0.75,3,7,364648
TS,wt_sds_111,0.9,0.75,0.75,3,8,364648
TS,wt_sds_111,0.9,0.75,0.75,3,9,364648
TS,wt_sds_111,0.9,0.75,0.75,3,10,364648
TS,wt_sds_111,0.9,0.75,0.75,4,0,365649
TS,wt_sds_111,0.9,0.75,0.75,4,1,364803
TS,wt_sds_111,0.9,0.75,0.75,4,2,364648
TS,wt_sds_111,0.9,0.75,0.75,4,3,364648
TS,wt_sds_111,0.9,0.75,0.75,4,4,364648
TS,wt_sds_111,0.9,0.75,0.75,4,5,364648
TS,wt_sds_111,0.9,0.75,0.75,4,6,364648
TS,wt_sds_111,0.9,0.75,0.75,4,7,364648
TS,wt_sds_111,0.9,0.75,0.75,4,8,364648
TS,wt_sds_111,0.9,0.75,0.75,4,9,364648
TS,wt_sds_111,0.9,0.75,0.75,4,10,364648
TS,wt_sds_112,0.9,0.75,0.75,0,0,402909
TS,wt_sds_112,0.9,0.75,0.75,0,1,397202
TS,wt_sds_112,0.9,0.75,0.75,0,2,397202
TS,wt_sds_112,0.9,0.75,0.75,0,3,397202
TS,wt_sds_112,0.9,0.75,0.75,0,4,397202
TS,wt_sds_112,0.9,0.75,0.75,0,5,396865
TS,wt_sds_112,0.9,0.75,0.75,0,6,396865
TS,wt_sds_112,0.9,0.75,0.75,0,7,396865
TS,wt_sds_112,0.9,0.75,0.75,0,8,396865
TS,wt_sds_112,0.9,0.75,0.75,0,9,396865
TS,wt_sds_112,0.9,0.75,0.75,0,10,396865
TS,wt_sds_112,0.9,0.75,0.75,1,0,402909
TS,wt_sds_112,0.9,0.75,0.75,1,1,397378
TS,wt_sds_112,0.9,0.75,0.75,1,2,397248
TS,wt_sds_112,0.9,0.75,0.75,1,3,397248
TS,wt_sds_112,0.9,0.75,0.75,1,4,397248
TS,wt_sds_112,0.9,0.75,0.75,1,5,397248
TS,wt_sds_112,0.9,0.75,0.75,1,6,397248
TS,wt_sds_112,0.9,0.75,0.75,1,7,396906
TS,wt_sds_112,0.9,0.75,0.75,1,8,396906
TS,wt_sds_112,0.9,0.75,0.75,1,9,396906
TS,wt_sds_112,0.9,0.75,0.75,1,10,396906
TS,wt_sds_112,0.9,0.75,0.75,2,0,402909
TS,wt_sds_112,0.9,0.75,0.75,2,1,397333
TS,wt_sds_112,0.9,0.75,0.75,2,2,397248
TS,wt_sds_112,0.9,0.75,0.75,2,3,397248
TS,wt_sds_112,0.9,0.75,0.75,2,4,397081
TS,wt_sds_112,0.9,0.75,0.75,2,5,397074
TS,wt_sds_112,0.9,0.75,0.75,2,6,396982
TS,wt_sds_112,0.9,0.75,0.75,2,7,396982
TS,wt_sds_112,0.9,0.75,0.75,2,8,396982
TS,wt_sds_112,0.9,0.75,0.75,2,9,396497
TS,wt_sds_112,0.9,0.75,0.75,2,10,396497
TS,wt_sds_112,0.9,0.75,0.75,3,0,402909
TS,wt_sds_112,0.9,0.75,0.75,3,1,397248
TS,wt_sds_112,0.9,0.75,0.75,3,2,397248
TS,wt_sds_112,0.9,0.75,0.75,3,3,397248
TS,wt_sds_112,0.9,0.75,0.75,3,4,396867
TS,wt_sds_112,0.9,0.75,0.75,3,5,396867
TS,wt_sds_112,0.9,0.75,0.75,3,6,396867
TS,wt_sds_112,0.9,0.75,0.75,3,7,396867
TS,wt_sds_112,0.9,0.75,0.75,3,8,396867
TS,wt_sds_112,0.9,0.75,0.75,3,9,396867
TS,wt_sds_112,0.9,0.75,0.75,3,10,396867
TS,wt_sds_112,0.9,0.75,0.75,4,0,402909
TS,wt_sds_112,0.9,0.75,0.75,4,1,397577
TS,wt_sds_112,0.9,0.75,0.75,4,2,397509
TS,wt_sds_112,0.9,0.75,0.75,4,3,397509
TS,wt_sds_112,0.9,0.75,0.75,4,4,397509
TS,wt_sds_112,0.9,0.75,0.75,4,5,397509
TS,wt_sds_112,0.9,0.75,0.75,4,6,397509
TS,wt_sds_112,0.9,0.75,0.75,4,7,397509
TS,wt_sds_112,0.9,0.75,0.75,4,8,397509
TS,wt_sds_112,0.9,0.75,0.75,4,9,397509
TS,wt_sds_112,0.9,0.75,0.75,4,10,397509
TS,wt_sds_113,0.9,0.75,0.75,0,0,269459
TS,wt_sds_113,0.9,0.75,0.75,0,1,267563
TS,wt_sds_113,0.9,0.75,0.75,0,2,267563
TS,wt_sds_113,0.9,0.75,0.75,0,3,267563
TS,wt_sds_113,0.9,0.75,0.75,0,4,267563
TS,wt_sds_113,0.9,0.75,0.75,0,5,267563
TS,wt_sds_113,0.9,0.75,0.75,0,6,267563
TS,wt_sds_113,0.9,0.75,0.75,0,7,267563
TS,wt_sds_113,0.9,0.75,0.75,0,8,267563
TS,wt_sds_113,0.9,0.75,0.75,0,9,267563
TS,wt_sds_113,0.9,0.75,0.75,0,10,267563
TS,wt_sds_113,0.9,0.75,0.75,1,0,269459
TS,wt_sds_113,0.9,0.75,0.75,1,1,267563
TS,wt_sds_113,0.9,0.75,0.75,1,2,267563
TS,wt_sds_113,0.9,0.75,0.75,1,3,267563
TS,wt_sds_113,0.9,0.75,0.75,1,4,267563
TS,wt_sds_113,0.9,0.75,0.75,1,5,267563
TS,wt_sds_113,0.9,0.75,0.75,1,6,267563
TS,wt_sds_113,0.9,0.75,0.75,1,7,267563
TS,wt_sds_113,0.9,0.75,0.75,1,8,267563
TS,wt_sds_113,0.9,0.75,0.75,1,9,267563
TS,wt_sds_113,0.9,0.75,0.75,1,10,267563
TS,wt_sds_113,0.9,0.75,0.75,2,0,269459
TS,wt_sds_113,0.9,0.75,0.75,2,1,267486
TS,wt_sds_113,0.9,0.75,0.75,2,2,267486
TS,wt_sds_113,0.9,0.75,0.75,2,3,267486
TS,wt_sds_113,0.9,0.75,0.75,2,4,267486
TS,wt_sds_113,0.9,0.75,0.75,2,5,267486
TS,wt_sds_113,0.9,0.75,0.75,2,6,267486
TS,wt_sds_113,0.9,0.75,0.75,2,7,267486
TS,wt_sds_113,0.9,0.75,0.75,2,8,267486
TS,wt_sds_113,0.9,0.75,0.75,2,9,267486
TS,wt_sds_113,0.9,0.75,0.75,2,10,267486
TS,wt_sds_113,0.9,0.75,0.75,3,0,269459
TS,wt_sds_113,0.9,0.75,0.75,3,1,267486
TS,wt_sds_113,0.9,0.75,0.75,3,2,267486
TS,wt_sds_113,0.9,0.75,0.75,3,3,267486
TS,wt_sds_113,0.9,0.75,0.75,3,4,267486
TS,wt_sds_113,0.9,0.75,0.75,3,5,267486
TS,wt_sds_113,0.9,0.75,0.75,3,6,267486
TS,wt_sds_113,0.9,0.75,0.75,3,7,267486
TS,wt_sds_113,0.9,0.75,0.75,3,8,267486
TS,wt_sds_113,0.9,0.75,0.75,3,9,267486
TS,wt_sds_113,0.9,0.75,0.75,3,10,267486
TS,wt_sds_113,0.9,0.75,0.75,4,0,269459
TS,wt_sds_113,0.9,0.75,0.75,4,1,267563
TS,wt_sds_113,0.9,0.75,0.75,4,2,267563
TS,wt_sds_113,0.9,0.75,0.75,4,3,267563
TS,wt_sds_113,0.9,0.75,0.75,4,4,267563
TS,wt_sds_113,0.9,0.75,0.75,4,5,267563
TS,wt_sds_113,0.9,0.75,0.75,4,6,267563
TS,wt_sds_113,0.9,0.75,0.75,4,7,267563
TS,wt_sds_113,0.9,0.75,0.75,4,8,267563
TS,wt_sds_113,0.9,0.75,0.75,4,9,267563
TS,wt_sds_113,0.9,0.75,0.75,4,10,267563
TS,wt_sds_114,0.9,0.75,0.75,0,0,494861
TS,wt_sds_114,0.9,0.75,0.75,0,1,494861
TS,wt_sds_114,0.9,0.75,0.75,0,2,494861
TS,wt_sds_114,0.9,0.75,0.75,0,3,494861
TS,wt_sds_114,0.9,0.75,0.75,0,4,494861
TS,wt_sds_114,0.9,0.75,0.75,0,5,494861
TS,wt_sds_114,0.9,0.75,0.75,0,6,494861
TS,wt_sds_114,0.9,0.75,0.75,0,7,494861
TS,wt_sds_114,0.9,0.75,0.75,0,8,494861
TS,wt_sds_114,0.9,0.75,0.75,0,9,494861
TS,wt_sds_114,0.9,0.75,0.75,0,10,494861
TS,wt_sds_114,0.9,0.75,0.75,1,0,494861
TS,wt_sds_114,0.9,0.75,0.75,1,1,494861
TS,wt_sds_114,0.9,0.75,0.75,1,2,494861
TS,wt_sds_114,0.9,0.75,0.75,1,3,494861
TS,wt_sds_114,0.9,0.75,0.75,1,4,494861
TS,wt_sds_114,0.9,0.75,0.75,1,5,494861
TS,wt_sds_114,0.9,0.75,0.75,1,6,494861
TS,wt_sds_114,0.9,0.75,0.75,1,7,494861
TS,wt_sds_114,0.9,0.75,0.75,1,8,494861
TS,wt_sds_114,0.9,0.75,0.75,1,9,494861
TS,wt_sds_114,0.9,0.75,0.75,1,10,494861
TS,wt_sds_114,0.9,0.75,0.75,2,0,494861
TS,wt_sds_114,0.9,0.75,0.75,2,1,494861
TS,wt_sds_114,0.9,0.75,0.75,2,2,494861
TS,wt_sds_114,0.9,0.75,0.75,2,3,494861
TS,wt_sds_114,0.9,0.75,0.75,2,4,494861
TS,wt_sds_114,0.9,0.75,0.75,2,5,494861
TS,wt_sds_114,0.9,0.75,0.75,2,6,494861
TS,wt_sds_114,0.9,0.75,0.75,2,7,494861
TS,wt_sds_114,0.9,0.75,0.75,2,8,494861
TS,wt_sds_114,0.9,0.75,0.75,2,9,494861
TS,wt_sds_114,0.9,0.75,0.75,2,10,494861
TS,wt_sds_114,0.9,0.75,0.75,3,0,494861
TS,wt_sds_114,0.9,0.75,0.75,3,1,494861
TS,wt_sds_114,0.9,0.75,0.75,3,2,494861
TS,wt_sds_114,0.9,0.75,0.75,3,3,494861
TS,wt_sds_114,0.9,0.75,0.75,3,4,494861
TS,wt_sds_114,0.9,0.75,0.75,3,5,494861
TS,wt_sds_114,0.9,0.75,0.75,3,6,494861
TS,wt_sds_114,0.9,0.75,0.75,3,7,494861
TS,wt_sds_114,0.9,0.75,0.75,3,8,494861
TS,wt_sds_114,0.9,0.75,0.75,3,9,494861
TS,wt_sds_114,0.9,0.75,0.75,3,10,494861
TS,wt_sds_114,0.9,0.75,0.75,4,0,494861
TS,wt_sds_114,0.9,0.75,0.75,4,1,494861
TS,wt_sds_114,0.9,0.75,0.75,4,2,494861
TS,wt_sds_114,0.9,0.75,0.75,4,3,494861
TS,wt_sds_114,0.9,0.75,0.75,4,4,494861
TS,wt_sds_114,0.9,0.75,0.75,4,5,494861
TS,wt_sds_114,0.9,0.75,0.75,4,6,494861
TS,wt_sds_114,0.9,0.75,0.75,4,7,494861
TS,wt_sds_114,0.9,0.75,0.75,4,8,494861
TS,wt_sds_114,0.9,0.75,0.75,4,9,494849
TS,wt_sds_114,0.9,0.75,0.75,4,10,494849
TS,wt_sds_115,0.9,0.75,0.75,0,0,493200
TS,wt_sds_115,0.9,0.75,0.75,0,1,493059
TS,wt_sds_115,0.9,0.75,0.75,0,2,493059
TS,wt_sds_115,0.9,0.75,0.75,0,3,493059
TS,wt_sds_115,0.9,0.75,0.75,0,4,493059
TS,wt_sds_115,0.9,0.75,0.75,0,5,493059
TS,wt_sds_115,0.9,0.75,0.75,0,6,493059
TS,wt_sds_115,0.9,0.75,0.75,0,7,493059
TS,wt_sds_115,0.9,0.75,0.75,0,8,493059
TS,wt_sds_115,0.9,0.75,0.75,0,9,493059
TS,wt_sds_115,0.9,0.75,0.75,0,10,493059
TS,wt_sds_115,0.9,0.75,0.75,1,0,493200
TS,wt_sds_115,0.9,0.75,0.75,1,1,493200
TS,wt_sds_115,0.9,0.75,0.75,1,2,493200
TS,wt_sds_115,0.9,0.75,0.75,1,3,493200
TS,wt_sds_115,0.9,0.75,0.75,1,4,493200
TS,wt_sds_115,0.9,0.75,0.75,1,5,493200
TS,wt_sds_115,0.9,0.75,0.75,1,6,493200
TS,wt_sds_115,0.9,0.75,0.75,1,7,493200
TS,wt_sds_115,0.9,0.75,0.75,1,8,493147
TS,wt_sds_115,0.9,0.75,0.75,1,9,492796
TS,wt_sds_115,0.9,0.75,0.75,1,10,492796
TS,wt_sds_115,0.9,0.75,0.75,2,0,493200
TS,wt_sds_115,0.9,0.75,0.75,2,1,493200
TS,wt_sds_115,0.9,0.75,0.75,2,2,493200
TS,wt_sds_115,0.9,0.75,0.75,2,3,493200
TS,wt_sds_115,0.9,0.75,0.75,2,4,493200
TS,wt_sds_115,0.9,0.75,0.75,2,5,493200
TS,wt_sds_115,0.9,0.75,0.75,2,6,493200
TS,wt_sds_115,0.9,0.75,0.75,2,7,492796
TS,wt_sds_115,0.9,0.75,0.75,2,8,492796
TS,wt_sds_115,0.9,0.75,0.75,2,9,492796
TS,wt_sds_115,0.9,0.75,0.75,2,10,492796
TS,wt_sds_115,0.9,0.75,0.75,3,0,493200
TS,wt_sds_115,0.9,0.75,0.75,3,1,493189
TS,wt_sds_115,0.9,0.75,0.75,3,2,493059
TS,wt_sds_115,0.9,0.75,0.75,3,3,493059
TS,wt_sds_115,0.9,0.75,0.75,3,4,493059
TS,wt_sds_115,0.9,0.75,0.75,3,5,493059
TS,wt_sds_115,0.9,0.75,0.75,3,6,493016
TS,wt_sds_115,0.9,0.75,0.75,3,7,493016
TS,wt_sds_115,0.9,0.75,0.75,3,8,493016
TS,wt_sds_115,0.9,0.75,0.75,3,9,493016
TS,wt_sds_115,0.9,0.75,0.75,3,10,493016
TS,wt_sds_115,0.9,0.75,0.75,4,0,493200
TS,wt_sds_115,0.9,0.75,0.75,4,1,493189
TS,wt_sds_115,0.9,0.75,0.75,4,2,493189
TS,wt_sds_115,0.9,0.75,0.75,4,3,492857
TS,wt_sds_115,0.9,0.75,0.75,4,4,492857
TS,wt_sds_115,0.9,0.75,0.75,4,5,492857
TS,wt_sds_115,0.9,0.75,0.75,4,6,492857
TS,wt_sds_115,0.9,0.75,0.75,4,7,492857
TS,wt_sds_115,0.9,0.75,0.75,4,8,492857
TS,wt_sds_115,0.9,0.75,0.75,4,9,492857
TS,wt_sds_115,0.9,0.75,0.75,4,10,492857
GVNS,wt_sds_1,0.3,0.25,0.25,0,0,2442
GVNS,wt_sds_1,0.3,0.25,0.25,0,1,1208
GVNS,wt_sds_1,0.3,0.25,0.25,0,2,1146
GVNS,wt_sds_1,0.3,0.25,0.25,0,3,954
GVNS,wt_sds_1,0.3,0.25,0.25,0,4,801
GVNS,wt_sds_1,0.3,0.25,0.25,0,5,801
GVNS,wt_sds_1,0.3,0.25,0.25,0,6,801
GVNS,wt_sds_1,0.3,0.25,0.25,0,7,801
GVNS,wt_sds_1,0.3,0.25,0.25,0,8,801
GVNS,wt_sds_1,0.3,0.25,0.25,0,9,801
GVNS,wt_sds_1,0.3,0.25,0.25,0,10,801
GVNS,wt_sds_1,0.3,0.25,0.25,1,0,2442
GVNS,wt_sds_1,0.3,0.25,0.25,1,1,1058
GVNS,wt_sds_1,0.3,0.25,0.25,1,2,930
GVNS,wt_sds_1,0.3,0.25,0.25,1,3,918
GVNS,wt_sds_1,0.3,0.25,0.25,1,4,918
GVNS,wt_sds_1,0.3,0.25,0.25,1,5,866
GVNS,wt_sds_1,0.3,0.25,0.25,1,6,822
GVNS,wt_sds_1,0.3,0.25,0.25,1,7,822
GVNS,wt_sds_1,0.3,0.25,0.25,1,8,776
GVNS,wt_sds_1,0.3,0.25,0.25,1,9,776
GVNS,wt_sds_1,0.3,0.25,0.25,1,10,776
GVNS,wt_sds_1,0.3,0.25,0.25,2,0,2442
GVNS,wt_sds_1,0.3,0.25,0.25,2,1,1106
GVNS,wt_sds_1,0.3,0.25,0.25,2,2,946
GVNS,wt_sds_1,0.3,0.25,0.25,2,3,894
GVNS,wt_sds_1,0.3,0.25,0.25,2,4,894
GVNS,wt_sds_1,0.3,0.25,0.25,2,5,886
GVNS,wt_sds_1,0.3,0.25,0.25,2,6,886
GVNS,wt_sds_1,0.3,0.25,0.25,2,7,810
GVNS,wt_sds_1,0.3,0.25,0.25,2,8,802
GVNS,wt_sds_1,0.3,0.25,0.25,2,9,802
GVNS,wt_sds_1,0.3,0.25,0.25,2,10,802
GVNS,wt_sds_1,0.3,0.25,0.25,3,0,2442
GVNS,wt_sds_1,0.3,0.25,0.25,3,1,1059
GVNS,wt_sds_1,0.3,0.25,0.25,3,2,998
GVNS,wt_sds_1,0.3,0.25,0.25,3,3,998
GVNS,wt_sds_1,0.3,0.25,0.25,3,4,998
GVNS,wt_sds_1,0.3,0.25,0.25,3,5,914
GVNS,wt_sds_1,0.3,0.25,0.25,3,6,890
GVNS,wt_sds_1,0.3,0.25,0.25,3,7,890
GVNS,wt_sds_1,0.3,0.25,0.25,3,8,858
GVNS,wt_sds_1,0.3,0.25,0.25,3,9,858
GVNS,wt_sds_1,0.3,0.25,0.25,3,10,810
GVNS,wt_sds_1,0.3,0.25,0.25,4,0,2442
GVNS,wt_sds_1,0.3,0.25,0.25,4,1,1106
GVNS,wt_sds_1,0.3,0.25,0.25,4,2,831
GVNS,wt_sds_1,0.3,0.25,0.25,4,3,822
GVNS,wt_sds_1,0.3,0.25,0.25,4,4,807
GVNS,wt_sds_1,0.3,0.25,0.25,4,5,807
GVNS,wt_sds_1,0.3,0.25,0.25,4,6,762
GVNS,wt_sds_1,0.3,0.25,0.25,4,7,762
GVNS,wt_sds_1,0.3,0.25,0.25,4,8,762
GVNS,wt_sds_1,0.3,0.25,0.25,4,9,762
GVNS,wt_sds_1,0.3,0.25,0.25,4,10,762
GVNS,wt_sds_2,0.3,0.25,0.25,0,0,13089
GVNS,wt_sds_2,0.3,0.25,0.25,0,1,6707
GVNS,wt_sds_2,0.3,0.25,0.25,0,2,5864
GVNS,wt_sds_2,0.3,0.25,0.25,0,3,5864
GVNS,wt_sds_2,0.3,0.25,0.25,0,4,5864
GVNS,wt_sds_2,0.3,0.25,0.25,0,5,5847
GVNS,wt_sds_2,0.3,0.25,0.25,0,6,5847
GVNS,wt_sds_2,0.3,0.25,0.25,0,7,5847
GVNS,wt_sds_2,0.3,0.25,0.25,0,8,5847
GVNS,wt_sds_2,0.3,0.25,0.25,0,9,5847
GVNS,wt_sds_2,0.3,0.25,0.25,0,10,5847
GVNS,wt_sds_2,0.3,0.25,0.25,1,0,13089
GVNS,wt_sds_2,0.3,0.25,0.25,1,1,6388
GVNS,wt_sds_2,0.3,0.25,0.25,1,2,5607
GVNS,wt_sds_2,0.3,0.25,0.25,1,3,5607
GVNS,wt_sds_2,0.3,0.25,0.25,1,4,5517
GVNS,wt_sds_2,0.3,0.25,0.25,1,5,5397
GVNS,wt_sds_2,0.3,0.25,0.25,1,6,5397
GVNS,wt_sds_2,0.3,0.25,0.25,1,7,5397
GVNS,wt_sds_2,0.3,0.25,0.25,1,8,5397
GVNS,wt_sds_2,0.3,0.25,0.25,1,9,5397
GVNS,wt_sds_2,0.3,0.25,0.25,1,10,5397
GVNS,wt_sds_2,0.3,0.25,0.25,2,0,13089
GVNS,wt_sds_2,0.3,0.25,0.25,2,1,6447
GVNS,wt_sds_2,0.3,0.25,0.25,2,2,6012
GVNS,wt_sds_2,0.3,0.25,0.25,2,3,6012
GVNS,wt_sds_2,0.3,0.25,0.25,2,4,5853
GVNS,wt_sds_2,0.3,0.25,0.25,2,5,5817
GVNS,wt_sds_2,0.3,0.25,0.25,2,6,5817
GVNS,wt_sds_2,0.3,0.25,0.25,2,7,5757
GVNS,wt_sds_2,0.3,0.25,0.25,2,8,5712
GVNS,wt_sds_2,0.3,0.25,0.25,2,9,5652
GVNS,wt_sds_2,0.3,0.25,0.25,2,10,5652
GVNS,wt_sds_2,0.3,0.25,0.25,3,0,13089
GVNS,wt_sds_2,0.3,0.25,0.25,3,1,6702
GVNS,wt_sds_2,0.3,0.25,0.25,3,2,6207
GVNS,wt_sds_2,0.3,0.25,0.25,3,3,5682
GVNS,wt_sds_2,0.3,0.25,0.25,3,4,5682
GVNS,wt_sds_2,0.3,0.25,0.25,3,5,5682
GVNS,wt_sds_2,0.3,0.25,0.25,3,6,5682
GVNS,wt_sds_2,0.3,0.25,0.25,3,7,5682
GVNS,wt_sds_2,0.3,0.25,0.25,3,8,5682
GVNS,wt_sds_2,0.3,0.25,0.25,3,9,5682
GVNS,wt_sds_2,0.3,0.25,0.25,3,10,5682
GVNS,wt_sds_2,0.3,0.25,0.25,4,0,13089
GVNS,wt_sds_2,0.3,0.25,0.25,4,1,6477
GVNS,wt_sds_2,0.3,0.25,0.25,4,2,5862
GVNS,wt_sds_2,0.3,0.25,0.25,4,3,5862
GVNS,wt_sds_2,0.3,0.25,0.25,4,4,5862
GVNS,wt_sds_2,0.3,0.25,0.25,4,5,5862
GVNS,wt_sds_2,0.3,0.25,0.25,4,6,5852
GVNS,wt_sds_2,0.3,0.25,0.25,4,7,5727
GVNS,wt_sds_2,0.3,0.25,0.25,4,8,5622
GVNS,wt_sds_2,0.3,0.25,0.25,4,9,5622
GVNS,wt_sds_2,0.3,0.25,0.25,4,10,5472
GVNS,wt_sds_3,0.3,0.25,0.25,0,0,5053
GVNS,wt_sds_3,0.3,0.25,0.25,0,1,2185
GVNS,wt_sds_3,0.3,0.25,0.25,0,2,2113
GVNS,wt_sds_3,0.3,0.25,0.25,0,3,1972
GVNS,wt_sds_3,0.3,0.25,0.25,0,4,1883
GVNS,wt_sds_3,0.3,0.25,0.25,0,5,1883
GVNS,wt_sds_3,0.3,0.25,0.25,0,6,1823
GVNS,wt_sds_3,0.3,0.25,0.25,0,7,1823
GVNS,wt_sds_3,0.3,0.25,0.25,0,8,1823
GVNS,wt_sds_3,0.3,0.25,0.25,0,9,1823
GVNS,wt_sds_3,0.3,0.25,0.25,0,10,1823
GVNS,wt_sds_3,0.3,0.25,0.25,1,0,5053
GVNS,wt_sds_3,0.3,0.25,0.25,1,1,2284
GVNS,wt_sds_3,0.3,0.25,0.25,1,2,2164
GVNS,wt_sds_3,0.3,0.25,0.25,1,3,2164
GVNS,wt_sds_3,0.3,0.25,0.25,1,4,2110
GVNS,wt_sds_3,0.3,0.25,0.25,1,5,2110
GVNS,wt_sds_3,0.3,0.25,0.25,1,6,2110
GVNS,wt_sds_3,0.3,0.25,0.25,1,7,2110
GVNS,wt_sds_3,0.3,0.25,0.25,1,8,2110
GVNS,wt_sds_3,0.3,0.25,0.25,1,9,2074
GVNS,wt_sds_3,0.3,0.25,0.25,1,10,2074
GVNS,wt_sds_3,0.3,0.25,0.25,2,0,5053
GVNS,wt_sds_3,0.3,0.25,0.25,2,1,2296
GVNS,wt_sds_3,0.3,0.25,0.25,2,2,2122
GVNS,wt_sds_3,0.3,0.25,0.25,2,3,2014
GVNS,wt_sds_3,0.3,0.25,0.25,2,4,1865
GVNS,wt_sds_3,0.3,0.25,0.25,2,5,1853
GVNS,wt_sds_3,0.3,0.25,0.25,2,6,1853
GVNS,wt_sds_3,0.3,0.25,0.25,2,7,1853
GVNS,wt_sds_3,0.3,0.25,0.25,2,8,1823
GVNS,wt_sds_3,0.3,0.25,0.25,2,9,1823
GVNS,wt_sds_3,0.3,0.25,0.25,2,10,1817
GVNS,wt_sds_3,0.3,0.25,0.25,3,0,5053
GVNS,wt_sds_3,0.3,0.25,0.25,3,1,2664
GVNS,wt_sds_3,0.3,0.25,0.25,3,2,2498
GVNS,wt_sds_3,0.3,0.25,0.25,3,3,2320
GVNS,wt_sds_3,0.3,0.25,0.25,3,4,2224
GVNS,wt_sds_3,0.3,0.25,0.25,3,5,2050
GVNS,wt_sds_3,0.3,0.25,0.25,3,6,2050
GVNS,wt_sds_3,0.3,0.25,0.25,3,7,2050
GVNS,wt_sds_3,0.3,0.25,0.25,3,8,2050
GVNS,wt_sds_3,0.3,0.25,0.25,3,9,2050
GVNS,wt_sds_3,0.3,0.25,0.25,3,10,2050
GVNS,wt_sds_3,0.3,0.25,0.25,4,0,5053
GVNS,wt_sds_3,0.3,0.25,0.25,4,1,2489
GVNS,wt_sds_3,0.3,0.25,0.25,4,2,2281
GVNS,wt_sds_3,0.3,0.25,0.25,4,3,1996
GVNS,wt_sds_3,0.3,0.25,0.25,4,4,1948
GVNS,wt_sds_3,0.3,0.25,0.25,4,5,1906
GVNS,wt_sds_3,0.3,0.25,0.25,4,6,1906
GVNS,wt_sds_3,0.3,0.25,0.25,4,7,1906
GVNS,wt_sds_3,0.3,0.25,0.25,4,8,1906
GVNS,wt_sds_3,0.3,0.25,0.25,4,9,1906
GVNS,wt_sds_3,0.3,0.25,0.25,4,10,1906
GVNS,wt_sds_4,0.3,0.25,0.25,0,0,16155
GVNS,wt_sds_4,0.3,0.25,0.25,0,1,8277
GVNS,wt_sds_4,0.3,0.25,0.25,0,2,7509
GVNS,wt_sds_4,0.3,0.25,0.25,0,3,7172
GVNS,wt_sds_4,0.3,0.25,0.25,0,4,7172
GVNS,wt_sds_4,0.3,0.25,0.25,0,5,7172
GVNS,wt_sds_4,0.3,0.25,0.25,0,6,7172
GVNS,wt_sds_4,0.3,0.25,0.25,0,7,6974
GVNS,wt_sds_4,0.3,0.25,0.25,0,8,6974
GVNS,wt_sds_4,0.3,0.25,0.25,0,9,6690
GVNS,wt_sds_4,0.3,0.25,0.25,0,10,6690
GVNS,wt_sds_4,0.3,0.25,0.25,1,0,16155
GVNS,wt_sds_4,0.3,0.25,0.25,1,1,8264
GVNS,wt_sds_4,0.3,0.25,0.25,1,2,7684
GVNS,wt_sds_4,0.3,0.25,0.25,1,3,7534
GVNS,wt_sds_4,0.3,0.25,0.25,1,4,7534
GVNS,wt_sds_4,0.3,0.25,0.25,1,5,7534
GVNS,wt_sds_4,0.3,0.25,0.25,1,6,7534
GVNS,wt_sds_4,0.3,0.25,0.25,1,7,7014
GVNS,wt_sds_4,0.3,0.25,0.25,1,8,6948
GVNS,wt_sds_4,0.3,0.25,0.25,1,9,6948
GVNS,wt_sds_4,0.3,0.25,0.25,1,10,6926
GVNS,wt_sds_4,0.3,0.25,0.25,2,0,16155
GVNS,wt_sds_4,0.3,0.25,0.25,2,1,7460
GVNS,wt_sds_4,0.3,0.25,0.25,2,2,7460
GVNS,wt_sds_4,0.3,0.25,0.25,2,3,7136
GVNS,wt_sds_4,0.3,0.25,0.25,2,4,7136
GVNS,wt_sds_4,0.3,0.25,0.25,2,5,7136
GVNS,wt_sds_4,0.3,0.25,0.25,2,6,7136
GVNS,wt_sds_4,0.3,0.25,0.25,2,7,7136
GVNS,wt_sds_4,0.3,0.25,0.25,2,8,7136
GVNS,wt_sds_4,0.3,0.25,0.25,2,9,7100
GVNS,wt_sds_4,0.3,0.25,0.25,2,10,7028
GVNS,wt_sds_4,0.3,0.25,0.25,3,0,16155
GVNS,wt_sds_4,0.3,0.25,0.25,3,1,8491
GVNS,wt_sds_4,0.3,0.25,0.25,3,2,7787
GVNS,wt_sds_4,0.3,0.25,0.25,3,3,7787
GVNS,wt_sds_4,0.3,0.25,0.25,3,4,7501
GVNS,wt_sds_4,0.3,0.25,0.25,3,5,7501
GVNS,wt_sds_4,0.3,0.25,0.25,3,6,7457
GVNS,wt_sds_4,0.3,0.25,0.25,3,7,7369
GVNS,wt_sds_4,0.3,0.25,0.25,3,8,7369
GVNS,wt_sds_4,0.3,0.25,0.25,3,9,7369
GVNS,wt_sds_4,0.3,0.25,0.25,3,10,7369
GVNS,wt_sds_4,0.3,0.25,0.25,4,0,16155
GVNS,wt_sds_4,0.3,0.25,0.25,4,1,7766
GVNS,wt_sds_4,0.3,0.25,0.25,4,2,7766
GVNS,wt_sds_4,0.3,0.25,0.25,4,3,7208
GVNS,wt_sds_4,0.3,0.25,0.25,4,4,7208
GVNS,wt_sds_4,0.3,0.25,0.25,4,5,7208
GVNS,wt_sds_4,0.3,0.25,0.25,4,6,7208
GVNS,wt_sds_4,0.3,0.25,0.25,4,7,7208
GVNS,wt_sds_4,0.3,0.25,0.25,4,8,7208
GVNS,wt_sds_4,0.3,0.25,0.25,4,9,7208
GVNS,wt_sds_4,0.3,0.25,0.25,4,10,7208
GVNS,wt_sds_5,0.3,0.25,0.25,0,0,10127
GVNS,wt_sds_5,0.3,0.25,0.25,0,1,6248
GVNS,wt_sds_5,0.3,0.25,0.25,0,2,5496
GVNS,wt_sds_5,0.3,0.25,0.25,0,3,5483
GVNS,wt_sds_5,0.3,0.25,0.25,0,4,5483
GVNS,wt_sds_5,0.3,0.25,0.25,0,5,5483
GVNS,wt_sds_5,0.3,0.25,0.25,0,6,5471
GVNS,wt_sds_5,0.3,0.25,0.25,0,7,5170
GVNS,wt_sds_5,0.3,0.25,0.25,0,8,5170
GVNS,wt_sds_5,0.3,0.25,0.25,0,9,5053
GVNS,wt_sds_5,0.3,0.25,0.25,0,10,5053
GVNS,wt_sds_5,0.3,0.25,0.25,1,0,10127
GVNS,wt_sds_5,0.3,0.25,0.25,1,1,6102
GVNS,wt_sds_5,0.3,0.25,0.25,1,2,5259
GVNS,wt_sds_5,0.3,0.25,0.25,1,3,4963
GVNS,wt_sds_5,0.3,0.25,0.25,1,4,4963
GVNS,wt_sds_5,0.3,0.25,0.25,1,5,4909
GVNS,wt_sds_5,0.3,0.25,0.25,1,6,4909
GVNS,wt_sds_5,0.3,0.25,0.25,1,7,4909
GVNS,wt_sds_5,0.3,0.25,0.25,1,8,4909
GVNS,wt_sds_5,0.3,0.25,0.25,1,9,4909
GVNS,wt_sds_5,0.3,0.25,0.25,1,10,4909
GVNS,wt_sds_5,0.3,0.25,0.25,2,0,10127
GVNS,wt_sds_5,0.3,0.25,0.25,2,1,6148
GVNS,wt_sds_5,0.3,0.25,0.25,2,2,5632
GVNS,wt_sds_5,0.3,0.25,0.25,2,3,5380
GVNS,wt_sds_5,0.3,0.25,0.25,2,4,5305
GVNS,wt_sds_5,0.3,0.25,0.25,2,5,5305
GVNS,wt_sds_5,0.3,0.25,0.25,2,6,5305
GVNS,wt_sds_5,0.3,0.25,0.25,2,7,5260
GVNS,wt_sds_5,0.3,0.25,0.25,2,8,5260
GVNS,wt_sds_5,0.3,0.25,0.25,2,9,5257
GVNS,wt_sds_5,0.3,0.25,0.25,2,10,5152
GVNS,wt_sds_5,0.3,0.25,0.25,3,0,10127
GVNS,wt_sds_5,0.3,0.25,0.25,3,1,5962
GVNS,wt_sds_5,0.3,0.25,0.25,3,2,5663
GVNS,wt_sds_5,0.3,0.25,0.25,3,3,5312
GVNS,wt_sds_5,0.3,0.25,0.25,3,4,4999
GVNS,wt_sds_5,0.3,0.25,0.25,3,5,4999
GVNS,wt_sds_5,0.3,0.25,0.25,3,6,4999
GVNS,wt_sds_5,0.3,0.25,0.25,3,7,4999
GVNS,wt_sds_5,0.3,0.25,0.25,3,8,4990
GVNS,wt_sds_5,0.3,0.25,0.25,3,9,4990
GVNS,wt_sds_5,0.3,0.25,0.25,3,10,4990
GVNS,wt_sds_5,0.3,0.25,0.25,4,0,10127
GVNS,wt_sds_5,0.3,0.25,0.25,4,1,6078
GVNS,wt_sds_5,0.3,0.25,0.25,4,2,5708
GVNS,wt_sds_5,0.3,0.25,0.25,4,3,5708
GVNS,wt_sds_5,0.3,0.25,0.25,4,4,5513
GVNS,wt_sds_5,0.3,0.25,0.25,4,5,5215
GVNS,wt_sds_5,0.3,0.25,0.25,4,6,5215
GVNS,wt_sds_5,0.3,0.25,0.25,4,7,5026
GVNS,wt_sds_5,0.3,0.25,0.25,4,8,5026
GVNS,wt_sds_5,0.3,0.25,0.25,4,9,5026
GVNS,wt_sds_5,0.3,0.25,0.25,4,10,5026
GVNS,wt_sds_11,0.3,0.25,0.75,0,0,16772
GVNS,wt_sds_11,0.3,0.25,0.75,0,1,5849
GVNS,wt_sds_11,0.3,0.25,0.75,0,2,5414
GVNS,wt_sds_11,0.3,0.25,0.75,0,3,5414
GVNS,wt_sds_11,0.3,0.25,0.75,0,4,5399
GVNS,wt_sds_11,0.3,0.25,0.75,0,5,5399
GVNS,wt_sds_11,0.3,0.25,0.75,0,6,5325
GVNS,wt_sds_11,0.3,0.25,0.75,0,7,5199
GVNS,wt_sds_11,0.3,0.25,0.75,0,8,5199
GVNS,wt_sds_11,0.3,0.25,0.75,0,9,5199
GVNS,wt_sds_11,0.3,0.25,0.75,0,10,5199
GVNS,wt_sds_11,0.3,0.25,0.75,1,0,16772
GVNS,wt_sds_11,0.3,0.25,0.75,1,1,7660
GVNS,wt_sds_11,0.3,0.25,0.75,1,2,7174
GVNS,wt_sds_11,0.3,0.25,0.75,1,3,6865
GVNS,wt_sds_11,0.3,0.25,0.75,1,4,6287
GVNS,wt_sds_11,0.3,0.25,0.75,1,5,5617
GVNS,wt_sds_11,0.3,0.25,0.75,1,6,5097
GVNS,wt_sds_11,0.3,0.25,0.75,1,7,5097
GVNS,wt_sds_11,0.3,0.25,0.75,1,8,5097
GVNS,wt_sds_11,0.3,0.25,0.75,1,9,5097
GVNS,wt_sds_11,0.3,0.25,0.75,1,10,4527
GVNS,wt_sds_11,0.3,0.25,0.75,2,0,16772
GVNS,wt_sds_11,0.3,0.25,0.75,2,1,5519
GVNS,wt_sds_11,0.3,0.25,0.75,2,2,5519
GVNS,wt_sds_11,0.3,0.25,0.75,2,3,5519
GVNS,wt_sds_11,0.3,0.25,0.75,2,4,5519
GVNS,wt_sds_11,0.3,0.25,0.75,2,5,5519
GVNS,wt_sds_11,0.3,0.25,0.75,2,6,5519
GVNS,wt_sds_11,0.3,0.25,0.75,2,7,5301
GVNS,wt_sds_11,0.3,0.25,0.75,2,8,5301
GVNS,wt_sds_11,0.3,0.25,0.75,2,9,5301
GVNS,wt_sds_11,0.3,0.25,0.75,2,10,5156
GVNS,wt_sds_11,0.3,0.25,0.75,3,0,16772
GVNS,wt_sds_11,0.3,0.25,0.75,3,1,5757
GVNS,wt_sds_11,0.3,0.25,0.75,3,2,5613
GVNS,wt_sds_11,0.3,0.25,0.75,3,3,5499
GVNS,wt_sds_11,0.3,0.25,0.75,3,4,5243
GVNS,wt_sds_11,0.3,0.25,0.75,3,5,5243
GVNS,wt_sds_11,0.3,0.25,0.75,3,6,5243
GVNS,wt_sds_11,0.3,0.25,0.75,3,7,5243
GVNS,wt_sds_11,0.3,0.25,0.75,3,8,5150
GVNS,wt_sds_11,0.3,0.25,0.75,3,9,5150
GVNS,wt_sds_11,0.3,0.25,0.75,3,10,5051
GVNS,wt_sds_11,0.3,0.25,0.75,4,0,16772
GVNS,wt_sds_11,0.3,0.25,0.75,4,1,6899
GVNS,wt_sds_11,0.3,0.25,0.75,4,2,6251
GVNS,wt_sds_11,0.3,0.25,0.75,4,3,6197
GVNS,wt_sds_11,0.3,0.25,0.75,4,4,5795
GVNS,wt_sds_11,0.3,0.25,0.75,4,5,5395
GVNS,wt_sds_11,0.3,0.25,0.75,4,6,4978
GVNS,wt_sds_11,0.3,0.25,0.75,4,7,4978
GVNS,wt_sds_11,0.3,0.25,0.75,4,8,4978
GVNS,wt_sds_11,0.3,0.25,0.75,4,9,4978
GVNS,wt_sds_11,0.3,0.25,0.75,4,10,4978
GVNS,wt_sds_12,0.3,0.25,0.75,0,0,751
GVNS,wt_sds_12,0.3,0.25,0.75,0,1,0
GVNS,wt_sds_12,0.3,0.25,0.75,0,2,0
GVNS,wt_sds_12,0.3,0.25,0.75,0,3,0
GVNS,wt_sds_12,0.3,0.25,0.75,0,4,0
GVNS,wt_sds_12,0.3,0.25,0.75,0,5,0
GVNS,wt_sds_12,0.3,0.25,0.75,0,6,0
GVNS,wt_sds_12,0.3,0.25,0.75,0,7,0
GVNS,wt_sds_12,0.3,0.25,0.75,0,8,0
GVNS,wt_sds_12,0.3,0.25,0.75,0,9,0
GVNS,wt_sds_12,0.3,0.25,0.75,0,10,0
GVNS,wt_sds_12,0.3,0.25,0.75,1,0,751
GVNS,wt_sds_12,0.3,0.25,0.75,1,1,0
GVNS,wt_sds_12,0.3,0.25,0.75,1,2,0
GVNS,wt_sds_12,0.3,0.25,0.75,1,3,0
GVNS,wt_sds_12,0.3,0.25,0.75,1,4,0
GVNS,wt_sds_12,0.3,0.25,0.75,1,5,0
GVNS,wt_sds_12,0.3,0.25,0.75,1,6,0
GVNS,wt_sds_12,0.3,0.25,0.75,1,7,0
GVNS,wt_sds_12,0.3,0.25,0.75,1,8,0
GVNS,wt_sds_12,0.3,0.25,0.75,1,9,0
GVNS,wt_sds_12,0.3,0.25,0.75,1,10,0
GVNS,wt_sds_12,0.3,0.25,0.75,2,0,751
GVNS,wt_sds_12,0.3,0.25,0.75,2,1,0
GVNS,wt_sds_12,0.3,0.25,0.75,2,2,0
GVNS,wt_sds_12,0.3,0.25,0.75,2,3,0
GVNS,wt_sds_12,0.3,0.25,0.75,2,4,0
GVNS,wt_sds_12,0.3,0.25,0.75,2,5,0
GVNS,wt_sds_12,0.3,0.25,0.75,2,6,0
GVNS,wt_sds_12,0.3,0.25,0.75,2,7,0
GVNS,wt_sds_12,0.3,0.25,0.75,2,8,0
GVNS,wt_sds_12,0.3,0.25,0.75,2,9,0
GVNS,wt_sds_12,0.3,0.25,0.75,2,10,0
GVNS,wt_sds_12,0.3,0.25,0.75,3,0,751
GVNS,wt_sds_12,0.3,0.25,0.75,3,1,0
GVNS,wt_sds_12,0.3,0.25,0.75,3,2,0
GVNS,wt_sds_12,0.3,0.25,0.75,3,3,0
GVNS,wt_sds_12,0.3,0.25,0.75,3,4,0
GVNS,wt_sds_12,0.3,0.25,0.75,3,5,0
GVNS,wt_sds_12,0.3,0.25,0.75,3,6,0
GVNS,wt_sds_12,0.3,0.25,0.75,3,7,0
GVNS,wt_sds_12,0.3,0.25,0.75,3,8,0
GVNS,wt_sds_12,0.3,0.25,0.75,3,9,0
GVNS,wt_sds_12,0.3,0.25,0.75,3,10,0
GVNS,wt_sds_12,0.3,0.25,0.75,4,0,751
GVNS,wt_sds_12,0.3,0.25,0.75,4,1,0
GVNS,wt_sds_12,0.3,0.25,0.75,4,2,0
GVNS,wt_sds_12,0.3,0.25,0.75,4,3,0
GVNS,wt_sds_12,0.3,0.25,0.75,4,4,0
GVNS,wt_sds_12,0.3,0.25,0.75,4,5,0
GVNS,wt_sds_12,0.3,0.25,0.75,4,6,0
GVNS,wt_sds_12,0.3,0.25,0.75,4,7,0
GVNS,wt_sds_12,0.3,0.25,0.75,4,8,0
GVNS,wt_sds_12,0.3,0.25,0.75,4,9,0
GVNS,wt_sds_12,0.3,0.25,0.75,4,10,0
GVNS,wt_sds_13,0.3,0.25,0.75,0,0,11556
GVNS,wt_sds_13,0.3,0.25,0.75,0,1,10224
GVNS,wt_sds_13,0.3,0.25,0.75,0,2,8508
GVNS,wt_sds_13,0.3,0.25,0.75,0,3,8469
GVNS,wt_sds_13,0.3,0.25,0.75,0,4,7931
GVNS,wt_sds_13,0.3,0.25,0.75,0,5,6194
GVNS,wt_sds_13,0.3,0.25,0.75,0,6,6126
GVNS,wt_sds_13,0.3,0.25,0.75,0,7,6126
GVNS,wt_sds_13,0.3,0.25,0.75,0,8,6126
GVNS,wt_sds_13,0.3,0.25,0.75,0,9,5832
GVNS,wt_sds_13,0.3,0.25,0.75,0,10,5832
GVNS,wt_sds_13,0.3,0.25,0.75,1,0,11556
GVNS,wt_sds_13,0.3,0.25,0.75,1,1,8661
GVNS,wt_sds_13,0.3,0.25,0.75,1,2,6879
GVNS,wt_sds_13,0.3,0.25,0.75,1,3,6879
GVNS,wt_sds_13,0.3,0.25,0.75,1,4,6879
GVNS,wt_sds_13,0.3,0.25,0.75,1,5,6879
GVNS,wt_sds_13,0.3,0.25,0.75,1,6,6697
GVNS,wt_sds_13,0.3,0.25,0.75,1,7,6066
GVNS,wt_sds_13,0.3,0.25,0.75,1,8,6066
GVNS,wt_sds_13,0.3,0.25,0.75,1,9,5884
GVNS,wt_sds_13,0.3,0.25,0.75,1,10,5611
GVNS,wt_sds_13,0.3,0.25,0.75,2,0,11556
GVNS,wt_sds_13,0.3,0.25,0.75,2,1,7372
GVNS,wt_sds_13,0.3,0.25,0.75,2,2,7214
GVNS,wt_sds_13,0.3,0.25,0.75,2,3,6579
GVNS,wt_sds_13,0.3,0.25,0.75,2,4,6579
GVNS,wt_sds_13,0.3,0.25,0.75,2,5,6491
GVNS,wt_sds_13,0.3,0.25,0.75,2,6,6491
GVNS,wt_sds_13,0.3,0.25,0.75,2,7,6491
GVNS,wt_sds_13,0.3,0.25,0.75,2,8,6394
GVNS,wt_sds_13,0.3,0.25,0.75,2,9,6170
GVNS,wt_sds_13,0.3,0.25,0.75,2,10,6170
GVNS,wt_sds_13,0.3,0.25,0.75,3,0,11556
GVNS,wt_sds_13,0.3,0.25,0.75,3,1,9653
GVNS,wt_sds_13,0.3,0.25,0.75,3,2,8158
GVNS,wt_sds_13,0.3,0.25,0.75,3,3,7699
GVNS,wt_sds_13,0.3,0.25,0.75,3,4,7699
GVNS,wt_sds_13,0.3,0.25,0.75,3,5,7699
GVNS,wt_sds_13,0.3,0.25,0.75,3,6,7563
GVNS,wt_sds_13,0.3,0.25,0.75,3,7,7348
GVNS,wt_sds_13,0.3,0.25,0.75,3,8,7132
GVNS,wt_sds_13,0.3,0.25,0.75,3,9,6625
GVNS,wt_sds_13,0.3,0.25,0.75,3,10,6478
GVNS,wt_sds_13,0.3,0.25,0.75,4,0,11556
GVNS,wt_sds_13,0.3,0.25,0.75,4,1,7372
GVNS,wt_sds_13,0.3,0.25,0.75,4,2,7372
GVNS,wt_sds_13,0.3,0.25,0.75,4,3,7148
GVNS,wt_sds_13,0.3,0.25,0.75,4,4,6579
GVNS,wt_sds_13,0.3,0.25,0.75,4,5,6579
GVNS,wt_sds_13,0.3,0.25,0.75,4,6,6579
GVNS,wt_sds_13,0.3,0.25,0.75,4,7,6579
GVNS,wt_sds_13,0.3,0.25,0.75,4,8,6546
GVNS,wt_sds_13,0.3,0.25,0.75,4,9,6546
GVNS,wt_sds_13,0.3,0.25,0.75,4,10,6546
GVNS,wt_sds_14,0.3,0.25,0.75,0,0,15307
GVNS,wt_sds_14,0.3,0.25,0.75,0,1,5696
GVNS,wt_sds_14,0.3,0.25,0.75,0,2,4479
GVNS,wt_sds_14,0.3,0.25,0.75,0,3,4353
GVNS,wt_sds_14,0.3,0.25,0.75,0,4,4353
GVNS,wt_sds_14,0.3,0.25,0.75,0,5,4353
GVNS,wt_sds_14,0.3,0.25,0.75,0,6,4353
GVNS,wt_sds_14,0.3,0.25,0.75,0,7,4353
GVNS,wt_sds_14,0.3,0.25,0.75,0,8,4353
GVNS,wt_sds_14,0.3,0.25,0.75,0,9,4353
GVNS,wt_sds_14,0.3,0.25,0.75,0,10,4353
GVNS,wt_sds_14,0.3,0.25,0.75,1,0,15307
GVNS,wt_sds_14,0.3,0.25,0.75,1,1,6602
GVNS,wt_sds_14,0.3,0.25,0.75,1,2,5199
GVNS,wt_sds_14,0.3,0.25,0.75,1,3,4511
GVNS,wt_sds_14,0.3,0.25,0.75,1,4,4431
GVNS,wt_sds_14,0.3,0.25,0.75,1,5,4069
GVNS,wt_sds_14,0.3,0.25,0.75,1,6,3993
GVNS,wt_sds_14,0.3,0.25,0.75,1,7,3993
GVNS,wt_sds_14,0.3,0.25,0.75,1,8,3777
GVNS,wt_sds_14,0.3,0.25,0.75,1,9,3777
GVNS,wt_sds_14,0.3,0.25,0.75,1,10,3777
GVNS,wt_sds_14,0.3,0.25,0.75,2,0,15307
GVNS,wt_sds_14,0.3,0.25,0.75,2,1,5214
GVNS,wt_sds_14,0.3,0.25,0.75,2,2,4961
GVNS,wt_sds_14,0.3,0.25,0.75,2,3,4961
GVNS,wt_sds_14,0.3,0.25,0.75,2,4,4422
GVNS,wt_sds_14,0.3,0.25,0.75,2,5,4217
GVNS,wt_sds_14,0.3,0.25,0.75,2,6,4217
GVNS,wt_sds_14,0.3,0.25,0.75,2,7,4057
GVNS,wt_sds_14,0.3,0.25,0.75,2,8,3747
GVNS,wt_sds_14,0.3,0.25,0.75,2,9,3698
GVNS,wt_sds_14,0.3,0.25,0.75,2,10,3446
GVNS,wt_sds_14,0.3,0.25,0.75,3,0,15307
GVNS,wt_sds_14,0.3,0.25,0.75,3,1,5945
GVNS,wt_sds_14,0.3,0.25,0.75,3,2,4653
GVNS,wt_sds_14,0.3,0.25,0.75,3,3,4653
GVNS,wt_sds_14,0.3,0.25,0.75,3,4,4085
GVNS,wt_sds_14,0.3,0.25,0.75,3,5,3861
GVNS,wt_sds_14,0.3,0.25,0.75,3,6,3712
GVNS,wt_sds_14,0.3,0.25,0.75,3,7,3712
GVNS,wt_sds_14,0.3,0.25,0.75,3,8,3574
GVNS,wt_sds_14,0.3,0.25,0.75,3,9,3574
GVNS,wt_sds_14,0.3,0.25,0.75,3,10,3574
GVNS,wt_sds_14,0.3,0.25,0.75,4,0,15307
GVNS,wt_sds_14,0.3,0.25,0.75,4,1,5629
GVNS,wt_sds_14,0.3,0.25,0.75,4,2,5301
GVNS,wt_sds_14,0.3,0.25,0.75,4,3,4461
GVNS,wt_sds_14,0.3,0.25,0.75,4,4,4171
GVNS,wt_sds_14,0.3,0.25,0.75,4,5,4171
GVNS,wt_sds_14,0.3,0.25,0.75,4,6,4171
GVNS,wt_sds_14,0.3,0.25,0.75,4,7,3980
GVNS,wt_sds_14,0.3,0.25,0.75,4,8,3980
GVNS,wt_sds_14,0.3,0.25,0.75,4,9,3980
GVNS,wt_sds_14,0.3,0.25,0.75,4,10,3871
GVNS,wt_sds_15,0.3,0.25,0.75,0,0,7572
GVNS,wt_sds_15,0.3,0.25,0.75,0,1,3213
GVNS,wt_sds_15,0.3,0.25,0.75,0,2,3018
GVNS,wt_sds_15,0.3,0.25,0.75,0,3,3018
GVNS,wt_sds_15,0.3,0.25,0.75,0,4,3018
GVNS,wt_sds_15,0.3,0.25,0.75,0,5,2829
GVNS,wt_sds_15,0.3,0.25,0.75,0,6,2829
GVNS,wt_sds_15,0.3,0.25,0.75,0,7,2829
GVNS,wt_sds_15,0.3,0.25,0.75,0,8,2829
GVNS,wt_sds_15,0.3,0.25,0.75,0,9,2829
GVNS,wt_sds_15,0.3,0.25,0.75,0,10,2829
GVNS,wt_sds_15,0.3,0.25,0.75,1,0,7572
GVNS,wt_sds_15,0.3,0.25,0.75,1,1,4055
GVNS,wt_sds_15,0.3,0.25,0.75,1,2,3429
GVNS,wt_sds_15,0.3,0.25,0.75,1,3,3135
GVNS,wt_sds_15,0.3,0.25,0.75,1,4,2838
GVNS,wt_sds_15,0.3,0.25,0.75,1,5,2289
GVNS,wt_sds_15,0.3,0.25,0.75,1,6,2079
GVNS,wt_sds_15,0.3,0.25,0.75,1,7,2079
GVNS,wt_sds_15,0.3,0.25,0.75,1,8,2079
GVNS,wt_sds_15,0.3,0.25,0.75,1,9,1636
GVNS,wt_sds_15,0.3,0.25,0.75,1,10,1636
GVNS,wt_sds_15,0.3,0.25,0.75,2,0,7572
GVNS,wt_sds_15,0.3,0.25,0.75,2,1,3833
GVNS,wt_sds_15,0.3,0.25,0.75,2,2,3609
GVNS,wt_sds_15,0.3,0.25,0.75,2,3,3609
GVNS,wt_sds_15,0.3,0.25,0.75,2,4,3609
GVNS,wt_sds_15,0.3,0.25,0.75,2,5,3609
GVNS,wt_sds_15,0.3,0.25,0.75,2,6,3609
GVNS,wt_sds_15,0.3,0.25,0.75,2,7,3180
GVNS,wt_sds_15,0.3,0.25,0.75,2,8,3009
GVNS,wt_sds_15,0.3,0.25,0.75,2,9,3009
GVNS,wt_sds_15,0.3,0.25,0.75,2,10,3009
GVNS,wt_sds_15,0.3,0.25,0.75,3,0,7572
GVNS,wt_sds_15,0.3,0.25,0.75,3,1,3342
GVNS,wt_sds_15,0.3,0.25,0.75,3,2,2947
GVNS,wt_sds_15,0.3,0.25,0.75,3,3,2947
GVNS,wt_sds_15,0.3,0.25,0.75,3,4,2947
GVNS,wt_sds_15,0.3,0.25,0.75,3,5,2947
GVNS,wt_sds_15,0.3,0.25,0.75,3,6,2947
GVNS,wt_sds_15,0.3,0.25,0.75,3,7,2947
GVNS,wt_sds_15,0.3,0.25,0.75,3,8,2767
GVNS,wt_sds_15,0.3,0.25,0.75,3,9,2434
GVNS,wt_sds_15,0.3,0.25,0.75,3,10,2424
GVNS,wt_sds_15,0.3,0.25,0.75,4,0,7572
GVNS,wt_sds_15,0.3,0.25,0.75,4,1,5416
GVNS,wt_sds_15,0.3,0.25,0.75,4,2,3563
GVNS,wt_sds_15,0.3,0.25,0.75,4,3,3071
GVNS,wt_sds_15,0.3,0.25,0.75,4,4,3071
GVNS,wt_sds_15,0.3,0.25,0.75,4,5,3071
GVNS,wt_sds_15,0.3,0.25,0.75,4,6,2625
GVNS,wt_sds_15,0.3,0.25,0.75,4,7,2548
GVNS,wt_sds_15,0.3,0.25,0.75,4,8,2350
GVNS,wt_sds_15,0.3,0.25,0.75,4,9,2343
GVNS,wt_sds_15,0.3,0.25,0.75,4,10,1883
GVNS,wt_sds_21,0.3,0.75,0.25,0,0,3736
GVNS,wt_sds_21,0.3,0.75,0.25,0,1,0
GVNS,wt_sds_21,0.3,0.75,0.25,0,2,0
GVNS,wt_sds_21,0.3,0.75,0.25,0,3,0
GVNS,wt_sds_21,0.3,0.75,0.25,0,4,0
GVNS,wt_sds_21,0.3,0.75,0.25,0,5,0
GVNS,wt_sds_21,0.3,0.75,0.25,0,6,0
GVNS,wt_sds_21,0.3,0.75,0.25,0,7,0
GVNS,wt_sds_21,0.3,0.75,0.25,0,8,0
GVNS,wt_sds_21,0.3,0.75,0.25,0,9,0
GVNS,wt_sds_21,0.3,0.75,0.25,0,10,0
GVNS,wt_sds_21,0.3,0.75,0.25,1,0,3736
GVNS,wt_sds_21,0.3,0.75,0.25,1,1,0
GVNS,wt_sds_21,0.3,0.75,0.25,1,2,0
GVNS,wt_sds_21,0.3,0.75,0.25,1,3,0
GVNS,wt_sds_21,0.3,0.75,0.25,1,4,0
GVNS,wt_sds_21,0.3,0.75,0.25,1,5,0
GVNS,wt_sds_21,0.3,0.75,0.25,1,6,0
GVNS,wt_sds_21,0.3,0.75,0.25,1,7,0
GVNS,wt_sds_21,0.3,0.75,0.25,1,8,0
GVNS,wt_sds_21,0.3,0.75,0.25,1,9,0
GVNS,wt_sds_21,0.3,0.75,0.25,1,10,0
GVNS,wt_sds_21,0.3,0.75,0.25,2,0,3736
GVNS,wt_sds_21,0.3,0.75,0.25,2,1,0
GVNS,wt_sds_21,0.3,0.75,0.25,2,2,0
GVNS,wt_sds_21,0.3,0.75,0.25,2,3,0
GVNS,wt_sds_21,0.3,0.75,0.25,2,4,0
GVNS,wt_sds_21,0.3,0.75,0.25,2,5,0
GVNS,wt_sds_21,0.3,0.75,0.25,2,6,0
GVNS,wt_sds_21,0.3,0.75,0.25,2,7,0
GVNS,wt_sds_21,0.3,0.75,0.25,2,8,0
GVNS,wt_sds_21,0.3,0.75,0.25,2,9,0
GVNS,wt_sds_21,0.3,0.75,0.25,2,10,0
GVNS,wt_sds_21,0.3,0.75,0.25,3,0,3736
GVNS,wt_sds_21,0.3,0.75,0.25,3,1,0
GVNS,wt_sds_21,0.3,0.75,0.25,3,2,0
GVNS,wt_sds_21,0.3,0.75,0.25,3,3,0
GVNS,wt_sds_21,0.3,0.75,0.25,3,4,0
GVNS,wt_sds_21,0.3,0.75,0.25,3,5,0
GVNS,wt_sds_21,0.3,0.75,0.25,3,6,0
GVNS,wt_sds_21,0.3,0.75,0.25,3,7,0
GVNS,wt_sds_21,0.3,0.75,0.25,3,8,0
GVNS,wt_sds_21,0.3,0.75,0.25,3,9,0
GVNS,wt_sds_21,0.3,0.75,0.25,3,10,0
GVNS,wt_sds_21,0.3,0.75,0.25,4,0,3736
GVNS,wt_sds_21,0.3,0.75,0.25,4,1,0
GVNS,wt_sds_21,0.3,0.75,0.25,4,2,0
GVNS,wt_sds_21,0.3,0.75,0.25,4,3,0
GVNS,wt_sds_21,0.3,0.75,0.25,4,4,0
GVNS,wt_sds_21,0.3,0.75,0.25,4,5,0
GVNS,wt_sds_21,0.3,0.75,0.25,4,6,0
GVNS,wt_sds_21,0.3,0.75,0.25,4,7,0
GVNS,wt_sds_21,0.3,0.75,0.25,4,8,0
GVNS,wt_sds_21,0.3,0.75,0.25,4,9,0
GVNS,wt_sds_21,0.3,0.75,0.25,4,10,0
GVNS,wt_sds_22,0.3,0.75,0.25,0,0,1325
GVNS,wt_sds_22,0.3,0.75,0.25,0,1,0
GVNS,wt_sds_22,0.3,0.75,0.25,0,2,0
GVNS,wt_sds_22,0.3,0.75,0.25,0,3,0
GVNS,wt_sds_22,0.3,0.75,0.25,0,4,0
GVNS,wt_sds_22,0.3,0.75,0.25,0,5,0
GVNS,wt_sds_22,0.3,0.75,0.25,0,6,0
GVNS,wt_sds_22,0.3,0.75,0.25,0,7,0
GVNS,wt_sds_22,0.3,0.75,0.25,0,8,0
GVNS,wt_sds_22,0.3,0.75,0.25,0,9,0
GVNS,wt_sds_22,0.3,0.75,0.25,0,10,0
GVNS,wt_sds_22,0.3,0.75,0.25,1,0,1325
GVNS,wt_sds_22,0.3,0.75,0.25,1,1,0
GVNS,wt_sds_22,0.3,0.75,0.25,1,2,0
GVNS,wt_sds_22,0.3,0.75,0.25,1,3,0
GVNS,wt_sds_22,0.3,0.75,0.25,1,4,0
GVNS,wt_sds_22,0.3,0.75,0.25,1,5,0
GVNS,wt_sds_22,0.3,0.75,0.25,1,6,0
GVNS,wt_sds_22,0.3,0.75,0.25,1,7,0
GVNS,wt_sds_22,0.3,0.75,0.25,1,8,0
GVNS,wt_sds_22,0.3,0.75,0.25,1,9,0
GVNS,wt_sds_22,0.3,0.75,0.25,1,10,0
GVNS,wt_sds_22,0.3,0.75,0.25,2,0,1325
GVNS,wt_sds_22,0.3,0.75,0.25,2,1,0
GVNS,wt_sds_22,0.3,0.75,0.25,2,2,0
GVNS,wt_sds_22,0.3,0.75,0.25,2,3,0
GVNS,wt_sds_22,0.3,0.75,0.25,2,4,0
GVNS,wt_sds_22,0.3,0.75,0.25,2,5,0
GVNS,wt_sds_22,0.3,0.75,0.25,2,6,0
GVNS,wt_sds_22,0.3,0.75,0.25,2,7,0
GVNS,wt_sds_22,0.3,0.75,0.25,2,8,0
GVNS,wt_sds_22,0.3,0.75,0.25,2,9,0
GVNS,wt_sds_22,0.3,0.75,0.25,2,10,0
GVNS,wt_sds_22,0.3,0.75,0.25,3,0,1325
GVNS,wt_sds_22,0.3,0.75,0.25,3,1,0
GVNS,wt_sds_22,0.3,0.75,0.25,3,2,0
GVNS,wt_sds_22,0.3,0.75,0.25,3,3,0
GVNS,wt_sds_22,0.3,0.75,0.25,3,4,0
GVNS,wt_sds_22,0.3,0.75,0.25,3,5,0
GVNS,wt_sds_22,0.3,0.75,0.25,3,6,0
GVNS,wt_sds_22,0.3,0.75,0.25,3,7,0
GVNS,wt_sds_22,0.3,0.75,0.25,3,8,0
GVNS,wt_sds_22,0.3,0.75,0.25,3,9,0
GVNS,wt_sds_22,0.3,0.75,0.25,3,10,0
GVNS,wt_sds_22,0.3,0.75,0.25,4,0,1325
GVNS,wt_sds_22,0.3,0.75,0.25,4,1,0
GVNS,wt_sds_22,0.3,0.75,0.25,4,2,0
GVNS,wt_sds_22,0.3,0.75,0.25,4,3,0
GVNS,wt_sds_22,0.3,0.75,0.25,4,4,0
GVNS,wt_sds_22,0.3,0.75,0.25,4,5,0
GVNS,wt_sds_22,0.3,0.75,0.25,4,6,0
GVNS,wt_sds_22,0.3,0.75,0.25,4,7,0
GVNS,wt_sds_22,0.3,0.75,0.25,4,8,0
GVNS,wt_sds_22,0.3,0.75,0.25,4,9,0
GVNS,wt_sds_22,0.3,0.75,0.25,4,10,0
GVNS,wt_sds_23,0.3,0.75,0.25,0,0,0
GVNS,wt_sds_23,0.3,0.75,0.25,0,1,0
GVNS,wt_sds_23,0.3,0.75,0.25,0,2,0
GVNS,wt_sds_23,0.3,0.75,0.25,0,3,0
GVNS,wt_sds_23,0.3,0.75,0.25,0,4,0
GVNS,wt_sds_23,0.3,0.75,0.25,0,5,0
GVNS,wt_sds_23,0.3,0.75,0.25,0,6,0
GVNS,wt_sds_23,0.3,0.75,0.25,0,7,0
GVNS,wt_sds_23,0.3,0.75,0.25,0,8,0
GVNS,wt_sds_23,0.3,0.75,0.25,0,9,0
GVNS,wt_sds_23,0.3,0.75,0.25,0,10,0
GVNS,wt_sds_23,0.3,0.75,0.25,1,0,0
GVNS,wt_sds_23,0.3,0.75,0.25,1,1,0
GVNS,wt_sds_23,0.3,0.75,0.25,1,2,0
GVNS,wt_sds_23,0.3,0.75,0.25,1,3,0
GVNS,wt_sds_23,0.3,0.75,0.25,1,4,0
GVNS,wt_sds_23,0.3,0.75,0.25,1,5,0
GVNS,wt_sds_23,0.3,0.75,0.25,1,6,0
GVNS,wt_sds_23,0.3,0.75,0.25,1,7,0
GVNS,wt_sds_23,0.3,0.75,0.25,1,8,0
GVNS,wt_sds_23,0.3,0.75,0.25,1,9,0
GVNS,wt_sds_23,0.3,0.75,0.25,1,10,0
GVNS,wt_sds_23,0.3,0.75,0.25,2,0,0
GVNS,wt_sds_23,0.3,0.75,0.25,2,1,0
GVNS,wt_sds_23,0.3,0.75,0.25,2,2,0
GVNS,wt_sds_23,0.3,0.75,0.25,2,3,0
GVNS,wt_sds_23,0.3,0.75,0.25,2,4,0
GVNS,wt_sds_23,0.3,0.75,0.25,2,5,0
GVNS,wt_sds_23,0.3,0.75,0.25,2,6,0
GVNS,wt_sds_23,0.3,0.75,0.25,2,7,0
GVNS,wt_sds_23,0.3,0.75,0.25,2,8,0
GVNS,wt_sds_23,0.3,0.75,0.25,2,9,0
GVNS,wt_sds_23,0.3,0.75,0.25,2,10,0
GVNS,wt_sds_23,0.3,0.75,0.25,3,0,0
GVNS,wt_sds_23,0.3,0.75,0.25,3,1,0
GVNS,wt_sds_23,0.3,0.75,0.25,3,2,0
GVNS,wt_sds_23,0.3,0.75,0.25,3,3,0
GVNS,wt_sds_23,0.3,0.75,0.25,3,4,0
GVNS,wt_sds_23,0.3,0.75,0.25,3,5,0
GVNS,wt_sds_23,0.3,0.75,0.25,3,6,0
GVNS,wt_sds_23,0.3,0.75,0.25,3,7,0
GVNS,wt_sds_23,0.3,0.75,0.25,3,8,0
GVNS,wt_sds_23,0.3,0.75,0.25,3,9,0
GVNS,wt_sds_23,0.3,0.75,0.25,3,10,0
GVNS,wt_sds_23,0.3,0.75,0.25,4,0,0
GVNS,wt_sds_23,0.3,0.75,0.25,4,1,0
GVNS,wt_sds_23,0.3,0.75,0.25,4,2,0
GVNS,wt_sds_23,0.3,0.75,0.25,4,3,0
GVNS,wt_sds_23,0.3,0.75,0.25,4,4,0
GVNS,wt_sds_23,0.3,0.75,0.25,4,5,0
GVNS,wt_sds_23,0.3,0.75,0.25,4,6,0
GVNS,wt_sds_23,0.3,0.75,0.25,4,7,0
GVNS,wt_sds_23,0.3,0.75,0.25,4,8,0
GVNS,wt_sds_23,0.3,0.75,0.25,4,9,0
GVNS,wt_sds_23,0.3,0.75,0.25,4,10,0
GVNS,wt_sds_24,0.3,0.75,0.25,0,0,4871
GVNS,wt_sds_24,0.3,0.75,0.25,0,1,2566
GVNS,wt_sds_24,0.3,0.75,0.25,0,2,2524
GVNS,wt_sds_24,0.3,0.75,0.25,0,3,1487
GVNS,wt_sds_24,0.3,0.75,0.25,0,4,1113
GVNS,wt_sds_24,0.3,0.75,0.25,0,5,1113
GVNS,wt_sds_24,0.3,0.75,0.25,0,6,1113
GVNS,wt_sds_24,0.3,0.75,0.25,0,7,1113
GVNS,wt_sds_24,0.3,0.75,0.25,0,8,1113
GVNS,wt_sds_24,0.3,0.75,0.25,0,9,1113
GVNS,wt_sds_24,0.3,0.75,0.25,0,10,1103
GVNS,wt_sds_24,0.3,0.75,0.25,1,0,4871
GVNS,wt_sds_24,0.3,0.75,0.25,1,1,2684
GVNS,wt_sds_24,0.3,0.75,0.25,1,2,2492
GVNS,wt_sds_24,0.3,0.75,0.25,1,3,2492
GVNS,wt_sds_24,0.3,0.75,0.25,1,4,2488
GVNS,wt_sds_24,0.3,0.75,0.25,1,5,1876
GVNS,wt_sds_24,0.3,0.75,0.25,1,6,1293
GVNS,wt_sds_24,0.3,0.75,0.25,1,7,1121
GVNS,wt_sds_24,0.3,0.75,0.25,1,8,1119
GVNS,wt_sds_24,0.3,0.75,0.25,1,9,1119
GVNS,wt_sds_24,0.3,0.75,0.25,1,10,1119
GVNS,wt_sds_24,0.3,0.75,0.25,2,0,4871
GVNS,wt_sds_24,0.3,0.75,0.25,2,1,2212
GVNS,wt_sds_24,0.3,0.75,0.25,2,2,1295
GVNS,wt_sds_24,0.3,0.75,0.25,2,3,1117
GVNS,wt_sds_24,0.3,0.75,0.25,2,4,1117
GVNS,wt_sds_24,0.3,0.75,0.25,2,5,1117
GVNS,wt_sds_24,0.3,0.75,0.25,2,6,1117
GVNS,wt_sds_24,0.3,0.75,0.25,2,7,1117
GVNS,wt_sds_24,0.3,0.75,0.25,2,8,1113
GVNS,wt_sds_24,0.3,0.75,0.25,2,9,1113
GVNS,wt_sds_24,0.3,0.75,0.25,2,10,1113
GVNS,wt_sds_24,0.3,0.75,0.25,3,0,4871
GVNS,wt_sds_24,0.3,0.75,0.25,3,1,2610
GVNS,wt_sds_24,0.3,0.75,0.25,3,2,1687
GVNS,wt_sds_24,0.3,0.75,0.25,3,3,1519
GVNS,wt_sds_24,0.3,0.75,0.25,3,4,1503
GVNS,wt_sds_24,0.3,0.75,0.25,3,5,1403
GVNS,wt_sds_24,0.3,0.75,0.25,3,6,1122
GVNS,wt_sds_24,0.3,0.75,0.25,3,7,1113
GVNS,wt_sds_24,0.3,0.75,0.25,3,8,1110
GVNS,wt_sds_24,0.3,0.75,0.25,3,9,1110
GVNS,wt_sds_24,0.3,0.75,0.25,3,10,1110
GVNS,wt_sds_24,0.3,0.75,0.25,4,0,4871
GVNS,wt_sds_24,0.3,0.75,0.25,4,1,2662
GVNS,wt_sds_24,0.3,0.75,0.25,4,2,1933
GVNS,wt_sds_24,0.3,0.75,0.25,4,3,1603
GVNS,wt_sds_24,0.3,0.75,0.25,4,4,1603
GVNS,wt_sds_24,0.3,0.75,0.25,4,5,1353
GVNS,wt_sds_24,0.3,0.75,0.25,4,6,1353
GVNS,wt_sds_24,0.3,0.75,0.25,4,7,1353
GVNS,wt_sds_24,0.3,0.75,0.25,4,8,1121
GVNS,wt_sds_24,0.3,0.75,0.25,4,9,1119
GVNS,wt_sds_24,0.3,0.75,0.25,4,10,1119
GVNS,wt_sds_25,0.3,0.75,0.25,0,0,2696
GVNS,wt_sds_25,0.3,0.75,0.25,0,1,21
GVNS,wt_sds_25,0.3,0.75,0.25,0,2,0
GVNS,wt_sds_25,0.3,0.75,0.25,0,3,0
GVNS,wt_sds_25,0.3,0.75,0.25,0,4,0
GVNS,wt_sds_25,0.3,0.75,0.25,0,5,0
GVNS,wt_sds_25,0.3,0.75,0.25,0,6,0
GVNS,wt_sds_25,0.3,0.75,0.25,0,7,0
GVNS,wt_sds_25,0.3,0.75,0.25,0,8,0
GVNS,wt_sds_25,0.3,0.75,0.25,0,9,0
GVNS,wt_sds_25,0.3,0.75,0.25,0,10,0
GVNS,wt_sds_25,0.3,0.75,0.25,1,0,2696
GVNS,wt_sds_25,0.3,0.75,0.25,1,1,9
GVNS,wt_sds_25,0.3,0.75,0.25,1,2,0
GVNS,wt_sds_25,0.3,0.75,0.25,1,3,0
GVNS,wt_sds_25,0.3,0.75,0.25,1,4,0
GVNS,wt_sds_25,0.3,0.75,0.25,1,5,0
GVNS,wt_sds_25,0.3,0.75,0.25,1,6,0
GVNS,wt_sds_25,0.3,0.75,0.25,1,7,0
GVNS,wt_sds_25,0.3,0.75,0.25,1,8,0
GVNS,wt_sds_25,0.3,0.75,0.25,1,9,0
GVNS,wt_sds_25,0.3,0.75,0.25,1,10,0
GVNS,wt_sds_25,0.3,0.75,0.25,2,0,2696
GVNS,wt_sds_25,0.3,0.75,0.25,2,1,0
GVNS,wt_sds_25,0.3,0.75,0.25,2,2,0
GVNS,wt_sds_25,0.3,0.75,0.25,2,3,0
GVNS,wt_sds_25,0.3,0.75,0.25,2,4,0
GVNS,wt_sds_25,0.3,0.75,0.25,2,5,0
GVNS,wt_sds_25,0.3,0.75,0.25,2,6,0
GVNS,wt_sds_25,0.3,0.75,0.25,2,7,0
GVNS,wt_sds_25,0.3,0.75,0.25,2,8,0
GVNS,wt_sds_25,0.3,0.75,0.25,2,9,0
GVNS,wt_sds_25,0.3,0.75,0.25,2,10,0
GVNS,wt_sds_25,0.3,0.75,0.25,3,0,2696
GVNS,wt_sds_25,0.3,0.75,0.25,3,1,16
GVNS,wt_sds_25,0.3,0.75,0.25,3,2,0
GVNS,wt_sds_25,0.3,0.75,0.25,3,3,0
GVNS,wt_sds_25,0.3,0.75,0.25,3,4,0
GVNS,wt_sds_25,0.3,0.75,0.25,3,5,0
GVNS,wt_sds_25,0.3,0.75,0.25,3,6,0
GVNS,wt_sds_25,0.3,0.75,0.25,3,7,0
GVNS,wt_sds_25,0.3,0.75,0.25,3,8,0
GVNS,wt_sds_25,0.3,0.75,0.25,3,9,0
GVNS,wt_sds_25,0.3,0.75,0.25,3,10,0
GVNS,wt_sds_25,0.3,0.75,0.25,4,0,2696
GVNS,wt_sds_25,0.3,0.75,0.25,4,1,34
GVNS,wt_sds_25,0.3,0.75,0.25,4,2,0
GVNS,wt_sds_25,0.3,0.75,0.25,4,3,0
GVNS,wt_sds_25,0.3,0.75,0.25,4,4,0
GVNS,wt_sds_25,0.3,0.75,0.25,4,5,0
GVNS,wt_sds_25,0.3,0.75,0.25,4,6,0
GVNS,wt_sds_25,0.3,0.75,0.25,4,7,0
GVNS,wt_sds_25,0.3,0.75,0.25,4,8,0
GVNS,wt_sds_25,0.3,0.75,0.25,4,9,0
GVNS,wt_sds_25,0.3,0.75,0.25,4,10,0
GVNS,wt_sds_31,0.3,0.75,0.75,0,0,237
GVNS,wt_sds_31,0.3,0.75,0.75,0,1,0
GVNS,wt_sds_31,0.3,0.75,0.75,0,2,0
GVNS,wt_sds_31,0.3,0.75,0.75,0,3,0
GVNS,wt_sds_31,0.3,0.75,0.75,0,4,0
GVNS,wt_sds_31,0.3,0.75,0.75,0,5,0
GVNS,wt_sds_31,0.3,0.75,0.75,0,6,0
GVNS,wt_sds_31,0.3,0.75,0.75,0,7,0
GVNS,wt_sds_31,0.3,0.75,0.75,0,8,0
GVNS,wt_sds_31,0.3,0.75,0.75,0,9,0
GVNS,wt_sds_31,0.3,0.75,0.75,0,10,0
GVNS,wt_sds_31,0.3,0.75,0.75,1,0,237
GVNS,wt_sds_31,0.3,0.75,0.75,1,1,0
GVNS,wt_sds_31,0.3,0.75,0.75,1,2,0
GVNS,wt_sds_31,0.3,0.75,0.75,1,3,0
GVNS,wt_sds_31,0.3,0.75,0.75,1,4,0
GVNS,wt_sds_31,0.3,0.75,0.75,1,5,0
GVNS,wt_sds_31,0.3,0.75,0.75,1,6,0
GVNS,wt_sds_31,0.3,0.75,0.75,1,7,0
GVNS,wt_sds_31,0.3,0.75,0.75,1,8,0
GVNS,wt_sds_31,0.3,0.75,0.75,1,9,0
GVNS,wt_sds_31,0.3,0.75,0.75,1,10,0
GVNS,wt_sds_31,0.3,0.75,0.75,2,0,237
GVNS,wt_sds_31,0.3,0.75,0.75,2,1,0
GVNS,wt_sds_31,0.3,0.75,0.75,2,2,0
GVNS,wt_sds_31,0.3,0.75,0.75,2,3,0
GVNS,wt_sds_31,0.3,0.75,0.75,2,4,0
GVNS,wt_sds_31,0.3,0.75,0.75,2,5,0
GVNS,wt_sds_31,0.3,0.75,0.75,2,6,0
GVNS,wt_sds_31,0.3,0.75,0.75,2,7,0
GVNS,wt_sds_31,0.3,0.75,0.75,2,8,0
GVNS,wt_sds_31,0.3,0.75,0.75,2,9,0
GVNS,wt_sds_31,0.3,0.75,0.75,2,10,0
GVNS,wt_sds_31,0.3,0.75,0.75,3,0,237
GVNS,wt_sds_31,0.3,0.75,0.75,3,1,0
GVNS,wt_sds_31,0.3,0.75,0.75,3,2,0
GVNS,wt_sds_31,0.3,0.75,0.75,3,3,0
GVNS,wt_sds_31,0.3,0.75,0.75,3,4,0
GVNS,wt_sds_31,0.3,0.75,0.75,3,5,0
GVNS,wt_sds_31,0.3,0.75,0.75,3,6,0
GVNS,wt_sds_31,0.3,0.75,0.75,3,7,0
GVNS,wt_sds_31,0.3,0.75,0.75,3,8,0
GVNS,wt_sds_31,0.3,0.75,0.75,3,9,0
GVNS,wt_sds_31,0.3,0.75,0.75,3,10,0
GVNS,wt_sds_31,0.3,0.75,0.75,4,0,237
GVNS,wt_sds_31,0.3,0.75,0.75,4,1,0
GVNS,wt_sds_31,0.3,0.75,0.75,4,2,0
GVNS,wt_sds_31,0.3,0.75,0.75,4,3,0
GVNS,wt_sds_31,0.3,0.75,0.75,4,4,0
GVNS,wt_sds_31,0.3,0.75,0.75,4,5,0
GVNS,wt_sds_31,0.3,0.75,0.75,4,6,0
GVNS,wt_sds_31,0.3,0.75,0.75,4,7,0
GVNS,wt_sds_31,0.3,0.75,0.75,4,8,0
GVNS,wt_sds_31,0.3,0.75,0.75,4,9,0
GVNS,wt_sds_31,0.3,0.75,0.75,4,10,0
GVNS,wt_sds_32,0.3,0.75,0.75,0,0,1595
GVNS,wt_sds_32,0.3,0.75,0.75,0,1,0
GVNS,wt_sds_32,0.3,0.75,0.75,0,2,0
GVNS,wt_sds_32,0.3,0.75,0.75,0,3,0
GVNS,wt_sds_32,0.3,0.75,0.75,0,4,0
GVNS,wt_sds_32,0.3,0.75,0.75,0,5,0
GVNS,wt_sds_32,0.3,0.75,0.75,0,6,0
GVNS,wt_sds_32,0.3,0.75,0.75,0,7,0
GVNS,wt_sds_32,0.3,0.75,0.75,0,8,0
GVNS,wt_sds_32,0.3,0.75,0.75,0,9,0
GVNS,wt_sds_32,0.3,0.75,0.75,0,10,0
GVNS,wt_sds_32,0.3,0.75,0.75,1,0,1595
GVNS,wt_sds_32,0.3,0.75,0.75,1,1,0
GVNS,wt_sds_32,0.3,0.75,0.75,1,2,0
GVNS,wt_sds_32,0.3,0.75,0.75,1,3,0
GVNS,wt_sds_32,0.3,0.75,0.75,1,4,0
GVNS,wt_sds_32,0.3,0.75,0.75,1,5,0
GVNS,wt_sds_32,0.3,0.75,0.75,1,6,0
GVNS,wt_sds_32,0.3,0.75,0.75,1,7,0
GVNS,wt_sds_32,0.3,0.75,0.75,1,8,0
GVNS,wt_sds_32,0.3,0.75,0.75,1,9,0
GVNS,wt_sds_32,0.3,0.75,0.75,1,10,0
GVNS,wt_sds_32,0.3,0.75,0.75,2,0,1595
GVNS,wt_sds_32,0.3,0.75,0.75,2,1,0
GVNS,wt_sds_32,0.3,0.75,0.75,2,2,0
GVNS,wt_sds_32,0.3,0.75,0.75,2,3,0
GVNS,wt_sds_32,0.3,0.75,0.75,2,4,0
GVNS,wt_sds_32,0.3,0.75,0.75,2,5,0
GVNS,wt_sds_32,0.3,0.75,0.75,2,6,0
GVNS,wt_sds_32,0.3,0.75,0.75,2,7,0
GVNS,wt_sds_32,0.3,0.75,0.75,2,8,0
GVNS,wt_sds_32,0.3,0.75,0.75,2,9,0
GVNS,wt_sds_32,0.3,0.75,0.75,2,10,0
GVNS,wt_sds_32,0.3,0.75,0.75,3,0,1595
GVNS,wt_sds_32,0.3,0.75,0.75,3,1,0
GVNS,wt_sds_32,0.3,0.75,0.75,3,2,0
GVNS,wt_sds_32,0.3,0.75,0.75,3,3,0
GVNS,wt_sds_32,0.3,0.75,0.75,3,4,0
GVNS,wt_sds_32,0.3,0.75,0.75,3,5,0
GVNS,wt_sds_32,0.3,0.75,0.75,3,6,0
GVNS,wt_sds_32,0.3,0.75,0.75,3,7,0
GVNS,wt_sds_32,0.3,0.75,0.75,3,8,0
GVNS,wt_sds_32,0.3,0.75,0.75,3,9,0
GVNS,wt_sds_32,0.3,0.75,0.75,3,10,0
GVNS,wt_sds_32,0.3,0.75,0.75,4,0,1595
GVNS,wt_sds_32,0.3,0.75,0.75,4,1,0
GVNS,wt_sds_32,0.3,0.75,0.75,4,2,0
GVNS,wt_sds_32,0.3,0.75,0.75,4,3,0
GVNS,wt_sds_32,0.3,0.75,0.75,4,4,0
GVNS,wt_sds_32,0.3,0.75,0.75,4,5,0
GVNS,wt_sds_32,0.3,0.75,0.75,4,6,0
GVNS,wt_sds_32,0.3,0.75,0.75,4,7,0
GVNS,wt_sds_32,0.3,0.75,0.75,4,8,0
GVNS,wt_sds_32,0.3,0.75,0.75,4,9,0
GVNS,wt_sds_32,0.3,0.75,0.75,4,10,0
GVNS,wt_sds_33,0.3,0.75,0.75,0,0,541
GVNS,wt_sds_33,0.3,0.75,0.75,0,1,0
GVNS,wt_sds_33,0.3,0.75,0.75,0,2,0
GVNS,wt_sds_33,0.3,0.75,0.75,0,3,0
GVNS,wt_sds_33,0.3,0.75,0.75,0,4,0
GVNS,wt_sds_33,0.3,0.75,0.75,0,5,0
GVNS,wt_sds_33,0.3,0.75,0.75,0,6,0
GVNS,wt_sds_33,0.3,0.75,0.75,0,7,0
GVNS,wt_sds_33,0.3,0.75,0.75,0,8,0
GVNS,wt_sds_33,0.3,0.75,0.75,0,9,0
GVNS,wt_sds_33,0.3,0.75,0.75,0,10,0
GVNS,wt_sds_33,0.3,0.75,0.75,1,0,541
GVNS,wt_sds_33,0.3,0.75,0.75,1,1,0
GVNS,wt_sds_33,0.3,0.75,0.75,1,2,0
GVNS,wt_sds_33,0.3,0.75,0.75,1,3,0
GVNS,wt_sds_33,0.3,0.75,0.75,1,4,0
GVNS,wt_sds_33,0.3,0.75,0.75,1,5,0
GVNS,wt_sds_33,0.3,0.75,0.75,1,6,0
GVNS,wt_sds_33,0.3,0.75,0.75,1,7,0
GVNS,wt_sds_33,0.3,0.75,0.75,1,8,0
GVNS,wt_sds_33,0.3,0.75,0.75,1,9,0
GVNS,wt_sds_33,0.3,0.75,0.75,1,10,0
GVNS,wt_sds_33,0.3,0.75,0.75,2,0,541
GVNS,wt_sds_33,0.3,0.75,0.75,2,1,0
GVNS,wt_sds_33,0.3,0.75,0.75,2,2,0
GVNS,wt_sds_33,0.3,0.75,0.75,2,3,0
GVNS,wt_sds_33,0.3,0.75,0.75,2,4,0
GVNS,wt_sds_33,0.3,0.75,0.75,2,5,0
GVNS,wt_sds_33,0.3,0.75,0.75,2,6,0
GVNS,wt_sds_33,0.3,0.75,0.75,2,7,0
GVNS,wt_sds_33,0.3,0.75,0.75,2,8,0
GVNS,wt_sds_33,0.3,0.75,0.75,2,9,0
GVNS,wt_sds_33,0.3,0.75,0.75,2,10,0
GVNS,wt_sds_33,0.3,0.75,0.75,3,0,541
GVNS,wt_sds_33,0.3,0.75,0.75,3,1,0
GVNS,wt_sds_33,0.3,0.75,0.75,3,2,0
GVNS,wt_sds_33,0.3,0.75,0.75,3,3,0
GVNS,wt_sds_33,0.3,0.75,0.75,3,4,0
GVNS,wt_sds_33,0.3,0.75,0.75,3,5,0
GVNS,wt_sds_33,0.3,0.75,0.75,3,6,0
GVNS,wt_sds_33,0.3,0.75,0.75,3,7,0
GVNS,wt_sds_33,0.3,0.75,0.75,3,8,0
GVNS,wt_sds_33,0.3,0.75,0.75,3,9,0
GVNS,wt_sds_33,0.3,0.75,0.75,3,10,0
GVNS,wt_sds_33,0.3,0.75,0.75,4,0,541
GVNS,wt_sds_33,0.3,0.75,0.75,4,1,0
GVNS,wt_sds_33,0.3,0.75,0.75,4,2,0
GVNS,wt_sds_33,0.3,0.75,0.75,4,3,0
GVNS,wt_sds_33,0.3,0.75,0.75,4,4,0
GVNS,wt_sds_33,0.3,0.75,0.75,4,5,0
GVNS,wt_sds_33,0.3,0.75,0.75,4,6,0
GVNS,wt_sds_33,0.3,0.75,0.75,4,7,0
GVNS,wt_sds_33,0.3,0.75,0.75,4,8,0
GVNS,wt_sds_33,0.3,0.75,0.75,4,9,0
GVNS,wt_sds_33,0.3,0.75,0.75,4,10,0
GVNS,wt_sds_34,0.3,0.75,0.75,0,0,0
GVNS,wt_sds_34,0.3,0.75,0.75,0,1,0
GVNS,wt_sds_34,0.3,0.75,0.75,0,2,0
GVNS,wt_sds_34,0.3,0.75,0.75,0,3,0
GVNS,wt_sds_34,0.3,0.75,0.75,0,4,0
GVNS,wt_sds_34,0.3,0.75,0.75,0,5,0
GVNS,wt_sds_34,0.3,0.75,0.75,0,6,0
GVNS,wt_sds_34,0.3,0.75,0.75,0,7,0
GVNS,wt_sds_34,0.3,0.75,0.75,0,8,0
GVNS,wt_sds_34,0.3,0.75,0.75,0,9,0
GVNS,wt_sds_34,0.3,0.75,0.75,0,10,0
GVNS,wt_sds_34,0.3,0.75,0.75,1,0,0
GVNS,wt_sds_34,0.3,0.75,0.75,1,1,0
GVNS,wt_sds_34,0.3,0.75,0.75,1,2,0
GVNS,wt_sds_34,0.3,0.75,0.75,1,3,0
GVNS,wt_sds_34,0.3,0.75,0.75,1,4,0
GVNS,wt_sds_34,0.3,0.75,0.75,1,5,0
GVNS,wt_sds_34,0.3,0.75,0.75,1,6,0
GVNS,wt_sds_34,0.3,0.75,0.75,1,7,0
GVNS,wt_sds_34,0.3,0.75,0.75,1,8,0
GVNS,wt_sds_34,0.3,0.75,0.75,1,9,0
GVNS,wt_sds_34,0.3,0.75,0.75,1,10,0
GVNS,wt_sds_34,0.3,0.75,0.75,2,0,0
GVNS,wt_sds_34,0.3,0.75,0.75,2,1,0
GVNS,wt_sds_34,0.3,0.75,0.75,2,2,0
GVNS,wt_sds_34,0.3,0.75,0.75,2,3,0
GVNS,wt_sds_34,0.3,0.75,0.75,2,4,0
GVNS,wt_sds_34,0.3,0.75,0.75,2,5,0
GVNS,wt_sds_34,0.3,0.75,0.75,2,6,0
GVNS,wt_sds_34,0.3,0.75,0.75,2,7,0
GVNS,wt_sds_34,0.3,0.75,0.75,2,8,0
GVNS,wt_sds_34,0.3,0.75,0.75,2,9,0
GVNS,wt_sds_34,0.3,0.75,0.75,2,10,0
GVNS,wt_sds_34,0.3,0.75,0.75,3,0,0
GVNS,wt_sds_34,0.3,0.75,0.75,3,1,0
GVNS,wt_sds_34,0.3,0.75,0.75,3,2,0
GVNS,wt_sds_34,0.3,0.75,0.75,3,3,0
GVNS,wt_sds_34,0.3,0.75,0.75,3,4,0
GVNS,wt_sds_34,0.3,0.75,0.75,3,5,0
GVNS,wt_sds_34,0.3,0.75,0.75,3,6,0
GVNS,wt_sds_34,0.3,0.75,0.75,3,7,0
GVNS,wt_sds_34,0.3,0.75,0.75,3,8,0
GVNS,wt_sds_34,0.3,0.75,0.75,3,9,0
GVNS,wt_sds_34,0.3,0.75,0.75,3,10,0
GVNS,wt_sds_34,0.3,0.75,0.75,4,0,0
GVNS,wt_sds_34,0.3,0.75,0.75,4,1,0
GVNS,wt_sds_34,0.3,0.75,0.75,4,2,0
GVNS,wt_sds_34,0.3,0.75,0.75,4,3,0
GVNS,wt_sds_34,0.3,0.75,0.75,4,4,0
GVNS,wt_sds_34,0.3,0.75,0.75,4,5,0
GVNS,wt_sds_34,0.3,0.75,0.75,4,6,0
GVNS,wt_sds_34,0.3,0.75,0.75,4,7,0
GVNS,wt_sds_34,0.3,0.75,0.75,4,8,0
GVNS,wt_sds_34,0.3,0.75,0.75,4,9,0
GVNS,wt_sds_34,0.3,0.75,0.75,4,10,0
GVNS,wt_sds_35,0.3,0.75,0.75,0,0,0
GVNS,wt_sds_35,0.3,0.75,0.75,0,1,0
GVNS,wt_sds_35,0.3,0.75,0.75,0,2,0
GVNS,wt_sds_35,0.3,0.75,0.75,0,3,0
GVNS,wt_sds_35,0.3,0.75,0.75,0,4,0
GVNS,wt_sds_35,0.3,0.75,0.75,0,5,0
GVNS,wt_sds_35,0.3,0.75,0.75,0,6,0
GVNS,wt_sds_35,0.3,0.75,0.75,0,7,0
GVNS,wt_sds_35,0.3,0.75,0.75,0,8,0
GVNS,wt_sds_35,0.3,0.75,0.75,0,9,0
GVNS,wt_sds_35,0.3,0.75,0.75,0,10,0
GVNS,wt_sds_35,0.3,0.75,0.75,1,0,0
GVNS,wt_sds_35,0.3,0.75,0.75,1,1,0
GVNS,wt_sds_35,0.3,0.75,0.75,1,2,0
GVNS,wt_sds_35,0.3,0.75,0.75,1,3,0
GVNS,wt_sds_35,0.3,0.75,0.75,1,4,0
GVNS,wt_sds_35,0.3,0.75,0.75,1,5,0
GVNS,wt_sds_35,0.3,0.75,0.75,1,6,0
GVNS,wt_sds_35,0.3,0.75,0.75,1,7,0
GVNS,wt_sds_35,0.3,0.75,0.75,1,8,0
GVNS,wt_sds_35,0.3,0.75,0.75,1,9,0
GVNS,wt_sds_35,0.3,0.75,0.75,1,10,0
GVNS,wt_sds_35,0.3,0.75,0.75,2,0,0
GVNS,wt_sds_35,0.3,0.75,0.75,2,1,0
GVNS,wt_sds_35,0.3,0.75,0.75,2,2,0
GVNS,wt_sds_35,0.3,0.75,0.75,2,3,0
GVNS,wt_sds_35,0.3,0.75,0.75,2,4,0
GVNS,wt_sds_35,0.3,0.75,0.75,2,5,0
GVNS,wt_sds_35,0.3,0.75,0.75,2,6,0
GVNS,wt_sds_35,0.3,0.75,0.75,2,7,0
GVNS,wt_sds_35,0.3,0.75,0.75,2,8,0
GVNS,wt_sds_35,0.3,0.75,0.75,2,9,0
GVNS,wt_sds_35,0.3,0.75,0.75,2,10,0
GVNS,wt_sds_35,0.3,0.75,0.75,3,0,0
GVNS,wt_sds_35,0.3,0.75,0.75,3,1,0
GVNS,wt_sds_35,0.3,0.75,0.75,3,2,0
GVNS,wt_sds_35,0.3,0.75,0.75,3,3,0
GVNS,wt_sds_35,0.3,0.75,0.75,3,4,0
GVNS,wt_sds_35,0.3,0.75,0.75,3,5,0
GVNS,wt_sds_35,0.3,0.75,0.75,3,6,0
GVNS,wt_sds_35,0.3,0.75,0.75,3,7,0
GVNS,wt_sds_35,0.3,0.75,0.75,3,8,0
GVNS,wt_sds_35,0.3,0.75,0.75,3,9,0
GVNS,wt_sds_35,0.3,0.75,0.75,3,10,0
GVNS,wt_sds_35,0.3,0.75,0.75,4,0,0
GVNS,wt_sds_35,0.3,0.75,0.75,4,1,0
GVNS,wt_sds_35,0.3,0.75,0.75,4,2,0
GVNS,wt_sds_35,0.3,0.75,0.75,4,3,0
GVNS,wt_sds_35,0.3,0.75,0.75,4,4,0
GVNS,wt_sds_35,0.3,0.75,0.75,4,5,0
GVNS,wt_sds_35,0.3,0.75,0.75,4,6,0
GVNS,wt_sds_35,0.3,0.75,0.75,4,7,0
GVNS,wt_sds_35,0.3,0.75,0.75,4,8,0
GVNS,wt_sds_35,0.3,0.75,0.75,4,9,0
GVNS,wt_sds_35,0.3,0.75,0.75,4,10,0
GVNS,wt_sds_81,0.9,0.25,0.25,0,0,404367
GVNS,wt_sds_81,0.9,0.25,0.25,0,1,393988
GVNS,wt_sds_81,0.9,0.25,0.25,0,2,393988
GVNS,wt_sds_81,0.9,0.25,0.25,0,3,393077
GVNS,wt_sds_81,0.9,0.25,0.25,0,4,390495
GVNS,wt_sds_81,0.9,0.25,0.25,0,5,390495
GVNS,wt_sds_81,0.9,0.25,0.25,0,6,390495
GVNS,wt_sds_81,0.9,0.25,0.25,0,7,390495
GVNS,wt_sds_81,0.9,0.25,0.25,0,8,390495
GVNS,wt_sds_81,0.9,0.25,0.25,0,9,390495
GVNS,wt_sds_81,0.9,0.25,0.25,0,10,390495
GVNS,wt_sds_81,0.9,0.25,0.25,1,0,404367
GVNS,wt_sds_81,0.9,0.25,0.25,1,1,391711
GVNS,wt_sds_81,0.9,0.25,0.25,1,2,390549
GVNS,wt_sds_81,0.9,0.25,0.25,1,3,390376
GVNS,wt_sds_81,0.9,0.25,0.25,1,4,390376
GVNS,wt_sds_81,0.9,0.25,0.25,1,5,390109
GVNS,wt_sds_81,0.9,0.25,0.25,1,6,390108
GVNS,wt_sds_81,0.9,0.25,0.25,1,7,390108
GVNS,wt_sds_81,0.9,0.25,0.25,1,8,390086
GVNS,wt_sds_81,0.9,0.25,0.25,1,9,390086
GVNS,wt_sds_81,0.9,0.25,0.25,1,10,390086
GVNS,wt_sds_81,0.9,0.25,0.25,2,0,404367
GVNS,wt_sds_81,0.9,0.25,0.25,2,1,393644
GVNS,wt_sds_81,0.9,0.25,0.25,2,2,393644
GVNS,wt_sds_81,0.9,0.25,0.25,2,3,391409
GVNS,wt_sds_81,0.9,0.25,0.25,2,4,391409
GVNS,wt_sds_81,0.9,0.25,0.25,2,5,391409
GVNS,wt_sds_81,0.9,0.25,0.25,2,6,390941
GVNS,wt_sds_81,0.9,0.25,0.25,2,7,390941
GVNS,wt_sds_81,0.9,0.25,0.25,2,8,390941
GVNS,wt_sds_81,0.9,0.25,0.25,2,9,390941
GVNS,wt_sds_81,0.9,0.25,0.25,2,10,390941
GVNS,wt_sds_81,0.9,0.25,0.25,3,0,404367
GVNS,wt_sds_81,0.9,0.25,0.25,3,1,395080
GVNS,wt_sds_81,0.9,0.25,0.25,3,2,393354
GVNS,wt_sds_81,0.9,0.25,0.25,3,3,393233
GVNS,wt_sds_81,0.9,0.25,0.25,3,4,393198
GVNS,wt_sds_81,0.9,0.25,0.25,3,5,393198
GVNS,wt_sds_81,0.9,0.25,0.25,3,6,393198
GVNS,wt_sds_81,0.9,0.25,0.25,3,7,391385
GVNS,wt_sds_81,0.9,0.25,0.25,3,8,390467
GVNS,wt_sds_81,0.9,0.25,0.25,3,9,390467
GVNS,wt_sds_81,0.9,0.25,0.25,3,10,390467
GVNS,wt_sds_81,0.9,0.25,0.25,4,0,404367
GVNS,wt_sds_81,0.9,0.25,0.25,4,1,393209
GVNS,wt_sds_81,0.9,0.25,0.25,4,2,391752
GVNS,wt_sds_81,0.9,0.25,0.25,4,3,390615
GVNS,wt_sds_81,0.9,0.25,0.25,4,4,390615
GVNS,wt_sds_81,0.9,0.25,0.25,4,5,390615
GVNS,wt_sds_81,0.9,0.25,0.25,4,6,390615
GVNS,wt_sds_81,0.9,0.25,0.25,4,7,390615
GVNS,wt_sds_81,0.9,0.25,0.25,4,8,390206
GVNS,wt_sds_81,0.9,0.25,0.25,4,9,390206
GVNS,wt_sds_81,0.9,0.25,0.25,4,10,390206
GVNS,wt_sds_82,0.9,0.25,0.25,0,0,429017
GVNS,wt_sds_82,0.9,0.25,0.25,0,1,419573
GVNS,wt_sds_82,0.9,0.25,0.25,0,2,419552
GVNS,wt_sds_82,0.9,0.25,0.25,0,3,418453
GVNS,wt_sds_82,0.9,0.25,0.25,0,4,416512
GVNS,wt_sds_82,0.9,0.25,0.25,0,5,416140
GVNS,wt_sds_82,0.9,0.25,0.25,0,6,416140
GVNS,wt_sds_82,0.9,0.25,0.25,0,7,416056
GVNS,wt_sds_82,0.9,0.25,0.25,0,8,416056
GVNS,wt_sds_82,0.9,0.25,0.25,0,9,415591
GVNS,wt_sds_82,0.9,0.25,0.25,0,10,415591
GVNS,wt_sds_82,0.9,0.25,0.25,1,0,429017
GVNS,wt_sds_82,0.9,0.25,0.25,1,1,421497
GVNS,wt_sds_82,0.9,0.25,0.25,1,2,420824
GVNS,wt_sds_82,0.9,0.25,0.25,1,3,416296
GVNS,wt_sds_82,0.9,0.25,0.25,1,4,416244
GVNS,wt_sds_82,0.9,0.25,0.25,1,5,416072
GVNS,wt_sds_82,0.9,0.25,0.25,1,6,416072
GVNS,wt_sds_82,0.9,0.25,0.25,1,7,416072
GVNS,wt_sds_82,0.9,0.25,0.25,1,8,415116
GVNS,wt_sds_82,0.9,0.25,0.25,1,9,414777
GVNS,wt_sds_82,0.9,0.25,0.25,1,10,414717
GVNS,wt_sds_82,0.9,0.25,0.25,2,0,429017
GVNS,wt_sds_82,0.9,0.25,0.25,2,1,418502
GVNS,wt_sds_82,0.9,0.25,0.25,2,2,416492
GVNS,wt_sds_82,0.9,0.25,0.25,2,3,415580
GVNS,wt_sds_82,0.9,0.25,0.25,2,4,415580
GVNS,wt_sds_82,0.9,0.25,0.25,2,5,414085
GVNS,wt_sds_82,0.9,0.25,0.25,2,6,412949
GVNS,wt_sds_82,0.9,0.25,0.25,2,7,412949
GVNS,wt_sds_82,0.9,0.25,0.25,2,8,412949
GVNS,wt_sds_82,0.9,0.25,0.25,2,9,412949
GVNS,wt_sds_82,0.9,0.25,0.25,2,10,412949
GVNS,wt_sds_82,0.9,0.25,0.25,3,0,429017
GVNS,wt_sds_82,0.9,0.25,0.25,3,1,418498
GVNS,wt_sds_82,0.9,0.25,0.25,3,2,417007
GVNS,wt_sds_82,0.9,0.25,0.25,3,3,416996
GVNS,wt_sds_82,0.9,0.25,0.25,3,4,416561
GVNS,wt_sds_82,0.9,0.25,0.25,3,5,416561
GVNS,wt_sds_82,0.9,0.25,0.25,3,6,416561
GVNS,wt_sds_82,0.9,0.25,0.25,3,7,416561
GVNS,wt_sds_82,0.9,0.25,0.25,3,8,416561
GVNS,wt_sds_82,0.9,0.25,0.25,3,9,416561
GVNS,wt_sds_82,0.9,0.25,0.25,3,10,416321
GVNS,wt_sds_82,0.9,0.25,0.25,4,0,429017
GVNS,wt_sds_82,0.9,0.25,0.25,4,1,419890
GVNS,wt_sds_82,0.9,0.25,0.25,4,2,417638
GVNS,wt_sds_82,0.9,0.25,0.25,4,3,417638
GVNS,wt_sds_82,0.9,0.25,0.25,4,4,415701
GVNS,wt_sds_82,0.9,0.25,0.25,4,5,415701
GVNS,wt_sds_82,0.9,0.25,0.25,4,6,415460
GVNS,wt_sds_82,0.9,0.25,0.25,4,7,415460
GVNS,wt_sds_82,0.9,0.25,0.25,4,8,414152
GVNS,wt_sds_82,0.9,0.25,0.25,4,9,414069
GVNS,wt_sds_82,0.9,0.25,0.25,4,10,414069
GVNS,wt_sds_83,0.9,0.25,0.25,0,0,480103
GVNS,wt_sds_83,0.9,0.25,0.25,0,1,477798
GVNS,wt_sds_83,0.9,0.25,0.25,0,2,476581
GVNS,wt_sds_83,0.9,0.25,0.25,0,3,471847
GVNS,wt_sds_83,0.9,0.25,0.25,0,4,471847
GVNS,wt_sds_83,0.9,0.25,0.25,0,5,470690
GVNS,wt_sds_83,0.9,0.25,0.25,0,6,470690
GVNS,wt_sds_83,0.9,0.25,0.25,0,7,469741
GVNS,wt_sds_83,0.9,0.25,0.25,0,8,469741
GVNS,wt_sds_83,0.9,0.25,0.25,0,9,469741
GVNS,wt_sds_83,0.9,0.25,0.25,0,10,469741
GVNS,wt_sds_83,0.9,0.25,0.25,1,0,480103
GVNS,wt_sds_83,0.9,0.25,0.25,1,1,479406
GVNS,wt_sds_83,0.9,0.25,0.25,1,2,476896
GVNS,wt_sds_83,0.9,0.25,0.25,1,3,476602
GVNS,wt_sds_83,0.9,0.25,0.25,1,4,473484
GVNS,wt_sds_83,0.9,0.25,0.25,1,5,473338
GVNS,wt_sds_83,0.9,0.25,0.25,1,6,471573
GVNS,wt_sds_83,0.9,0.25,0.25,1,7,468238
GVNS,wt_sds_83,0.9,0.25,0.25,1,8,468238
GVNS,wt_sds_83,0.9,0.25,0.25,1,9,468238
GVNS,wt_sds_83,0.9,0.25,0.25,1,10,468238
GVNS,wt_sds_83,0.9,0.25,0.25,2,0,480103
GVNS,wt_sds_83,0.9,0.25,0.25,2,1,476428
GVNS,wt_sds_83,0.9,0.25,0.25,2,2,472084
GVNS,wt_sds_83,0.9,0.25,0.25,2,3,471206
GVNS,wt_sds_83,0.9,0.25,0.25,2,4,469200
GVNS,wt_sds_83,0.9,0.25,0.25,2,5,469200
GVNS,wt_sds_83,0.9,0.25,0.25,2,6,469200
GVNS,wt_sds_83,0.9,0.25,0.25,2,7,469200
GVNS,wt_sds_83,0.9,0.25,0.25,2,8,469200
GVNS,wt_sds_83,0.9,0.25,0.25,2,9,469200
GVNS,wt_sds_83,0.9,0.25,0.25,2,10,469172
GVNS,wt_sds_83,0.9,0.25,0.25,3,0,480103
GVNS,wt_sds_83,0.9,0.25,0.25,3,1,474406
GVNS,wt_sds_83,0.9,0.25,0.25,3,2,473301
GVNS,wt_sds_83,0.9,0.25,0.25,3,3,470834
GVNS,wt_sds_83,0.9,0.25,0.25,3,4,470670
GVNS,wt_sds_83,0.9,0.25,0.25,3,5,469883
GVNS,wt_sds_83,0.9,0.25,0.25,3,6,468723
GVNS,wt_sds_83,0.9,0.25,0.25,3,7,466707
GVNS,wt_sds_83,0.9,0.25,0.25,3,8,466707
GVNS,wt_sds_83,0.9,0.25,0.25,3,9,466707
GVNS,wt_sds_83,0.9,0.25,0.25,3,10,466707
GVNS,wt_sds_83,0.9,0.25,0.25,4,0,480103
GVNS,wt_sds_83,0.9,0.25,0.25,4,1,474973
GVNS,wt_sds_83,0.9,0.25,0.25,4,2,473105
GVNS,wt_sds_83,0.9,0.25,0.25,4,3,472691
GVNS,wt_sds_83,0.9,0.25,0.25,4,4,472691
GVNS,wt_sds_83,0.9,0.25,0.25,4,5,472691
GVNS,wt_sds_83,0.9,0.25,0.25,4,6,470268
GVNS,wt_sds_83,0.9,0.25,0.25,4,7,470268
GVNS,wt_sds_83,0.9,0.25,0.25,4,8,469105
GVNS,wt_sds_83,0.9,0.25,0.25,4,9,468759
GVNS,wt_sds_83,0.9,0.25,0.25,4,10,468759
GVNS,wt_sds_84,0.9,0.25,0.25,0,0,340970
GVNS,wt_sds_84,0.9,0.25,0.25,0,1,333087
GVNS,wt_sds_84,0.9,0.25,0.25,0,2,332190
GVNS,wt_sds_84,0.9,0.25,0.25,0,3,330955
GVNS,wt_sds_84,0.9,0.25,0.25,0,4,330763
GVNS,wt_sds_84,0.9,0.25,0.25,0,5,330763
GVNS,wt_sds_84,0.9,0.25,0.25,0,6,330763
GVNS,wt_sds_84,0.9,0.25,0.25,0,7,330763
GVNS,wt_sds_84,0.9,0.25,0.25,0,8,330763
GVNS,wt_sds_84,0.9,0.25,0.25,0,9,330762
GVNS,wt_sds_84,0.9,0.25,0.25,0,10,330762
GVNS,wt_sds_84,0.9,0.25,0.25,1,0,340970
GVNS,wt_sds_84,0.9,0.25,0.25,1,1,339863
GVNS,wt_sds_84,0.9,0.25,0.25,1,2,332231
GVNS,wt_sds_84,0.9,0.25,0.25,1,3,332231
GVNS,wt_sds_84,0.9,0.25,0.25,1,4,332231
GVNS,wt_sds_84,0.9,0.25,0.25,1,5,331602
GVNS,wt_sds_84,0.9,0.25,0.25,1,6,331602
GVNS,wt_sds_84,0.9,0.25,0.25,1,7,331602
GVNS,wt_sds_84,0.9,0.25,0.25,1,8,331602
GVNS,wt_sds_84,0.9,0.25,0.25,1,9,331602
GVNS,wt_sds_84,0.9,0.25,0.25,1,10,331602
GVNS,wt_sds_84,0.9,0.25,0.25,2,0,340970
GVNS,wt_sds_84,0.9,0.25,0.25,2,1,332586
GVNS,wt_sds_84,0.9,0.25,0.25,2,2,331811
GVNS,wt_sds_84,0.9,0.25,0.25,2,3,331811
GVNS,wt_sds_84,0.9,0.25,0.25,2,4,331811
GVNS,wt_sds_84,0.9,0.25,0.25,2,5,331811
GVNS,wt_sds_84,0.9,0.25,0.25,2,6,331811
GVNS,wt_sds_84,0.9,0.25,0.25,2,7,331811
GVNS,wt_sds_84,0.9,0.25,0.25,2,8,331690
GVNS,wt_sds_84,0.9,0.25,0.25,2,9,331690
GVNS,wt_sds_84,0.9,0.25,0.25,2,10,331690
GVNS,wt_sds_84,0.9,0.25,0.25,3,0,340970
GVNS,wt_sds_84,0.9,0.25,0.25,3,1,333015
GVNS,wt_sds_84,0.9,0.25,0.25,3,2,332577
GVNS,wt_sds_84,0.9,0.25,0.25,3,3,332479
GVNS,wt_sds_84,0.9,0.25,0.25,3,4,331510
GVNS,wt_sds_84,0.9,0.25,0.25,3,5,331510
GVNS,wt_sds_84,0.9,0.25,0.25,3,6,331510
GVNS,wt_sds_84,0.9,0.25,0.25,3,7,331509
GVNS,wt_sds_84,0.9,0.25,0.25,3,8,331509
GVNS,wt_sds_84,0.9,0.25,0.25,3,9,331509
GVNS,wt_sds_84,0.9,0.25,0.25,3,10,331509
GVNS,wt_sds_84,0.9,0.25,0.25,4,0,340970
GVNS,wt_sds_84,0.9,0.25,0.25,4,1,335165
GVNS,wt_sds_84,0.9,0.25,0.25,4,2,332655
GVNS,wt_sds_84,0.9,0.25,0.25,4,3,332655
GVNS,wt_sds_84,0.9,0.25,0.25,4,4,331724
GVNS,wt_sds_84,0.9,0.25,0.25,4,5,331724
GVNS,wt_sds_84,0.9,0.25,0.25,4,6,331600
GVNS,wt_sds_84,0.9,0.25,0.25,4,7,331600
GVNS,wt_sds_84,0.9,0.25,0.25,4,8,331599
GVNS,wt_sds_84,0.9,0.25,0.25,4,9,331599
GVNS,wt_sds_84,0.9,0.25,0.25,4,10,331374
GVNS,wt_sds_85,0.9,0.25,0.25,0,0,574751
GVNS,wt_sds_85,0.9,0.25,0.25,0,1,567860
GVNS,wt_sds_85,0.9,0.25,0.25,0,2,564580
GVNS,wt_sds_85,0.9,0.25,0.25,0,3,564580
GVNS,wt_sds_85,0.9,0.25,0.25,0,4,564580
GVNS,wt_sds_85,0.9,0.25,0.25,0,5,564580
GVNS,wt_sds_85,0.9,0.25,0.25,0,6,564483
GVNS,wt_sds_85,0.9,0.25,0.25,0,7,564483
GVNS,wt_sds_85,0.9,0.25,0.25,0,8,558173
GVNS,wt_sds_85,0.9,0.25,0.25,0,9,558173
GVNS,wt_sds_85,0.9,0.25,0.25,0,10,558173
GVNS,wt_sds_85,0.9,0.25,0.25,1,0,574751
GVNS,wt_sds_85,0.9,0.25,0.25,1,1,573618
GVNS,wt_sds_85,0.9,0.25,0.25,1,2,570262
GVNS,wt_sds_85,0.9,0.25,0.25,1,3,569942
GVNS,wt_sds_85,0.9,0.25,0.25,1,4,567941
GVNS,wt_sds_85,0.9,0.25,0.25,1,5,567428
GVNS,wt_sds_85,0.9,0.25,0.25,1,6,565023
GVNS,wt_sds_85,0.9,0.25,0.25,1,7,563077
GVNS,wt_sds_85,0.9,0.25,0.25,1,8,562919
GVNS,wt_sds_85,0.9,0.25,0.25,1,9,562919
GVNS,wt_sds_85,0.9,0.25,0.25,1,10,562919
GVNS,wt_sds_85,0.9,0.25,0.25,2,0,574751
GVNS,wt_sds_85,0.9,0.25,0.25,2,1,570507
GVNS,wt_sds_85,0.9,0.25,0.25,2,2,567717
GVNS,wt_sds_85,0.9,0.25,0.25,2,3,567213
GVNS,wt_sds_85,0.9,0.25,0.25,2,4,566930
GVNS,wt_sds_85,0.9,0.25,0.25,2,5,564679
GVNS,wt_sds_85,0.9,0.25,0.25,2,6,564631
GVNS,wt_sds_85,0.9,0.25,0.25,2,7,564631
GVNS,wt_sds_85,0.9,0.25,0.25,2,8,562500
GVNS,wt_sds_85,0.9,0.25,0.25,2,9,562500
GVNS,wt_sds_85,0.9,0.25,0.25,2,10,562500
GVNS,wt_sds_85,0.9,0.25,0.25,3,0,574751
GVNS,wt_sds_85,0.9,0.25,0.25,3,1,569549
GVNS,wt_sds_85,0.9,0.25,0.25,3,2,568377
GVNS,wt_sds_85,0.9,0.25,0.25,3,3,568377
GVNS,wt_sds_85,0.9,0.25,0.25,3,4,567469
GVNS,wt_sds_85,0.9,0.25,0.25,3,5,567469
GVNS,wt_sds_85,0.9,0.25,0.25,3,6,564126
GVNS,wt_sds_85,0.9,0.25,0.25,3,7,560779
GVNS,wt_sds_85,0.9,0.25,0.25,3,8,560779
GVNS,wt_sds_85,0.9,0.25,0.25,3,9,560779
GVNS,wt_sds_85,0.9,0.25,0.25,3,10,560779
GVNS,wt_sds_85,0.9,0.25,0.25,4,0,574751
GVNS,wt_sds_85,0.9,0.25,0.25,4,1,569020
GVNS,wt_sds_85,0.9,0.25,0.25,4,2,569020
GVNS,wt_sds_85,0.9,0.25,0.25,4,3,569020
GVNS,wt_sds_85,0.9,0.25,0.25,4,4,565737
GVNS,wt_sds_85,0.9,0.25,0.25,4,5,563730
GVNS,wt_sds_85,0.9,0.25,0.25,4,6,562776
GVNS,wt_sds_85,0.9,0.25,0.25,4,7,562177
GVNS,wt_sds_85,0.9,0.25,0.25,4,8,562177
GVNS,wt_sds_85,0.9,0.25,0.25,4,9,562177
GVNS,wt_sds_85,0.9,0.25,0.25,4,10,562177
GVNS,wt_sds_91,0.9,0.25,0.75,0,0,356272
GVNS,wt_sds_91,0.9,0.25,0.75,0,1,354351
GVNS,wt_sds_91,0.9,0.25,0.75,0,2,350843
GVNS,wt_sds_91,0.9,0.25,0.75,0,3,350539
GVNS,wt_sds_91,0.9,0.25,0.75,0,4,347730
GVNS,wt_sds_91,0.9,0.25,0.75,0,5,347150
GVNS,wt_sds_91,0.9,0.25,0.75,0,6,346866
GVNS,wt_sds_91,0.9,0.25,0.75,0,7,346866
GVNS,wt_sds_91,0.9,0.25,0.75,0,8,346866
GVNS,wt_sds_91,0.9,0.25,0.75,0,9,346866
GVNS,wt_sds_91,0.9,0.25,0.75,0,10,346866
GVNS,wt_sds_91,0.9,0.25,0.75,1,0,356272
GVNS,wt_sds_91,0.9,0.25,0.75,1,1,354857
GVNS,wt_sds_91,0.9,0.25,0.75,1,2,354067
GVNS,wt_sds_91,0.9,0.25,0.75,1,3,352921
GVNS,wt_sds_91,0.9,0.25,0.75,1,4,352921
GVNS,wt_sds_91,0.9,0.25,0.75,1,5,352921
GVNS,wt_sds_91,0.9,0.25,0.75,1,6,351619
GVNS,wt_sds_91,0.9,0.25,0.75,1,7,350061
GVNS,wt_sds_91,0.9,0.25,0.75,1,8,350061
GVNS,wt_sds_91,0.9,0.25,0.75,1,9,350061
GVNS,wt_sds_91,0.9,0.25,0.75,1,10,350061
GVNS,wt_sds_91,0.9,0.25,0.75,2,0,356272
GVNS,wt_sds_91,0.9,0.25,0.75,2,1,354351
GVNS,wt_sds_91,0.9,0.25,0.75,2,2,349956
GVNS,wt_sds_91,0.9,0.25,0.75,2,3,349956
GVNS,wt_sds_91,0.9,0.25,0.75,2,4,349389
GVNS,wt_sds_91,0.9,0.25,0.75,2,5,349389
GVNS,wt_sds_91,0.9,0.25,0.75,2,6,345222
GVNS,wt_sds_91,0.9,0.25,0.75,2,7,345222
GVNS,wt_sds_91,0.9,0.25,0.75,2,8,345222
GVNS,wt_sds_91,0.9,0.25,0.75,2,9,345222
GVNS,wt_sds_91,0.9,0.25,0.75,2,10,345222
GVNS,wt_sds_91,0.9,0.25,0.75,3,0,356272
GVNS,wt_sds_91,0.9,0.25,0.75,3,1,356272
GVNS,wt_sds_91,0.9,0.25,0.75,3,2,350877
GVNS,wt_sds_91,0.9,0.25,0.75,3,3,350877
GVNS,wt_sds_91,0.9,0.25,0.75,3,4,350841
GVNS,wt_sds_91,0.9,0.25,0.75,3,5,350841
GVNS,wt_sds_91,0.9,0.25,0.75,3,6,350841
GVNS,wt_sds_91,0.9,0.25,0.75,3,7,349283
GVNS,wt_sds_91,0.9,0.25,0.75,3,8,349283
GVNS,wt_sds_91,0.9,0.25,0.75,3,9,348936
GVNS,wt_sds_91,0.9,0.25,0.75,3,10,346270
GVNS,wt_sds_91,0.9,0.25,0.75,4,0,356272
GVNS,wt_sds_91,0.9,0.25,0.75,4,1,356272
GVNS,wt_sds_91,0.9,0.25,0.75,4,2,353341
GVNS,wt_sds_91,0.9,0.25,0.75,4,3,353316
GVNS,wt_sds_91,0.9,0.25,0.75,4,4,352037
GVNS,wt_sds_91,0.9,0.25,0.75,4,5,352037
GVNS,wt_sds_91,0.9,0.25,0.75,4,6,351980
GVNS,wt_sds_91,0.9,0.25,0.75,4,7,351150
GVNS,wt_sds_91,0.9,0.25,0.75,4,8,350524
GVNS,wt_sds_91,0.9,0.25,0.75,4,9,350524
GVNS,wt_sds_91,0.9,0.25,0.75,4,10,350524
GVNS,wt_sds_92,0.9,0.25,0.75,0,0,390582
GVNS,wt_sds_92,0.9,0.25,0.75,0,1,380496
GVNS,wt_sds_92,0.9,0.25,0.75,0,2,380496
GVNS,wt_sds_92,0.9,0.25,0.75,0,3,377241
GVNS,wt_sds_92,0.9,0.25,0.75,0,4,373028
GVNS,wt_sds_92,0.9,0.25,0.75,0,5,373028
GVNS,wt_sds_92,0.9,0.25,0.75,0,6,373028
GVNS,wt_sds_92,0.9,0.25,0.75,0,7,372212
GVNS,wt_sds_92,0.9,0.25,0.75,0,8,372212
GVNS,wt_sds_92,0.9,0.25,0.75,0,9,372212
GVNS,wt_sds_92,0.9,0.25,0.75,0,10,371624
GVNS,wt_sds_92,0.9,0.25,0.75,1,0,390582
GVNS,wt_sds_92,0.9,0.25,0.75,1,1,384228
GVNS,wt_sds_92,0.9,0.25,0.75,1,2,377717
GVNS,wt_sds_92,0.9,0.25,0.75,1,3,374957
GVNS,wt_sds_92,0.9,0.25,0.75,1,4,374943
GVNS,wt_sds_92,0.9,0.25,0.75,1,5,374943
GVNS,wt_sds_92,0.9,0.25,0.75,1,6,372819
GVNS,wt_sds_92,0.9,0.25,0.75,1,7,369192
GVNS,wt_sds_92,0.9,0.25,0.75,1,8,369192
GVNS,wt_sds_92,0.9,0.25,0.75,1,9,369192
GVNS,wt_sds_92,0.9,0.25,0.75,1,10,369192
GVNS,wt_sds_92,0.9,0.25,0.75,2,0,390582
GVNS,wt_sds_92,0.9,0.25,0.75,2,1,380745
GVNS,wt_sds_92,0.9,0.25,0.75,2,2,378610
GVNS,wt_sds_92,0.9,0.25,0.75,2,3,378569
GVNS,wt_sds_92,0.9,0.25,0.75,2,4,378569
GVNS,wt_sds_92,0.9,0.25,0.75,2,5,378569
GVNS,wt_sds_92,0.9,0.25,0.75,2,6,370778
GVNS,wt_sds_92,0.9,0.25,0.75,2,7,370778
GVNS,wt_sds_92,0.9,0.25,0.75,2,8,370778
GVNS,wt_sds_92,0.9,0.25,0.75,2,9,370778
GVNS,wt_sds_92,0.9,0.25,0.75,2,10,369883
GVNS,wt_sds_92,0.9,0.25,0.75,3,0,390582
GVNS,wt_sds_92,0.9,0.25,0.75,3,1,381001
GVNS,wt_sds_92,0.9,0.25,0.75,3,2,379348
GVNS,wt_sds_92,0.9,0.25,0.75,3,3,378321
GVNS,wt_sds_92,0.9,0.25,0.75,3,4,371582
GVNS,wt_sds_92,0.9,0.25,0.75,3,5,366528
GVNS,wt_sds_92,0.9,0.25,0.75,3,6,366528
GVNS,wt_sds_92,0.9,0.25,0.75,3,7,366480
GVNS,wt_sds_92,0.9,0.25,0.75,3,8,366480
GVNS,wt_sds_92,0.9,0.25,0.75,3,9,366480
GVNS,wt_sds_92,0.9,0.25,0.75,3,10,366480
GVNS,wt_sds_92,0.9,0.25,0.75,4,0,390582
GVNS,wt_sds_92,0.9,0.25,0.75,4,1,378754
GVNS,wt_sds_92,0.9,0.25,0.75,4,2,378459
GVNS,wt_sds_92,0.9,0.25,0.75,4,3,377704
GVNS,wt_sds_92,0.9,0.25,0.75,4,4,377704
GVNS,wt_sds_92,0.9,0.25,0.75,4,5,377689
GVNS,wt_sds_92,0.9,0.25,0.75,4,6,376659
GVNS,wt_sds_92,0.9,0.25,0.75,4,7,373613
GVNS,wt_sds_92,0.9,0.25,0.75,4,8,373613
GVNS,wt_sds_92,0.9,0.25,0.75,4,9,373613
GVNS,wt_sds_92,0.9,0.25,0.75,4,10,373561
GVNS,wt_sds_93,0.9,0.25,0.75,0,0,431927
GVNS,wt_sds_93,0.9,0.25,0.75,0,1,429926
GVNS,wt_sds_93,0.9,0.25,0.75,0,2,425922
GVNS,wt_sds_93,0.9,0.25,0.75,0,3,417864
GVNS,wt_sds_93,0.9,0.25,0.75,0,4,417544
GVNS,wt_sds_93,0.9,0.25,0.75,0,5,416100
GVNS,wt_sds_93,0.9,0.25,0.75,0,6,416100
GVNS,wt_sds_93,0.9,0.25,0.75,0,7,410803
GVNS,wt_sds_93,0.9,0.25,0.75,0,8,410803
GVNS,wt_sds_93,0.9,0.25,0.75,0,9,410803
GVNS,wt_sds_93,0.9,0.25,0.75,0,10,410803
GVNS,wt_sds_93,0.9,0.25,0.75,1,0,431927
GVNS,wt_sds_93,0.9,0.25,0.75,1,1,427631
GVNS,wt_sds_93,0.9,0.25,0.75,1,2,427249
GVNS,wt_sds_93,0.9,0.25,0.75,1,3,426993
GVNS,wt_sds_93,0.9,0.25,0.75,1,4,423702
GVNS,wt_sds_93,0.9,0.25,0.75,1,5,420577
GVNS,wt_sds_93,0.9,0.25,0.75,1,6,420577
GVNS,wt_sds_93,0.9,0.25,0.75,1,7,419826
GVNS,wt_sds_93,0.9,0.25,0.75,1,8,419475
GVNS,wt_sds_93,0.9,0.25,0.75,1,9,419475
GVNS,wt_sds_93,0.9,0.25,0.75,1,10,418156
GVNS,wt_sds_93,0.9,0.25,0.75,2,0,431927
GVNS,wt_sds_93,0.9,0.25,0.75,2,1,431195
GVNS,wt_sds_93,0.9,0.25,0.75,2,2,431195
GVNS,wt_sds_93,0.9,0.25,0.75,2,3,429848
GVNS,wt_sds_93,0.9,0.25,0.75,2,4,427976
GVNS,wt_sds_93,0.9,0.25,0.75,2,5,426487
GVNS,wt_sds_93,0.9,0.25,0.75,2,6,426487
GVNS,wt_sds_93,0.9,0.25,0.75,2,7,424458
GVNS,wt_sds_93,0.9,0.25,0.75,2,8,424417
GVNS,wt_sds_93,0.9,0.25,0.75,2,9,424368
GVNS,wt_sds_93,0.9,0.25,0.75,2,10,424125
GVNS,wt_sds_93,0.9,0.25,0.75,3,0,431927
GVNS,wt_sds_93,0.9,0.25,0.75,3,1,428625
GVNS,wt_sds_93,0.9,0.25,0.75,3,2,428625
GVNS,wt_sds_93,0.9,0.25,0.75,3,3,427841
GVNS,wt_sds_93,0.9,0.25,0.75,3,4,427502
GVNS,wt_sds_93,0.9,0.25,0.75,3,5,427502
GVNS,wt_sds_93,0.9,0.25,0.75,3,6,427502
GVNS,wt_sds_93,0.9,0.25,0.75,3,7,427502
GVNS,wt_sds_93,0.9,0.25,0.75,3,8,427502
GVNS,wt_sds_93,0.9,0.25,0.75,3,9,425593
GVNS,wt_sds_93,0.9,0.25,0.75,3,10,424911
GVNS,wt_sds_93,0.9,0.25,0.75,4,0,431927
GVNS,wt_sds_93,0.9,0.25,0.75,4,1,431927
GVNS,wt_sds_93,0.9,0.25,0.75,4,2,426617
GVNS,wt_sds_93,0.9,0.25,0.75,4,3,422995
GVNS,wt_sds_93,0.9,0.25,0.75,4,4,422200
GVNS,wt_sds_93,0.9,0.25,0.75,4,5,421733
GVNS,wt_sds_93,0.9,0.25,0.75,4,6,421049
GVNS,wt_sds_93,0.9,0.25,0.75,4,7,420089
GVNS,wt_sds_93,0.9,0.25,0.75,4,8,417106
GVNS,wt_sds_93,0.9,0.25,0.75,4,9,417106
GVNS,wt_sds_93,0.9,0.25,0.75,4,10,417106
GVNS,wt_sds_94,0.9,0.25,0.75,0,0,357721
GVNS,wt_sds_94,0.9,0.25,0.75,0,1,355785
GVNS,wt_sds_94,0.9,0.25,0.75,0,2,352154
GVNS,wt_sds_94,0.9,0.25,0.75,0,3,351269
GVNS,wt_sds_94,0.9,0.25,0.75,0,4,351031
GVNS,wt_sds_94,0.9,0.25,0.75,0,5,348953
GVNS,wt_sds_94,0.9,0.25,0.75,0,6,348953
GVNS,wt_sds_94,0.9,0.25,0.75,0,7,348953
GVNS,wt_sds_94,0.9,0.25,0.75,0,8,348891
GVNS,wt_sds_94,0.9,0.25,0.75,0,9,348891
GVNS,wt_sds_94,0.9,0.25,0.75,0,10,348891
GVNS,wt_sds_94,0.9,0.25,0.75,1,0,357721
GVNS,wt_sds_94,0.9,0.25,0.75,1,1,353635
GVNS,wt_sds_94,0.9,0.25,0.75,1,2,353469
GVNS,wt_sds_94,0.9,0.25,0.75,1,3,351541
GVNS,wt_sds_94,0.9,0.25,0.75,1,4,351541
GVNS,wt_sds_94,0.9,0.25,0.75,1,5,351541
GVNS,wt_sds_94,0.9,0.25,0.75,1,6,351541
GVNS,wt_sds_94,0.9,0.25,0.75,1,7,351541
GVNS,wt_sds_94,0.9,0.25,0.75,1,8,351541
GVNS,wt_sds_94,0.9,0.25,0.75,1,9,349834
GVNS,wt_sds_94,0.9,0.25,0.75,1,10,349834
GVNS,wt_sds_94,0.9,0.25,0.75,2,0,357721
GVNS,wt_sds_94,0.9,0.25,0.75,2,1,353608
GVNS,wt_sds_94,0.9,0.25,0.75,2,2,353441
GVNS,wt_sds_94,0.9,0.25,0.75,2,3,353441
GVNS,wt_sds_94,0.9,0.25,0.75,2,4,353274
GVNS,wt_sds_94,0.9,0.25,0.75,2,5,352563
GVNS,wt_sds_94,0.9,0.25,0.75,2,6,352563
GVNS,wt_sds_94,0.9,0.25,0.75,2,7,352563
GVNS,wt_sds_94,0.9,0.25,0.75,2,8,352563
GVNS,wt_sds_94,0.9,0.25,0.75,2,9,352563
GVNS,wt_sds_94,0.9,0.25,0.75,2,10,352563
GVNS,wt_sds_94,0.9,0.25,0.75,3,0,357721
GVNS,wt_sds_94,0.9,0.25,0.75,3,1,353469
GVNS,wt_sds_94,0.9,0.25,0.75,3,2,353469
GVNS,wt_sds_94,0.9,0.25,0.75,3,3,353469
GVNS,wt_sds_94,0.9,0.25,0.75,3,4,353024
GVNS,wt_sds_94,0.9,0.25,0.75,3,5,350854
GVNS,wt_sds_94,0.9,0.25,0.75,3,6,350733
GVNS,wt_sds_94,0.9,0.25,0.75,3,7,350617
GVNS,wt_sds_94,0.9,0.25,0.75,3,8,350617
GVNS,wt_sds_94,0.9,0.25,0.75,3,9,350617
GVNS,wt_sds_94,0.9,0.25,0.75,3,10,350617
GVNS,wt_sds_94,0.9,0.25,0.75,4,0,357721
GVNS,wt_sds_94,0.9,0.25,0.75,4,1,353608
GVNS,wt_sds_94,0.9,0.25,0.75,4,2,352562
GVNS,wt_sds_94,0.9,0.25,0.75,4,3,352562
GVNS,wt_sds_94,0.9,0.25,0.75,4,4,352562
GVNS,wt_sds_94,0.9,0.25,0.75,4,5,352562
GVNS,wt_sds_94,0.9,0.25,0.75,4,6,352562
GVNS,wt_sds_94,0.9,0.25,0.75,4,7,350079
GVNS,wt_sds_94,0.9,0.25,0.75,4,8,348190
GVNS,wt_sds_94,0.9,0.25,0.75,4,9,348190
GVNS,wt_sds_94,0.9,0.25,0.75,4,10,348190
GVNS,wt_sds_95,0.9,0.25,0.75,0,0,569806
GVNS,wt_sds_95,0.9,0.25,0.75,0,1,554508
GVNS,wt_sds_95,0.9,0.25,0.75,0,2,545226
GVNS,wt_sds_95,0.9,0.25,0.75,0,3,535685
GVNS,wt_sds_95,0.9,0.25,0.75,0,4,534610
GVNS,wt_sds_95,0.9,0.25,0.75,0,5,528511
GVNS,wt_sds_95,0.9,0.25,0.75,0,6,528511
GVNS,wt_sds_95,0.9,0.25,0.75,0,7,528385
GVNS,wt_sds_95,0.9,0.25,0.75,0,8,528385
GVNS,wt_sds_95,0.9,0.25,0.75,0,9,527551
GVNS,wt_sds_95,0.9,0.25,0.75,0,10,527551
GVNS,wt_sds_95,0.9,0.25,0.75,1,0,569806
GVNS,wt_sds_95,0.9,0.25,0.75,1,1,551568
GVNS,wt_sds_95,0.9,0.25,0.75,1,2,544476
GVNS,wt_sds_95,0.9,0.25,0.75,1,3,544476
GVNS,wt_sds_95,0.9,0.25,0.75,1,4,543479
GVNS,wt_sds_95,0.9,0.25,0.75,1,5,543479
GVNS,wt_sds_95,0.9,0.25,0.75,1,6,543479
GVNS,wt_sds_95,0.9,0.25,0.75,1,7,543479
GVNS,wt_sds_95,0.9,0.25,0.75,1,8,543479
GVNS,wt_sds_95,0.9,0.25,0.75,1,9,543449
GVNS,wt_sds_95,0.9,0.25,0.75,1,10,543449
GVNS,wt_sds_95,0.9,0.25,0.75,2,0,569806
GVNS,wt_sds_95,0.9,0.25,0.75,2,1,551584
GVNS,wt_sds_95,0.9,0.25,0.75,2,2,551584
GVNS,wt_sds_95,0.9,0.25,0.75,2,3,550657
GVNS,wt_sds_95,0.9,0.25,0.75,2,4,549664
GVNS,wt_sds_95,0.9,0.25,0.75,2,5,544176
GVNS,wt_sds_95,0.9,0.25,0.75,2,6,544176
GVNS,wt_sds_95,0.9,0.25,0.75,2,7,543601
GVNS,wt_sds_95,0.9,0.25,0.75,2,8,541813
GVNS,wt_sds_95,0.9,0.25,0.75,2,9,541813
GVNS,wt_sds_95,0.9,0.25,0.75,2,10,541813
GVNS,wt_sds_95,0.9,0.25,0.75,3,0,569806
GVNS,wt_sds_95,0.9,0.25,0.75,3,1,557662
GVNS,wt_sds_95,0.9,0.25,0.75,3,2,544170
GVNS,wt_sds_95,0.9,0.25,0.75,3,3,531990
GVNS,wt_sds_95,0.9,0.25,0.75,3,4,530134
GVNS,wt_sds_95,0.9,0.25,0.75,3,5,530134
GVNS,wt_sds_95,0.9,0.25,0.75,3,6,530134
GVNS,wt_sds_95,0.9,0.25,0.75,3,7,530134
GVNS,wt_sds_95,0.9,0.25,0.75,3,8,530134
GVNS,wt_sds_95,0.9,0.25,0.75,3,9,530134
GVNS,wt_sds_95,0.9,0.25,0.75,3,10,530134
GVNS,wt_sds_95,0.9,0.25,0.75,4,0,569806
GVNS,wt_sds_95,0.9,0.25,0.75,4,1,545615
GVNS,wt_sds_95,0.9,0.25,0.75,4,2,534911
GVNS,wt_sds_95,0.9,0.25,0.75,4,3,531583
GVNS,wt_sds_95,0.9,0.25,0.75,4,4,530311
GVNS,wt_sds_95,0.9,0.25,0.75,4,5,528261
GVNS,wt_sds_95,0.9,0.25,0.75,4,6,528261
GVNS,wt_sds_95,0.9,0.25,0.75,4,7,528261
GVNS,wt_sds_95,0.9,0.25,0.75,4,8,528261
GVNS,wt_sds_95,0.9,0.25,0.75,4,9,528261
GVNS,wt_sds_95,0.9,0.25,0.75,4,10,528261
GVNS,wt_sds_101,0.9,0.75,0.25,0,0,362875
GVNS,wt_sds_101,0.9,0.75,0.25,0,1,357889
GVNS,wt_sds_101,0.9,0.75,0.25,0,2,356892
GVNS,wt_sds_101,0.9,0.75,0.25,0,3,356892
GVNS,wt_sds_101,0.9,0.75,0.25,0,4,356892
GVNS,wt_sds_101,0.9,0.75,0.25,0,5,356892
GVNS,wt_sds_101,0.9,0.75,0.25,0,6,356892
GVNS,wt_sds_101,0.9,0.75,0.25,0,7,356463
GVNS,wt_sds_101,0.9,0.75,0.25,0,8,356161
GVNS,wt_sds_101,0.9,0.75,0.25,0,9,356161
GVNS,wt_sds_101,0.9,0.75,0.25,0,10,355803
GVNS,wt_sds_101,0.9,0.75,0.25,1,0,362875
GVNS,wt_sds_101,0.9,0.75,0.25,1,1,358755
GVNS,wt_sds_101,0.9,0.75,0.25,1,2,357311
GVNS,wt_sds_101,0.9,0.75,0.25,1,3,356694
GVNS,wt_sds_101,0.9,0.75,0.25,1,4,356694
GVNS,wt_sds_101,0.9,0.75,0.25,1,5,356694
GVNS,wt_sds_101,0.9,0.75,0.25,1,6,356694
GVNS,wt_sds_101,0.9,0.75,0.25,1,7,356694
GVNS,wt_sds_101,0.9,0.75,0.25,1,8,356694
GVNS,wt_sds_101,0.9,0.75,0.25,1,9,355618
GVNS,wt_sds_101,0.9,0.75,0.25,1,10,355199
GVNS,wt_sds_101,0.9,0.75,0.25,2,0,362875
GVNS,wt_sds_101,0.9,0.75,0.25,2,1,357496
GVNS,wt_sds_101,0.9,0.75,0.25,2,2,357496
GVNS,wt_sds_101,0.9,0.75,0.25,2,3,357486
GVNS,wt_sds_101,0.9,0.75,0.25,2,4,357486
GVNS,wt_sds_101,0.9,0.75,0.25,2,5,357156
GVNS,wt_sds_101,0.9,0.75,0.25,2,6,354774
GVNS,wt_sds_101,0.9,0.75,0.25,2,7,354528
GVNS,wt_sds_101,0.9,0.75,0.25,2,8,354420
GVNS,wt_sds_101,0.9,0.75,0.25,2,9,354420
GVNS,wt_sds_101,0.9,0.75,0.25,2,10,354420
GVNS,wt_sds_101,0.9,0.75,0.25,3,0,362875
GVNS,wt_sds_101,0.9,0.75,0.25,3,1,360404
GVNS,wt_sds_101,0.9,0.75,0.25,3,2,357322
GVNS,wt_sds_101,0.9,0.75,0.25,3,3,356825
GVNS,wt_sds_101,0.9,0.75,0.25,3,4,356825
GVNS,wt_sds_101,0.9,0.75,0.25,3,5,356825
GVNS,wt_sds_101,0.9,0.75,0.25,3,6,356825
GVNS,wt_sds_101,0.9,0.75,0.25,3,7,356825
GVNS,wt_sds_101,0.9,0.75,0.25,3,8,356825
GVNS,wt_sds_101,0.9,0.75,0.25,3,9,356825
GVNS,wt_sds_101,0.9,0.75,0.25,3,10,356825
GVNS,wt_sds_101,0.9,0.75,0.25,4,0,362875
GVNS,wt_sds_101,0.9,0.75,0.25,4,1,360749
GVNS,wt_sds_101,0.9,0.75,0.25,4,2,359383
GVNS,wt_sds_101,0.9,0.75,0.25,4,3,357081
GVNS,wt_sds_101,0.9,0.75,0.25,4,4,357001
GVNS,wt_sds_101,0.9,0.75,0.25,4,5,356629
GVNS,wt_sds_101,0.9,0.75,0.25,4,6,356629
GVNS,wt_sds_101,0.9,0.75,0.25,4,7,356629
GVNS,wt_sds_101,0.9,0.75,0.25,4,8,356629
GVNS,wt_sds_101,0.9,0.75,0.25,4,9,356629
GVNS,wt_sds_101,0.9,0.75,0.25,4,10,356629
GVNS,wt_sds_102,0.9,0.75,0.25,0,0,498978
GVNS,wt_sds_102,0.9,0.75,0.25,0,1,498387
GVNS,wt_sds_102,0.9,0.75,0.25,0,2,498387
GVNS,wt_sds_102,0.9,0.75,0.25,0,3,496872
GVNS,wt_sds_102,0.9,0.75,0.25,0,4,496791
GVNS,wt_sds_102,0.9,0.75,0.25,0,5,496791
GVNS,wt_sds_102,0.9,0.75,0.25,0,6,496699
GVNS,wt_sds_102,0.9,0.75,0.25,0,7,496699
GVNS,wt_sds_102,0.9,0.75,0.25,0,8,496531
GVNS,wt_sds_102,0.9,0.75,0.25,0,9,496531
GVNS,wt_sds_102,0.9,0.75,0.25,0,10,496531
GVNS,wt_sds_102,0.9,0.75,0.25,1,0,498978
GVNS,wt_sds_102,0.9,0.75,0.25,1,1,498978
GVNS,wt_sds_102,0.9,0.75,0.25,1,2,498477
GVNS,wt_sds_102,0.9,0.75,0.25,1,3,498311
GVNS,wt_sds_102,0.9,0.75,0.25,1,4,498088
GVNS,wt_sds_102,0.9,0.75,0.25,1,5,496641
GVNS,wt_sds_102,0.9,0.75,0.25,1,6,496641
GVNS,wt_sds_102,0.9,0.75,0.25,1,7,496641
GVNS,wt_sds_102,0.9,0.75,0.25,1,8,496641
GVNS,wt_sds_102,0.9,0.75,0.25,1,9,496577
GVNS,wt_sds_102,0.9,0.75,0.25,1,10,496577
GVNS,wt_sds_102,0.9,0.75,0.25,2,0,498978
GVNS,wt_sds_102,0.9,0.75,0.25,2,1,498477
GVNS,wt_sds_102,0.9,0.75,0.25,2,2,498387
GVNS,wt_sds_102,0.9,0.75,0.25,2,3,498387
GVNS,wt_sds_102,0.9,0.75,0.25,2,4,498387
GVNS,wt_sds_102,0.9,0.75,0.25,2,5,498387
GVNS,wt_sds_102,0.9,0.75,0.25,2,6,498387
GVNS,wt_sds_102,0.9,0.75,0.25,2,7,498387
GVNS,wt_sds_102,0.9,0.75,0.25,2,8,498387
GVNS,wt_sds_102,0.9,0.75,0.25,2,9,498149
GVNS,wt_sds_102,0.9,0.75,0.25,2,10,498149
GVNS,wt_sds_102,0.9,0.75,0.25,3,0,498978
GVNS,wt_sds_102,0.9,0.75,0.25,3,1,498978
GVNS,wt_sds_102,0.9,0.75,0.25,3,2,498477
GVNS,wt_sds_102,0.9,0.75,0.25,3,3,498477
GVNS,wt_sds_102,0.9,0.75,0.25,3,4,498477
GVNS,wt_sds_102,0.9,0.75,0.25,3,5,497253
GVNS,wt_sds_102,0.9,0.75,0.25,3,6,497253
GVNS,wt_sds_102,0.9,0.75,0.25,3,7,496622
GVNS,wt_sds_102,0.9,0.75,0.25,3,8,496622
GVNS,wt_sds_102,0.9,0.75,0.25,3,9,496622
GVNS,wt_sds_102,0.9,0.75,0.25,3,10,496622
GVNS,wt_sds_102,0.9,0.75,0.25,4,0,498978
GVNS,wt_sds_102,0.9,0.75,0.25,4,1,496526
GVNS,wt_sds_102,0.9,0.75,0.25,4,2,496526
GVNS,wt_sds_102,0.9,0.75,0.25,4,3,496526
GVNS,wt_sds_102,0.9,0.75,0.25,4,4,496526
GVNS,wt_sds_102,0.9,0.75,0.25,4,5,496436
GVNS,wt_sds_102,0.9,0.75,0.25,4,6,496246
GVNS,wt_sds_102,0.9,0.75,0.25,4,7,496246
GVNS,wt_sds_102,0.9,0.75,0.25,4,8,496246
GVNS,wt_sds_102,0.9,0.75,0.25,4,9,496246
GVNS,wt_sds_102,0.9,0.75,0.25,4,10,496246
GVNS,wt_sds_103,0.9,0.75,0.25,0,0,399977
GVNS,wt_sds_103,0.9,0.75,0.25,0,1,389665
GVNS,wt_sds_103,0.9,0.75,0.25,0,2,387356
GVNS,wt_sds_103,0.9,0.75,0.25,0,3,385569
GVNS,wt_sds_103,0.9,0.75,0.25,0,4,383008
GVNS,wt_sds_103,0.9,0.75,0.25,0,5,383008
GVNS,wt_sds_103,0.9,0.75,0.25,0,6,382973
GVNS,wt_sds_103,0.9,0.75,0.25,0,7,382552
GVNS,wt_sds_103,0.9,0.75,0.25,0,8,382552
GVNS,wt_sds_103,0.9,0.75,0.25,0,9,382552
GVNS,wt_sds_103,0.9,0.75,0.25,0,10,382552
GVNS,wt_sds_103,0.9,0.75,0.25,1,0,399977
GVNS,wt_sds_103,0.9,0.75,0.25,1,1,389938
GVNS,wt_sds_103,0.9,0.75,0.25,1,2,387148
GVNS,wt_sds_103,0.9,0.75,0.25,1,3,385940
GVNS,wt_sds_103,0.9,0.75,0.25,1,4,385940
GVNS,wt_sds_103,0.9,0.75,0.25,1,5,385940
GVNS,wt_sds_103,0.9,0.75,0.25,1,6,385940
GVNS,wt_sds_103,0.9,0.75,0.25,1,7,384386
GVNS,wt_sds_103,0.9,0.75,0.25,1,8,384320
GVNS,wt_sds_103,0.9,0.75,0.25,1,9,384320
GVNS,wt_sds_103,0.9,0.75,0.25,1,10,384320
GVNS,wt_sds_103,0.9,0.75,0.25,2,0,399977
GVNS,wt_sds_103,0.9,0.75,0.25,2,1,381856
GVNS,wt_sds_103,0.9,0.75,0.25,2,2,379763
GVNS,wt_sds_103,0.9,0.75,0.25,2,3,379763
GVNS,wt_sds_103,0.9,0.75,0.25,2,4,379763
GVNS,wt_sds_103,0.9,0.75,0.25,2,5,379548
GVNS,wt_sds_103,0.9,0.75,0.25,2,6,379548
GVNS,wt_sds_103,0.9,0.75,0.25,2,7,379239
GVNS,wt_sds_103,0.9,0.75,0.25,2,8,379238
GVNS,wt_sds_103,0.9,0.75,0.25,2,9,379238
GVNS,wt_sds_103,0.9,0.75,0.25,2,10,379238
GVNS,wt_sds_103,0.9,0.75,0.25,3,0,399977
GVNS,wt_sds_103,0.9,0.75,0.25,3,1,390851
GVNS,wt_sds_103,0.9,0.75,0.25,3,2,382124
GVNS,wt_sds_103,0.9,0.75,0.25,3,3,380435
GVNS,wt_sds_103,0.9,0.75,0.25,3,4,380435
GVNS,wt_sds_103,0.9,0.75,0.25,3,5,380339
GVNS,wt_sds_103,0.9,0.75,0.25,3,6,380169
GVNS,wt_sds_103,0.9,0.75,0.25,3,7,380169
GVNS,wt_sds_103,0.9,0.75,0.25,3,8,379519
GVNS,wt_sds_103,0.9,0.75,0.25,3,9,379519
GVNS,wt_sds_103,0.9,0.75,0.25,3,10,379519
GVNS,wt_sds_103,0.9,0.75,0.25,4,0,399977
GVNS,wt_sds_103,0.9,0.75,0.25,4,1,387681
GVNS,wt_sds_103,0.9,0.75,0.25,4,2,387068
GVNS,wt_sds_103,0.9,0.75,0.25,4,3,387068
GVNS,wt_sds_103,0.9,0.75,0.25,4,4,387068
GVNS,wt_sds_103,0.9,0.75,0.25,4,5,385560
GVNS,wt_sds_103,0.9,0.75,0.25,4,6,385560
GVNS,wt_sds_103,0.9,0.75,0.25,4,7,385560
GVNS,wt_sds_103,0.9,0.75,0.25,4,8,385560
GVNS,wt_sds_103,0.9,0.75,0.25,4,9,385560
GVNS,wt_sds_103,0.9,0.75,0.25,4,10,384129
GVNS,wt_sds_104,0.9,0.75,0.25,0,0,370253
GVNS,wt_sds_104,0.9,0.75,0.25,0,1,365275
GVNS,wt_sds_104,0.9,0.75,0.25,0,2,365148
GVNS,wt_sds_104,0.9,0.75,0.25,0,3,364825
GVNS,wt_sds_104,0.9,0.75,0.25,0,4,363849
GVNS,wt_sds_104,0.9,0.75,0.25,0,5,363120
GVNS,wt_sds_104,0.9,0.75,0.25,0,6,363120
GVNS,wt_sds_104,0.9,0.75,0.25,0,7,360701
GVNS,wt_sds_104,0.9,0.75,0.25,0,8,360701
GVNS,wt_sds_104,0.9,0.75,0.25,0,9,360701
GVNS,wt_sds_104,0.9,0.75,0.25,0,10,360701
GVNS,wt_sds_104,0.9,0.75,0.25,1,0,370253
GVNS,wt_sds_104,0.9,0.75,0.25,1,1,366590
GVNS,wt_sds_104,0.9,0.75,0.25,1,2,366267
GVNS,wt_sds_104,0.9,0.75,0.25,1,3,365805
GVNS,wt_sds_104,0.9,0.75,0.25,1,4,364395
GVNS,wt_sds_104,0.9,0.75,0.25,1,5,364395
GVNS,wt_sds_104,0.9,0.75,0.25,1,6,363933
GVNS,wt_sds_104,0.9,0.75,0.25,1,7,363314
GVNS,wt_sds_104,0.9,0.75,0.25,1,8,363314
GVNS,wt_sds_104,0.9,0.75,0.25,1,9,363314
GVNS,wt_sds_104,0.9,0.75,0.25,1,10,363314
GVNS,wt_sds_104,0.9,0.75,0.25,2,0,370253
GVNS,wt_sds_104,0.9,0.75,0.25,2,1,366741
GVNS,wt_sds_104,0.9,0.75,0.25,2,2,366346
GVNS,wt_sds_104,0.9,0.75,0.25,2,3,365698
GVNS,wt_sds_104,0.9,0.75,0.25,2,4,365517
GVNS,wt_sds_104,0.9,0.75,0.25,2,5,364086
GVNS,wt_sds_104,0.9,0.75,0.25,2,6,364086
GVNS,wt_sds_104,0.9,0.75,0.25,2,7,362981
GVNS,wt_sds_104,0.9,0.75,0.25,2,8,362981
GVNS,wt_sds_104,0.9,0.75,0.25,2,9,362981
GVNS,wt_sds_104,0.9,0.75,0.25,2,10,362981
GVNS,wt_sds_104,0.9,0.75,0.25,3,0,370253
GVNS,wt_sds_104,0.9,0.75,0.25,3,1,365989
GVNS,wt_sds_104,0.9,0.75,0.25,3,2,365070
GVNS,wt_sds_104,0.9,0.75,0.25,3,3,365070
GVNS,wt_sds_104,0.9,0.75,0.25,3,4,360835
GVNS,wt_sds_104,0.9,0.75,0.25,3,5,360835
GVNS,wt_sds_104,0.9,0.75,0.25,3,6,360835
GVNS,wt_sds_104,0.9,0.75,0.25,3,7,360835
GVNS,wt_sds_104,0.9,0.75,0.25,3,8,360835
GVNS,wt_sds_104,0.9,0.75,0.25,3,9,360695
GVNS,wt_sds_104,0.9,0.75,0.25,3,10,360695
GVNS,wt_sds_104,0.9,0.75,0.25,4,0,370253
GVNS,wt_sds_104,0.9,0.75,0.25,4,1,366741
GVNS,wt_sds_104,0.9,0.75,0.25,4,2,366103
GVNS,wt_sds_104,0.9,0.75,0.25,4,3,365178
GVNS,wt_sds_104,0.9,0.75,0.25,4,4,364448
GVNS,wt_sds_104,0.9,0.75,0.25,4,5,364061
GVNS,wt_sds_104,0.9,0.75,0.25,4,6,363911
GVNS,wt_sds_104,0.9,0.75,0.25,4,7,362459
GVNS,wt_sds_104,0.9,0.75,0.25,4,8,360238
GVNS,wt_sds_104,0.9,0.75,0.25,4,9,360238
GVNS,wt_sds_104,0.9,0.75,0.25,4,10,360238
GVNS,wt_sds_105,0.9,0.75,0.25,0,0,465059
GVNS,wt_sds_105,0.9,0.75,0.25,0,1,461356
GVNS,wt_sds_105,0.9,0.75,0.25,0,2,459673
GVNS,wt_sds_105,0.9,0.75,0.25,0,3,456624
GVNS,wt_sds_105,0.9,0.75,0.25,0,4,452842
GVNS,wt_sds_105,0.9,0.75,0.25,0,5,452842
GVNS,wt_sds_105,0.9,0.75,0.25,0,6,452202
GVNS,wt_sds_105,0.9,0.75,0.25,0,7,452202
GVNS,wt_sds_105,0.9,0.75,0.25,0,8,451983
GVNS,wt_sds_105,0.9,0.75,0.25,0,9,451983
GVNS,wt_sds_105,0.9,0.75,0.25,0,10,451431
GVNS,wt_sds_105,0.9,0.75,0.25,1,0,465059
GVNS,wt_sds_105,0.9,0.75,0.25,1,1,461456
GVNS,wt_sds_105,0.9,0.75,0.25,1,2,457058
GVNS,wt_sds_105,0.9,0.75,0.25,1,3,454632
GVNS,wt_sds_105,0.9,0.75,0.25,1,4,454486
GVNS,wt_sds_105,0.9,0.75,0.25,1,5,454144
GVNS,wt_sds_105,0.9,0.75,0.25,1,6,454144
GVNS,wt_sds_105,0.9,0.75,0.25,1,7,454144
GVNS,wt_sds_105,0.9,0.75,0.25,1,8,453497
GVNS,wt_sds_105,0.9,0.75,0.25,1,9,453497
GVNS,wt_sds_105,0.9,0.75,0.25,1,10,453497
GVNS,wt_sds_105,0.9,0.75,0.25,2,0,465059
GVNS,wt_sds_105,0.9,0.75,0.25,2,1,458624
GVNS,wt_sds_105,0.9,0.75,0.25,2,2,457058
GVNS,wt_sds_105,0.9,0.75,0.25,2,3,456901
GVNS,wt_sds_105,0.9,0.75,0.25,2,4,456890
GVNS,wt_sds_105,0.9,0.75,0.25,2,5,455593
GVNS,wt_sds_105,0.9,0.75,0.25,2,6,455593
GVNS,wt_sds_105,0.9,0.75,0.25,2,7,455593
GVNS,wt_sds_105,0.9,0.75,0.25,2,8,455593
GVNS,wt_sds_105,0.9,0.75,0.25,2,9,455593
GVNS,wt_sds_105,0.9,0.75,0.25,2,10,455181
GVNS,wt_sds_105,0.9,0.75,0.25,3,0,465059
GVNS,wt_sds_105,0.9,0.75,0.25,3,1,457278
GVNS,wt_sds_105,0.9,0.75,0.25,3,2,456203
GVNS,wt_sds_105,0.9,0.75,0.25,3,3,455959
GVNS,wt_sds_105,0.9,0.75,0.25,3,4,455959
GVNS,wt_sds_105,0.9,0.75,0.25,3,5,455942
GVNS,wt_sds_105,0.9,0.75,0.25,3,6,455942
GVNS,wt_sds_105,0.9,0.75,0.25,3,7,455942
GVNS,wt_sds_105,0.9,0.75,0.25,3,8,455942
GVNS,wt_sds_105,0.9,0.75,0.25,3,9,455942
GVNS,wt_sds_105,0.9,0.75,0.25,3,10,455942
GVNS,wt_sds_105,0.9,0.75,0.25,4,0,465059
GVNS,wt_sds_105,0.9,0.75,0.25,4,1,459031
GVNS,wt_sds_105,0.9,0.75,0.25,4,2,458460
GVNS,wt_sds_105,0.9,0.75,0.25,4,3,456783
GVNS,wt_sds_105,0.9,0.75,0.25,4,4,455149
GVNS,wt_sds_105,0.9,0.75,0.25,4,5,454327
GVNS,wt_sds_105,0.9,0.75,0.25,4,6,453892
GVNS,wt_sds_105,0.9,0.75,0.25,4,7,453892
GVNS,wt_sds_105,0.9,0.75,0.25,4,8,453752
GVNS,wt_sds_105,0.9,0.75,0.25,4,9,453752
GVNS,wt_sds_105,0.9,0.75,0.25,4,10,453752
GVNS,wt_sds_111,0.9,0.75,0.75,0,0,365649
GVNS,wt_sds_111,0.9,0.75,0.75,0,1,360829
GVNS,wt_sds_111,0.9,0.75,0.75,0,2,356386
GVNS,wt_sds_111,0.9,0.75,0.75,0,3,356386
GVNS,wt_sds_111,0.9,0.75,0.75,0,4,356386
GVNS,wt_sds_111,0.9,0.75,0.75,0,5,356386
GVNS,wt_sds_111,0.9,0.75,0.75,0,6,356361
GVNS,wt_sds_111,0.9,0.75,0.75,0,7,351484
GVNS,wt_sds_111,0.9,0.75,0.75,0,8,350797
GVNS,wt_sds_111,0.9,0.75,0.75,0,9,350797
GVNS,wt_sds_111,0.9,0.75,0.75,0,10,350267
GVNS,wt_sds_111,0.9,0.75,0.75,1,0,365649
GVNS,wt_sds_111,0.9,0.75,0.75,1,1,365649
GVNS,wt_sds_111,0.9,0.75,0.75,1,2,360239
GVNS,wt_sds_111,0.9,0.75,0.75,1,3,360239
GVNS,wt_sds_111,0.9,0.75,0.75,1,4,360239
GVNS,wt_sds_111,0.9,0.75,0.75,1,5,360239
GVNS,wt_sds_111,0.9,0.75,0.75,1,6,356573
GVNS,wt_sds_111,0.9,0.75,0.75,1,7,349290
GVNS,wt_sds_111,0.9,0.75,0.75,1,8,349290
GVNS,wt_sds_111,0.9,0.75,0.75,1,9,349290
GVNS,wt_sds_111,0.9,0.75,0.75,1,10,349290
GVNS,wt_sds_111,0.9,0.75,0.75,2,0,365649
GVNS,wt_sds_111,0.9,0.75,0.75,2,1,360239
GVNS,wt_sds_111,0.9,0.75,0.75,2,2,353650
GVNS,wt_sds_111,0.9,0.75,0.75,2,3,353650
GVNS,wt_sds_111,0.9,0.75,0.75,2,4,350177
GVNS,wt_sds_111,0.9,0.75,0.75,2,5,349268
GVNS,wt_sds_111,0.9,0.75,0.75,2,6,348793
GVNS,wt_sds_111,0.9,0.75,0.75,2,7,348024
GVNS,wt_sds_111,0.9,0.75,0.75,2,8,348024
GVNS,wt_sds_111,0.9,0.75,0.75,2,9,348024
GVNS,wt_sds_111,0.9,0.75,0.75,2,10,347268
GVNS,wt_sds_111,0.9,0.75,0.75,3,0,365649
GVNS,wt_sds_111,0.9,0.75,0.75,3,1,360010
GVNS,wt_sds_111,0.9,0.75,0.75,3,2,353713
GVNS,wt_sds_111,0.9,0.75,0.75,3,3,353713
GVNS,wt_sds_111,0.9,0.75,0.75,3,4,353713
GVNS,wt_sds_111,0.9,0.75,0.75,3,5,352316
GVNS,wt_sds_111,0.9,0.75,0.75,3,6,352316
GVNS,wt_sds_111,0.9,0.75,0.75,3,7,352316
GVNS,wt_sds_111,0.9,0.75,0.75,3,8,352316
GVNS,wt_sds_111,0.9,0.75,0.75,3,9,352316
GVNS,wt_sds_111,0.9,0.75,0.75,3,10,352316
GVNS,wt_sds_111,0.9,0.75,0.75,4,0,365649
GVNS,wt_sds_111,0.9,0.75,0.75,4,1,360714
GVNS,wt_sds_111,0.9,0.75,0.75,4,2,351956
GVNS,wt_sds_111,0.9,0.75,0.75,4,3,350660
GVNS,wt_sds_111,0.9,0.75,0.75,4,4,346098
GVNS,wt_sds_111,0.9,0.75,0.75,4,5,346098
GVNS,wt_sds_111,0.9,0.75,0.75,4,6,346098
GVNS,wt_sds_111,0.9,0.75,0.75,4,7,346098
GVNS,wt_sds_111,0.9,0.75,0.75,4,8,345668
GVNS,wt_sds_111,0.9,0.75,0.75,4,9,345668
GVNS,wt_sds_111,0.9,0.75,0.75,4,10,345668
GVNS,wt_sds_112,0.9,0.75,0.75,0,0,402909
GVNS,wt_sds_112,0.9,0.75,0.75,0,1,385056
GVNS,wt_sds_112,0.9,0.75,0.75,0,2,376901
GVNS,wt_sds_112,0.9,0.75,0.75,0,3,376901
GVNS,wt_sds_112,0.9,0.75,0.75,0,4,376215
GVNS,wt_sds_112,0.9,0.75,0.75,0,5,376107
GVNS,wt_sds_112,0.9,0.75,0.75,0,6,376107
GVNS,wt_sds_112,0.9,0.75,0.75,0,7,376107
GVNS,wt_sds_112,0.9,0.75,0.75,0,8,376107
GVNS,wt_sds_112,0.9,0.75,0.75,0,9,376107
GVNS,wt_sds_112,0.9,0.75,0.75,0,10,376107
GVNS,wt_sds_112,0.9,0.75,0.75,1,0,402909
GVNS,wt_sds_112,0.9,0.75,0.75,1,1,386750
GVNS,wt_sds_112,0.9,0.75,0.75,1,2,376749
GVNS,wt_sds_112,0.9,0.75,0.75,1,3,375576
GVNS,wt_sds_112,0.9,0.75,0.75,1,4,375576
GVNS,wt_sds_112,0.9,0.75,0.75,1,5,375576
GVNS,wt_sds_112,0.9,0.75,0.75,1,6,375413
GVNS,wt_sds_112,0.9,0.75,0.75,1,7,375413
GVNS,wt_sds_112,0.9,0.75,0.75,1,8,375413
GVNS,wt_sds_112,0.9,0.75,0.75,1,9,375413
GVNS,wt_sds_112,0.9,0.75,0.75,1,10,375413
GVNS,wt_sds_112,0.9,0.75,0.75,2,0,402909
GVNS,wt_sds_112,0.9,0.75,0.75,2,1,384302
GVNS,wt_sds_112,0.9,0.75,0.75,2,2,376749
GVNS,wt_sds_112,0.9,0.75,0.75,2,3,376749
GVNS,wt_sds_112,0.9,0.75,0.75,2,4,376749
GVNS,wt_sds_112,0.9,0.75,0.75,2,5,376749
GVNS,wt_sds_112,0.9,0.75,0.75,2,6,376749
GVNS,wt_sds_112,0.9,0.75,0.75,2,7,375581
GVNS,wt_sds_112,0.9,0.75,0.75,2,8,374296
GVNS,wt_sds_112,0.9,0.75,0.75,2,9,374236
GVNS,wt_sds_112,0.9,0.75,0.75,2,10,374236
GVNS,wt_sds_112,0.9,0.75,0.75,3,0,402909
GVNS,wt_sds_112,0.9,0.75,0.75,3,1,391210
GVNS,wt_sds_112,0.9,0.75,0.75,3,2,388229
GVNS,wt_sds_112,0.9,0.75,0.75,3,3,387463
GVNS,wt_sds_112,0.9,0.75,0.75,3,4,382643
GVNS,wt_sds_112,0.9,0.75,0.75,3,5,381930
GVNS,wt_sds_112,0.9,0.75,0.75,3,6,379635
GVNS,wt_sds_112,0.9,0.75,0.75,3,7,378846
GVNS,wt_sds_112,0.9,0.75,0.75,3,8,378846
GVNS,wt_sds_112,0.9,0.75,0.75,3,9,377589
GVNS,wt_sds_112,0.9,0.75,0.75,3,10,377589
GVNS,wt_sds_112,0.9,0.75,0.75,4,0,402909
GVNS,wt_sds_112,0.9,0.75,0.75,4,1,389781
GVNS,wt_sds_112,0.9,0.75,0.75,4,2,385976
GVNS,wt_sds_112,0.9,0.75,0.75,4,3,385976
GVNS,wt_sds_112,0.9,0.75,0.75,4,4,384072
GVNS,wt_sds_112,0.9,0.75,0.75,4,5,383787
GVNS,wt_sds_112,0.9,0.75,0.75,4,6,383316
GVNS,wt_sds_112,0.9,0.75,0.75,4,7,382666
GVNS,wt_sds_112,0.9,0.75,0.75,4,8,382264
GVNS,wt_sds_112,0.9,0.75,0.75,4,9,382264
GVNS,wt_sds_112,0.9,0.75,0.75,4,10,382264
GVNS,wt_sds_113,0.9,0.75,0.75,0,0,269459
GVNS,wt_sds_113,0.9,0.75,0.75,0,1,264862
GVNS,wt_sds_113,0.9,0.75,0.75,0,2,264862
GVNS,wt_sds_113,0.9,0.75,0.75,0,3,264512
GVNS,wt_sds_113,0.9,0.75,0.75,0,4,263940
GVNS,wt_sds_113,0.9,0.75,0.75,0,5,263940
GVNS,wt_sds_113,0.9,0.75,0.75,0,6,263940
GVNS,wt_sds_113,0.9,0.75,0.75,0,7,260872
GVNS,wt_sds_113,0.9,0.75,0.75,0,8,260872
GVNS,wt_sds_113,0.9,0.75,0.75,0,9,260872
GVNS,wt_sds_113,0.9,0.75,0.75,0,10,260872
GVNS,wt_sds_113,0.9,0.75,0.75,1,0,269459
GVNS,wt_sds_113,0.9,0.75,0.75,1,1,265158
GVNS,wt_sds_113,0.9,0.75,0.75,1,2,265013
GVNS,wt_sds_113,0.9,0.75,0.75,1,3,265013
GVNS,wt_sds_113,0.9,0.75,0.75,1,4,264802
GVNS,wt_sds_113,0.9,0.75,0.75,1,5,264802
GVNS,wt_sds_113,0.9,0.75,0.75,1,6,264391
GVNS,wt_sds_113,0.9,0.75,0.75,1,7,264391
GVNS,wt_sds_113,0.9,0.75,0.75,1,8,264391
GVNS,wt_sds_113,0.9,0.75,0.75,1,9,264391
GVNS,wt_sds_113,0.9,0.75,0.75,1,10,264391
GVNS,wt_sds_113,0.9,0.75,0.75,2,0,269459
GVNS,wt_sds_113,0.9,0.75,0.75,2,1,267024
GVNS,wt_sds_113,0.9,0.75,0.75,2,2,266848
GVNS,wt_sds_113,0.9,0.75,0.75,2,3,266189
GVNS,wt_sds_113,0.9,0.75,0.75,2,4,266189
GVNS,wt_sds_113,0.9,0.75,0.75,2,5,265206
GVNS,wt_sds_113,0.9,0.75,0.75,2,6,264752
GVNS,wt_sds_113,0.9,0.75,0.75,2,7,264752
GVNS,wt_sds_113,0.9,0.75,0.75,2,8,264752
GVNS,wt_sds_113,0.9,0.75,0.75,2,9,264752
GVNS,wt_sds_113,0.9,0.75,0.75,2,10,264752
GVNS,wt_sds_113,0.9,0.75,0.75,3,0,269459
GVNS,wt_sds_113,0.9,0.75,0.75,3,1,265297
GVNS,wt_sds_113,0.9,0.75,0.75,3,2,265297
GVNS,wt_sds_113,0.9,0.75,0.75,3,3,264124
GVNS,wt_sds_113,0.9,0.75,0.75,3,4,264084
GVNS,wt_sds_113,0.9,0.75,0.75,3,5,263157
GVNS,wt_sds_113,0.9,0.75,0.75,3,6,263157
GVNS,wt_sds_113,0.9,0.75,0.75,3,7,263157
GVNS,wt_sds_113,0.9,0.75,0.75,3,8,263157
GVNS,wt_sds_113,0.9,0.75,0.75,3,9,263157
GVNS,wt_sds_113,0.9,0.75,0.75,3,10,263157
GVNS,wt_sds_113,0.9,0.75,0.75,4,0,269459
GVNS,wt_sds_113,0.9,0.75,0.75,4,1,267024
GVNS,wt_sds_113,0.9,0.75,0.75,4,2,266372
GVNS,wt_sds_113,0.9,0.75,0.75,4,3,265157
GVNS,wt_sds_113,0.9,0.75,0.75,4,4,264973
GVNS,wt_sds_113,0.9,0.75,0.75,4,5,264973
GVNS,wt_sds_113,0.9,0.75,0.75,4,6,264973
GVNS,wt_sds_113,0.9,0.75,0.75,4,7,264973
GVNS,wt_sds_113,0.9,0.75,0.75,4,8,264302
GVNS,wt_sds_113,0.9,0.75,0.75,4,9,264131
GVNS,wt_sds_113,0.9,0.75,0.75,4,10,264131
GVNS,wt_sds_114,0.9,0.75,0.75,0,0,494861
GVNS,wt_sds_114,0.9,0.75,0.75,0,1,486140
GVNS,wt_sds_114,0.9,0.75,0.75,0,2,484290
GVNS,wt_sds_114,0.9,0.75,0.75,0,3,477395
GVNS,wt_sds_114,0.9,0.75,0.75,0,4,476999
GVNS,wt_sds_114,0.9,0.75,0.75,0,5,475932
GVNS,wt_sds_114,0.9,0.75,0.75,0,6,475932
GVNS,wt_sds_114,0.9,0.75,0.75,0,7,475932
GVNS,wt_sds_114,0.9,0.75,0.75,0,8,475932
GVNS,wt_sds_114,0.9,0.75,0.75,0,9,475932
GVNS,wt_sds_114,0.9,0.75,0.75,0,10,475932
GVNS,wt_sds_114,0.9,0.75,0.75,1,0,494861
GVNS,wt_sds_114,0.9,0.75,0.75,1,1,483453
GVNS,wt_sds_114,0.9,0.75,0.75,1,2,482977
GVNS,wt_sds_114,0.9,0.75,0.75,1,3,482977
GVNS,wt_sds_114,0.9,0.75,0.75,1,4,475799
GVNS,wt_sds_114,0.9,0.75,0.75,1,5,475799
GVNS,wt_sds_114,0.9,0.75,0.75,1,6,475474
GVNS,wt_sds_114,0.9,0.75,0.75,1,7,475474
GVNS,wt_sds_114,0.9,0.75,0.75,1,8,475217
GVNS,wt_sds_114,0.9,0.75,0.75,1,9,473290
GVNS,wt_sds_114,0.9,0.75,0.75,1,10,473290
GVNS,wt_sds_114,0.9,0.75,0.75,2,0,494861
GVNS,wt_sds_114,0.9,0.75,0.75,2,1,484182
GVNS,wt_sds_114,0.9,0.75,0.75,2,2,483238
GVNS,wt_sds_114,0.9,0.75,0.75,2,3,480580
GVNS,wt_sds_114,0.9,0.75,0.75,2,4,480109
GVNS,wt_sds_114,0.9,0.75,0.75,2,5,479397
GVNS,wt_sds_114,0.9,0.75,0.75,2,6,479397
GVNS,wt_sds_114,0.9,0.75,0.75,2,7,477652
GVNS,wt_sds_114,0.9,0.75,0.75,2,8,477652
GVNS,wt_sds_114,0.9,0.75,0.75,2,9,477652
GVNS,wt_sds_114,0.9,0.75,0.75,2,10,477652
GVNS,wt_sds_114,0.9,0.75,0.75,3,0,494861
GVNS,wt_sds_114,0.9,0.75,0.75,3,1,484930
GVNS,wt_sds_114,0.9,0.75,0.75,3,2,482904
GVNS,wt_sds_114,0.9,0.75,0.75,3,3,477746
GVNS,wt_sds_114,0.9,0.75,0.75,3,4,477746
GVNS,wt_sds_114,0.9,0.75,0.75,3,5,477746
GVNS,wt_sds_114,0.9,0.75,0.75,3,6,476407
GVNS,wt_sds_114,0.9,0.75,0.75,3,7,476407
GVNS,wt_sds_114,0.9,0.75,0.75,3,8,476407
GVNS,wt_sds_114,0.9,0.75,0.75,3,9,476407
GVNS,wt_sds_114,0.9,0.75,0.75,3,10,476407
GVNS,wt_sds_114,0.9,0.75,0.75,4,0,494861
GVNS,wt_sds_114,0.9,0.75,0.75,4,1,484230
GVNS,wt_sds_114,0.9,0.75,0.75,4,2,475029
GVNS,wt_sds_114,0.9,0.75,0.75,4,3,475029
GVNS,wt_sds_114,0.9,0.75,0.75,4,4,473770
GVNS,wt_sds_114,0.9,0.75,0.75,4,5,473770
GVNS,wt_sds_114,0.9,0.75,0.75,4,6,473770
GVNS,wt_sds_114,0.9,0.75,0.75,4,7,473770
GVNS,wt_sds_114,0.9,0.75,0.75,4,8,473770
GVNS,wt_sds_114,0.9,0.75,0.75,4,9,473770
GVNS,wt_sds_114,0.9,0.75,0.75,4,10,473770
GVNS,wt_sds_115,0.9,0.75,0.75,0,0,493200
GVNS,wt_sds_115,0.9,0.75,0.75,0,1,492604
GVNS,wt_sds_115,0.9,0.75,0.75,0,2,481618
GVNS,wt_sds_115,0.9,0.75,0.75,0,3,478155
GVNS,wt_sds_115,0.9,0.75,0.75,0,4,475549
GVNS,wt_sds_115,0.9,0.75,0.75,0,5,474431
GVNS,wt_sds_115,0.9,0.75,0.75,0,6,474431
GVNS,wt_sds_115,0.9,0.75,0.75,0,7,474431
GVNS,wt_sds_115,0.9,0.75,0.75,0,8,474431
GVNS,wt_sds_115,0.9,0.75,0.75,0,9,474063
GVNS,wt_sds_115,0.9,0.75,0.75,0,10,473447
GVNS,wt_sds_115,0.9,0.75,0.75,1,0,493200
GVNS,wt_sds_115,0.9,0.75,0.75,1,1,484385
GVNS,wt_sds_115,0.9,0.75,0.75,1,2,481026
GVNS,wt_sds_115,0.9,0.75,0.75,1,3,480778
GVNS,wt_sds_115,0.9,0.75,0.75,1,4,479674
GVNS,wt_sds_115,0.9,0.75,0.75,1,5,478168
GVNS,wt_sds_115,0.9,0.75,0.75,1,6,475249
GVNS,wt_sds_115,0.9,0.75,0.75,1,7,475240
GVNS,wt_sds_115,0.9,0.75,0.75,1,8,475240
GVNS,wt_sds_115,0.9,0.75,0.75,1,9,474565
GVNS,wt_sds_115,0.9,0.75,0.75,1,10,474565
GVNS,wt_sds_115,0.9,0.75,0.75,2,0,493200
GVNS,wt_sds_115,0.9,0.75,0.75,2,1,487914
GVNS,wt_sds_115,0.9,0.75,0.75,2,2,482002
GVNS,wt_sds_115,0.9,0.75,0.75,2,3,482002
GVNS,wt_sds_115,0.9,0.75,0.75,2,4,482002
GVNS,wt_sds_115,0.9,0.75,0.75,2,5,481460
GVNS,wt_sds_115,0.9,0.75,0.75,2,6,479555
GVNS,wt_sds_115,0.9,0.75,0.75,2,7,479555
GVNS,wt_sds_115,0.9,0.75,0.75,2,8,479555
GVNS,wt_sds_115,0.9,0.75,0.75,2,9,479555
GVNS,wt_sds_115,0.9,0.75,0.75,2,10,478868
GVNS,wt_sds_115,0.9,0.75,0.75,3,0,493200
GVNS,wt_sds_115,0.9,0.75,0.75,3,1,484700
GVNS,wt_sds_115,0.9,0.75,0.75,3,2,482182
GVNS,wt_sds_115,0.9,0.75,0.75,3,3,482182
GVNS,wt_sds_115,0.9,0.75,0.75,3,4,482182
GVNS,wt_sds_115,0.9,0.75,0.75,3,5,480800
GVNS,wt_sds_115,0.9,0.75,0.75,3,6,480800
GVNS,wt_sds_115,0.9,0.75,0.75,3,7,479850
GVNS,wt_sds_115,0.9,0.75,0.75,3,8,479281
GVNS,wt_sds_115,0.9,0.75,0.75,3,9,479281
GVNS,wt_sds_115,0.9,0.75,0.75,3,10,478649
GVNS,wt_sds_115,0.9,0.75,0.75,4,0,493200
GVNS,wt_sds_115,0.9,0.75,0.75,4,1,483052
GVNS,wt_sds_115,0.9,0.75,0.75,4,2,482741
GVNS,wt_sds_115,0.9,0.75,0.75,4,3,482087
GVNS,wt_sds_115,0.9,0.75,0.75,4,4,482087
GVNS,wt_sds_115,0.9,0.75,0.75,4,5,477525
GVNS,wt_sds_115,0.9,0.75,0.75,4,6,477525
GVNS,wt_sds_115,0.9,0.75,0.75,4,7,477021
GVNS,wt_sds_115,0.9,0.75,0.75,4,8,474835
GVNS,wt_sds_115,0.9,0.75,0.75,4,9,474835
GVNS,wt_sds_115,0.9,0.75,0.75,4,10,473178
DDE,wt_sds_1,0.3,0.25,0.25,0,0,2442
DDE,wt_sds_1,0.3,0.25,0.25,0,1,2442
DDE,wt_sds_1,0.3,0.25,0.25,0,2,2442
DDE,wt_sds_1,0.3,0.25,0.25,0,3,2442
DDE,wt_sds_1,0.3,0.25,0.25,0,4,2206
DDE,wt_sds_1,0.3,0.25,0.25,0,5,2206
DDE,wt_sds_1,0.3,0.25,0.25,0,6,2206
DDE,wt_sds_1,0.3,0.25,0.25,0,7,2206
DDE,wt_sds_1,0.3,0.25,0.25,0,8,2206
DDE,wt_sds_1,0.3,0.25,0.25,0,9,2206
DDE,wt_sds_1,0.3,0.25,0.25,0,10,2206
DDE,wt_sds_1,0.3,0.25,0.25,1,0,2442
DDE,wt_sds_1,0.3,0.25,0.25,1,1,2442
DDE,wt_sds_1,0.3,0.25,0.25,1,2,2442
DDE,wt_sds_1,0.3,0.25,0.25,1,3,2442
DDE,wt_sds_1,0.3,0.25,0.25,1,4,1704
DDE,wt_sds_1,0.3,0.25,0.25,1,5,1704
DDE,wt_sds_1,0.3,0.25,0.25,1,6,1704
DDE,wt_sds_1,0.3,0.25,0.25,1,7,1704
DDE,wt_sds_1,0.3,0.25,0.25,1,8,1704
DDE,wt_sds_1,0.3,0.25,0.25,1,9,1704
DDE,wt_sds_1,0.3,0.25,0.25,1,10,1704
DDE,wt_sds_1,0.3,0.25,0.25,2,0,2442
DDE,wt_sds_1,0.3,0.25,0.25,2,1,2442
DDE,wt_sds_1,0.3,0.25,0.25,2,2,2442
DDE,wt_sds_1,0.3,0.25,0.25,2,3,2442
DDE,wt_sds_1,0.3,0.25,0.25,2,4,2442
DDE,wt_sds_1,0.3,0.25,0.25,2,5,2442
DDE,wt_sds_1,0.3,0.25,0.25,2,6,2442
DDE,wt_sds_1,0.3,0.25,0.25,2,7,2430
DDE,wt_sds_1,0.3,0.25,0.25,2,8,2430
DDE,wt_sds_1,0.3,0.25,0.25,2,9,2430
DDE,wt_sds_1,0.3,0.25,0.25,2,10,2430
DDE,wt_sds_1,0.3,0.25,0.25,3,0,2442
DDE,wt_sds_1,0.3,0.25,0.25,3,1,2442
DDE,wt_sds_1,0.3,0.25,0.25,3,2,2442
DDE,wt_sds_1,0.3,0.25,0.25,3,3,2442
DDE,wt_sds_1,0.3,0.25,0.25,3,4,2442
DDE,wt_sds_1,0.3,0.25,0.25,3,5,2442
DDE,wt_sds_1,0.3,0.25,0.25,3,6,2442
DDE,wt_sds_1,0.3,0.25,0.25,3,7,2442
DDE,wt_sds_1,0.3,0.25,0.25,3,8,2442
DDE,wt_sds_1,0.3,0.25,0.25,3,9,2442
DDE,wt_sds_1,0.3,0.25,0.25,3,10,2442
DDE,wt_sds_1,0.3,0.25,0.25,4,0,2442
DDE,wt_sds_1,0.3,0.25,0.25,4,1,2442
DDE,wt_sds_1,0.3,0.25,0.25,4,2,2442
DDE,wt_sds_1,0.3,0.25,0.25,4,3,2442
DDE,wt_sds_1,0.3,0.25,0.25,4,4,2320
DDE,wt_sds_1,0.3,0.25,0.25,4,5,2320
DDE,wt_sds_1,0.3,0.25,0.25,4,6,2320
DDE,wt_sds_1,0.3,0.25,0.25,4,7,2320
DDE,wt_sds_1,0.3,0.25,0.25,4,8,2320
DDE,wt_sds_1,0.3,0.25,0.25,4,9,2320
DDE,wt_sds_1,0.3,0.25,0.25,4,10,2320
DDE,wt_sds_2,0.3,0.25,0.25,0,0,13089
DDE,wt_sds_2,0.3,0.25,0.25,0,1,13089
DDE,wt_sds_2,0.3,0.25,0.25,0,2,13089
DDE,wt_sds_2,0.3,0.25,0.25,0,3,13089
DDE,wt_sds_2,0.3,0.25,0.25,0,4,13089
DDE,wt_sds_2,0.3,0.25,0.25,0,5,13089
DDE,wt_sds_2,0.3,0.25,0.25,0,6,13089
DDE,wt_sds_2,0.3,0.25,0.25,0,7,9961
DDE,wt_sds_2,0.3,0.25,0.25,0,8,7675
DDE,wt_sds_2,0.3,0.25,0.25,0,9,7675
DDE,wt_sds_2,0.3,0.25,0.25,0,10,7675
DDE,wt_sds_2,0.3,0.25,0.25,1,0,13089
DDE,wt_sds_2,0.3,0.25,0.25,1,1,13089
DDE,wt_sds_2,0.3,0.25,0.25,1,2,13089
DDE,wt_sds_2,0.3,0.25,0.25,1,3,13089
DDE,wt_sds_2,0.3,0.25,0.25,1,4,8067
DDE,wt_sds_2,0.3,0.25,0.25,1,5,8067
DDE,wt_sds_2,0.3,0.25,0.25,1,6,8067
DDE,wt_sds_2,0.3,0.25,0.25,1,7,8067
DDE,wt_sds_2,0.3,0.25,0.25,1,8,8067
DDE,wt_sds_2,0.3,0.25,0.25,1,9,8067
DDE,wt_sds_2,0.3,0.25,0.25,1,10,8067
DDE,wt_sds_2,0.3,0.25,0.25,2,0,13089
DDE,wt_sds_2,0.3,0.25,0.25,2,1,13089
DDE,wt_sds_2,0.3,0.25,0.25,2,2,13089
DDE,wt_sds_2,0.3,0.25,0.25,2,3,13089
DDE,wt_sds_2,0.3,0.25,0.25,2,4,13089
DDE,wt_sds_2,0.3,0.25,0.25,2,5,12834
DDE,wt_sds_2,0.3,0.25,0.25,2,6,8289
DDE,wt_sds_2,0.3,0.25,0.25,2,7,8113
DDE,wt_sds_2,0.3,0.25,0.25,2,8,8113
DDE,wt_sds_2,0.3,0.25,0.25,2,9,8113
DDE,wt_sds_2,0.3,0.25,0.25,2,10,8113
DDE,wt_sds_2,0.3,0.25,0.25,3,0,13089
DDE,wt_sds_2,0.3,0.25,0.25,3,1,13089
DDE,wt_sds_2,0.3,0.25,0.25,3,2,13089
DDE,wt_sds_2,0.3,0.25,0.25,3,3,13089
DDE,wt_sds_2,0.3,0.25,0.25,3,4,13089
DDE,wt_sds_2,0.3,0.25,0.25,3,5,13089
DDE,wt_sds_2,0.3,0.25,0.25,3,6,13089
DDE,wt_sds_2,0.3,0.25,0.25,3,7,13089
DDE,wt_sds_2,0.3,0.25,0.25,3,8,9289
DDE,wt_sds_2,0.3,0.25,0.25,3,9,9289
DDE,wt_sds_2,0.3,0.25,0.25,3,10,9289
DDE,wt_sds_2,0.3,0.25,0.25,4,0,13089
DDE,wt_sds_2,0.3,0.25,0.25,4,1,13089
DDE,wt_sds_2,0.3,0.25,0.25,4,2,13089
DDE,wt_sds_2,0.3,0.25,0.25,4,3,13089
DDE,wt_sds_2,0.3,0.25,0.25,4,4,13089
DDE,wt_sds_2,0.3,0.25,0.25,4,5,12704
DDE,wt_sds_2,0.3,0.25,0.25,4,6,9843
DDE,wt_sds_2,0.3,0.25,0.25,4,7,9843
DDE,wt_sds_2,0.3,0.25,0.25,4,8,9843
DDE,wt_sds_2,0.3,0.25,0.25,4,9,9843
DDE,wt_sds_2,0.3,0.25,0.25,4,10,9843
DDE,wt_sds_3,0.3,0.25,0.25,0,0,5053
DDE,wt_sds_3,0.3,0.25,0.25,0,1,5053
DDE,wt_sds_3,0.3,0.25,0.25,0,2,5053
DDE,wt_sds_3,0.3,0.25,0.25,0,3,5053
DDE,wt_sds_3,0.3,0.25,0.25,0,4,5053
DDE,wt_sds_3,0.3,0.25,0.25,0,5,5053
DDE,wt_sds_3,0.3,0.25,0.25,0,6,5053
DDE,wt_sds_3,0.3,0.25,0.25,0,7,5053
DDE,wt_sds_3,0.3,0.25,0.25,0,8,5053
DDE,wt_sds_3,0.3,0.25,0.25,0,9,5053
DDE,wt_sds_3,0.3,0.25,0.25,0,10,5053
DDE,wt_sds_3,0.3,0.25,0.25,1,0,5053
DDE,wt_sds_3,0.3,0.25,0.25,1,1,5053
DDE,wt_sds_3,0.3,0.25,0.25,1,2,5053
DDE,wt_sds_3,0.3,0.25,0.25,1,3,5053
DDE,wt_sds_3,0.3,0.25,0.25,1,4,5053
DDE,wt_sds_3,0.3,0.25,0.25,1,5,4422
DDE,wt_sds_3,0.3,0.25,0.25,1,6,4422
DDE,wt_sds_3,0.3,0.25,0.25,1,7,4422
DDE,wt_sds_3,0.3,0.25,0.25,1,8,4422
DDE,wt_sds_3,0.3,0.25,0.25,1,9,4422
DDE,wt_sds_3,0.3,0.25,0.25,1,10,4422
DDE,wt_sds_3,0.3,0.25,0.25,2,0,5053
DDE,wt_sds_3,0.3,0.25,0.25,2,1,5053
DDE,wt_sds_3,0.3,0.25,0.25,2,2,5053
DDE,wt_sds_3,0.3,0.25,0.25,2,3,5053
DDE,wt_sds_3,0.3,0.25,0.25,2,4,5053
DDE,wt_sds_3,0.3,0.25,0.25,2,5,5053
DDE,wt_sds_3,0.3,0.25,0.25,2,6,5053
DDE,wt_sds_3,0.3,0.25,0.25,2,7,5053
DDE,wt_sds_3,0.3,0.25,0.25,2,8,5053
DDE,wt_sds_3,0.3,0.25,0.25,2,9,5053
DDE,wt_sds_3,0.3,0.25,0.25,2,10,5053
DDE,wt_sds_3,0.3,0.25,0.25,3,0,5053
DDE,wt_sds_3,0.3,0.25,0.25,3,1,5053
DDE,wt_sds_3,0.3,0.25,0.25,3,2,5053
DDE,wt_sds_3,0.3,0.25,0.25,3,3,5053
DDE,wt_sds_3,0.3,0.25,0.25,3,4,5053
DDE,wt_sds_3,0.3,0.25,0.25,3,5,5053
DDE,wt_sds_3,0.3,0.25,0.25,3,6,5053
DDE,wt_sds_3,0.3,0.25,0.25,3,7,5053
DDE,wt_sds_3,0.3,0.25,0.25,3,8,5053
DDE,wt_sds_3,0.3,0.25,0.25,3,9,5053
DDE,wt_sds_3,0.3,0.25,0.25,3,10,5053
DDE,wt_sds_3,0.3,0.25,0.25,4,0,5053
DDE,wt_sds_3,0.3,0.25,0.25,4,1,5053
DDE,wt_sds_3,0.3,0.25,0.25,4,2,5053
DDE,wt_sds_3,0.3,0.25,0.25,4,3,5053
DDE,wt_sds_3,0.3,0.25,0.25,4,4,4310
DDE,wt_sds_3,0.3,0.25,0.25,4,5,3600
DDE,wt_sds_3,0.3,0.25,0.25,4,6,3600
DDE,wt_sds_3,0.3,0.25,0.25,4,7,3600
DDE,wt_sds_3,0.3,0.25,0.25,4,8,3600
DDE,wt_sds_3,0.3,0.25,0.25,4,9,3600
DDE,wt_sds_3,0.3,0.25,0.25,4,10,3600
DDE,wt_sds_4,0.3,0.25,0.25,0,0,16155
DDE,wt_sds_4,0.3,0.25,0.25,0,1,16155
DDE,wt_sds_4,0.3,0.25,0.25,0,2,16155
DDE,wt_sds_4,0.3,0.25,0.25,0,3,16155
DDE,wt_sds_4,0.3,0.25,0.25,0,4,11934
DDE,wt_sds_4,0.3,0.25,0.25,0,5,11934
DDE,wt_sds_4,0.3,0.25,0.25,0,6,11934
DDE,wt_sds_4,0.3,0.25,0.25,0,7,11934
DDE,wt_sds_4,0.3,0.25,0.25,0,8,11934
DDE,wt_sds_4,0.3,0.25,0.25,0,9,11934
DDE,wt_sds_4,0.3,0.25,0.25,0,10,11934
DDE,wt_sds_4,0.3,0.25,0.25,1,0,16155
DDE,wt_sds_4,0.3,0.25,0.25,1,1,16155
DDE,wt_sds_4,0.3,0.25,0.25,1,2,16155
DDE,wt_sds_4,0.3,0.25,0.25,1,3,16155
DDE,wt_sds_4,0.3,0.25,0.25,1,4,16155
DDE,wt_sds_4,0.3,0.25,0.25,1,5,11759
DDE,wt_sds_4,0.3,0.25,0.25,1,6,11759
DDE,wt_sds_4,0.3,0.25,0.25,1,7,11759
DDE,wt_sds_4,0.3,0.25,0.25,1,8,11759
DDE,wt_sds_4,0.3,0.25,0.25,1,9,11759
DDE,wt_sds_4,0.3,0.25,0.25,1,10,11759
DDE,wt_sds_4,0.3,0.25,0.25,2,0,16155
DDE,wt_sds_4,0.3,0.25,0.25,2,1,16155
DDE,wt_sds_4,0.3,0.25,0.25,2,2,16155
DDE,wt_sds_4,0.3,0.25,0.25,2,3,16155
DDE,wt_sds_4,0.3,0.25,0.25,2,4,16155
DDE,wt_sds_4,0.3,0.25,0.25,2,5,16155
DDE,wt_sds_4,0.3,0.25,0.25,2,6,11918
DDE,wt_sds_4,0.3,0.25,0.25,2,7,11918
DDE,wt_sds_4,0.3,0.25,0.25,2,8,11918
DDE,wt_sds_4,0.3,0.25,0.25,2,9,11918
DDE,wt_sds_4,0.3,0.25,0.25,2,10,11918
DDE,wt_sds_4,0.3,0.25,0.25,3,0,16155
DDE,wt_sds_4,0.3,0.25,0.25,3,1,16155
DDE,wt_sds_4,0.3,0.25,0.25,3,2,16155
DDE,wt_sds_4,0.3,0.25,0.25,3,3,16155
DDE,wt_sds_4,0.3,0.25,0.25,3,4,16155
DDE,wt_sds_4,0.3,0.25,0.25,3,5,11559
DDE,wt_sds_4,0.3,0.25,0.25,3,6,10920
DDE,wt_sds_4,0.3,0.25,0.25,3,7,10920
DDE,wt_sds_4,0.3,0.25,0.25,3,8,10920
DDE,wt_sds_4,0.3,0.25,0.25,3,9,10920
DDE,wt_sds_4,0.3,0.25,0.25,3,10,10920
DDE,wt_sds_4,0.3,0.25,0.25,4,0,16155
DDE,wt_sds_4,0.3,0.25,0.25,4,1,16155
DDE,wt_sds_4,0.3,0.25,0.25,4,2,16155
DDE,wt_sds_4,0.3,0.25,0.25,4,3,16155
DDE,wt_sds_4,0.3,0.25,0.25,4,4,15775
DDE,wt_sds_4,0.3,0.25,0.25,4,5,13739
DDE,wt_sds_4,0.3,0.25,0.25,4,6,10662
DDE,wt_sds_4,0.3,0.25,0.25,4,7,10662
DDE,wt_sds_4,0.3,0.25,0.25,4,8,10662
DDE,wt_sds_4,0.3,0.25,0.25,4,9,10662
DDE,wt_sds_4,0.3,0.25,0.25,4,10,10662
DDE,wt_sds_5,0.3,0.25,0.25,0,0,10127
DDE,wt_sds_5,0.3,0.25,0.25,0,1,10127
DDE,wt_sds_5,0.3,0.25,0.25,0,2,10127
DDE,wt_sds_5,0.3,0.25,0.25,0,3,10127
DDE,wt_sds_5,0.3,0.25,0.25,0,4,10127
DDE,wt_sds_5,0.3,0.25,0.25,0,5,8652
DDE,wt_sds_5,0.3,0.25,0.25,0,6,8652
DDE,wt_sds_5,0.3,0.25,0.25,0,7,8652
DDE,wt_sds_5,0.3,0.25,0.25,0,8,8652
DDE,wt_sds_5,0.3,0.25,0.25,0,9,8652
DDE,wt_sds_5,0.3,0.25,0.25,0,10,8652
DDE,wt_sds_5,0.3,0.25,0.25,1,0,10127
DDE,wt_sds_5,0.3,0.25,0.25,1,1,10127
DDE,wt_sds_5,0.3,0.25,0.25,1,2,10127
DDE,wt_sds_5,0.3,0.25,0.25,1,3,9410
DDE,wt_sds_5,0.3,0.25,0.25,1,4,7733
DDE,wt_sds_5,0.3,0.25,0.25,1,5,7733
DDE,wt_sds_5,0.3,0.25,0.25,1,6,7733
DDE,wt_sds_5,0.3,0.25,0.25,1,7,7733
DDE,wt_sds_5,0.3,0.25,0.25,1,8,7733
DDE,wt_sds_5,0.3,0.25,0.25,1,9,7733
DDE,wt_sds_5,0.3,0.25,0.25,1,10,7733
DDE,wt_sds_5,0.3,0.25,0.25,2,0,10127
DDE,wt_sds_5,0.3,0.25,0.25,2,1,10127
DDE,wt_sds_5,0.3,0.25,0.25,2,2,10127
DDE,wt_sds_5,0.3,0.25,0.25,2,3,10127
DDE,wt_sds_5,0.3,0.25,0.25,2,4,7841
DDE,wt_sds_5,0.3,0.25,0.25,2,5,7705
DDE,wt_sds_5,0.3,0.25,0.25,2,6,7705
DDE,wt_sds_5,0.3,0.25,0.25,2,7,7705
DDE,wt_sds_5,0.3,0.25,0.25,2,8,7705
DDE,wt_sds_5,0.3,0.25,0.25,2,9,7705
DDE,wt_sds_5,0.3,0.25,0.25,2,10,7705
DDE,wt_sds_5,0.3,0.25,0.25,3,0,10127
DDE,wt_sds_5,0.3,0.25,0.25,3,1,10127
DDE,wt_sds_5,0.3,0.25,0.25,3,2,10127
DDE,wt_sds_5,0.3,0.25,0.25,3,3,10127
DDE,wt_sds_5,0.3,0.25,0.25,3,4,10127
DDE,wt_sds_5,0.3,0.25,0.25,3,5,10127
DDE,wt_sds_5,0.3,0.25,0.25,3,6,10127
DDE,wt_sds_5,0.3,0.25,0.25,3,7,7244
DDE,wt_sds_5,0.3,0.25,0.25,3,8,7244
DDE,wt_sds_5,0.3,0.25,0.25,3,9,7244
DDE,wt_sds_5,0.3,0.25,0.25,3,10,7244
DDE,wt_sds_5,0.3,0.25,0.25,4,0,10127
DDE,wt_sds_5,0.3,0.25,0.25,4,1,10127
DDE,wt_sds_5,0.3,0.25,0.25,4,2,10127
DDE,wt_sds_5,0.3,0.25,0.25,4,3,10127
DDE,wt_sds_5,0.3,0.25,0.25,4,4,10127
DDE,wt_sds_5,0.3,0.25,0.25,4,5,8487
DDE,wt_sds_5,0.3,0.25,0.25,4,6,6888
DDE,wt_sds_5,0.3,0.25,0.25,4,7,6888
DDE,wt_sds_5,0.3,0.25,0.25,4,8,6888
DDE,wt_sds_5,0.3,0.25,0.25,4,9,6888
DDE,wt_sds_5,0.3,0.25,0.25,4,10,6888
DDE,wt_sds_11,0.3,0.25,0.75,0,0,16772
DDE,wt_sds_11,0.3,0.25,0.75,0,1,16772
DDE,wt_sds_11,0.3,0.25,0.75,0,2,16772
DDE,wt_sds_11,0.3,0.25,0.75,0,3,16772
DDE,wt_sds_11,0.3,0.25,0.75,0,4,16772
DDE,wt_sds_11,0.3,0.25,0.75,0,5,16772
DDE,wt_sds_11,0.3,0.25,0.75,0,6,16772
DDE,wt_sds_11,0.3,0.25,0.75,0,7,15878
DDE,wt_sds_11,0.3,0.25,0.75,0,8,11080
DDE,wt_sds_11,0.3,0.25,0.75,0,9,11080
DDE,wt_sds_11,0.3,0.25,0.75,0,10,11080
DDE,wt_sds_11,0.3,0.25,0.75,1,0,16772
DDE,wt_sds_11,0.3,0.25,0.75,1,1,16772
DDE,wt_sds_11,0.3,0.25,0.75,1,2,16772
DDE,wt_sds_11,0.3,0.25,0.75,1,3,16772
DDE,wt_sds_11,0.3,0.25,0.75,1,4,16772
DDE,wt_sds_11,0.3,0.25,0.75,1,5,12149
DDE,wt_sds_11,0.3,0.25,0.75,1,6,11183
DDE,wt_sds_11,0.3,0.25,0.75,1,7,11183
DDE,wt_sds_11,0.3,0.25,0.75,1,8,11183
DDE,wt_sds_11,0.3,0.25,0.75,1,9,11183
DDE,wt_sds_11,0.3,0.25,0.75,1,10,11183
DDE,wt_sds_11,0.3,0.25,0.75,2,0,16772
DDE,wt_sds_11,0.3,0.25,0.75,2,1,16772
DDE,wt_sds_11,0.3,0.25,0.75,2,2,16772
DDE,wt_sds_11,0.3,0.25,0.75,2,3,16772
DDE,wt_sds_11,0.3,0.25,0.75,2,4,16772
DDE,wt_sds_11,0.3,0.25,0.75,2,5,10801
DDE,wt_sds_11,0.3,0.25,0.75,2,6,8448
DDE,wt_sds_11,0.3,0.25,0.75,2,7,8448
DDE,wt_sds_11,0.3,0.25,0.75,2,8,8448
DDE,wt_sds_11,0.3,0.25,0.75,2,9,8448
DDE,wt_sds_11,0.3,0.25,0.75,2,10,8448
DDE,wt_sds_11,0.3,0.25,0.75,3,0,16772
DDE,wt_sds_11,0.3,0.25,0.75,3,1,16772
DDE,wt_sds_11,0.3,0.25,0.75,3,2,16772
DDE,wt_sds_11,0.3,0.25,0.75,3,3,15665
DDE,wt_sds_11,0.3,0.25,0.75,3,4,7691
DDE,wt_sds_11,0.3,0.25,0.75,3,5,7691
DDE,wt_sds_11,0.3,0.25,0.75,3,6,7691
DDE,wt_sds_11,0.3,0.25,0.75,3,7,7691
DDE,wt_sds_11,0.3,0.25,0.75,3,8,7691
DDE,wt_sds_11,0.3,0.25,0.75,3,9,7691
DDE,wt_sds_11,0.3,0.25,0.75,3,10,7691
DDE,wt_sds_11,0.3,0.25,0.75,4,0,16772
DDE,wt_sds_11,0.3,0.25,0.75,4,1,16772
DDE,wt_sds_11,0.3,0.25,0.75,4,2,16772
DDE,wt_sds_11,0.3,0.25,0.75,4,3,16772
DDE,wt_sds_11,0.3,0.25,0.75,4,4,16772
DDE,wt_sds_11,0.3,0.25,0.75,4,5,16772
DDE,wt_sds_11,0.3,0.25,0.75,4,6,14694
DDE,wt_sds_11,0.3,0.25,0.75,4,7,14694
DDE,wt_sds_11,0.3,0.25,0.75,4,8,14694
DDE,wt_sds_11,0.3,0.25,0.75,4,9,14694
DDE,wt_sds_11,0.3,0.25,0.75,4,10,14694
DDE,wt_sds_12,0.3,0.25,0.75,0,0,751
DDE,wt_sds_12,0.3,0.25,0.75,0,1,751
DDE,wt_sds_12,0.3,0.25,0.75,0,2,751
DDE,wt_sds_12,0.3,0.25,0.75,0,3,751
DDE,wt_sds_12,0.3,0.25,0.75,0,4,751
DDE,wt_sds_12,0.3,0.25,0.75,0,5,342
DDE,wt_sds_12,0.3,0.25,0.75,0,6,342
DDE,wt_sds_12,0.3,0.25,0.75,0,7,342
DDE,wt_sds_12,0.3,0.25,0.75,0,8,342
DDE,wt_sds_12,0.3,0.25,0.75,0,9,342
DDE,wt_sds_12,0.3,0.25,0.75,0,10,342
DDE,wt_sds_12,0.3,0.25,0.75,1,0,751
DDE,wt_sds_12,0.3,0.25,0.75,1,1,751
DDE,wt_sds_12,0.3,0.25,0.75,1,2,751
DDE,wt_sds_12,0.3,0.25,0.75,1,3,751
DDE,wt_sds_12,0.3,0.25,0.75,1,4,15
DDE,wt_sds_12,0.3,0.25,0.75,1,5,15
DDE,wt_sds_12,0.3,0.25,0.75,1,6,15
DDE,wt_sds_12,0.3,0.25,0.75,1,7,15
DDE,wt_sds_12,0.3,0.25,0.75,1,8,15
DDE,wt_sds_12,0.3,0.25,0.75,1,9,15
DDE,wt_sds_12,0.3,0.25,0.75,1,10,15
DDE,wt_sds_12,0.3,0.25,0.75,2,0,751
DDE,wt_sds_12,0.3,0.25,0.75,2,1,751
DDE,wt_sds_12,0.3,0.25,0.75,2,2,751
DDE,wt_sds_12,0.3,0.25,0.75,2,3,751
DDE,wt_sds_12,0.3,0.25,0.75,2,4,751
DDE,wt_sds_12,0.3,0.25,0.75,2,5,0
DDE,wt_sds_12,0.3,0.25,0.75,2,6,0
DDE,wt_sds_12,0.3,0.25,0.75,2,7,0
DDE,wt_sds_12,0.3,0.25,0.75,2,8,0
DDE,wt_sds_12,0.3,0.25,0.75,2,9,0
DDE,wt_sds_12,0.3,0.25,0.75,2,10,0
DDE,wt_sds_12,0.3,0.25,0.75,3,0,751
DDE,wt_sds_12,0.3,0.25,0.75,3,1,751
DDE,wt_sds_12,0.3,0.25,0.75,3,2,751
DDE,wt_sds_12,0.3,0.25,0.75,3,3,751
DDE,wt_sds_12,0.3,0.25,0.75,3,4,751
DDE,wt_sds_12,0.3,0.25,0.75,3,5,751
DDE,wt_sds_12,0.3,0.25,0.75,3,6,751
DDE,wt_sds_12,0.3,0.25,0.75,3,7,751
DDE,wt_sds_12,0.3,0.25,0.75,3,8,751
DDE,wt_sds_12,0.3,0.25,0.75,3,9,751
DDE,wt_sds_12,0.3,0.25,0.75,3,10,751
DDE,wt_sds_12,0.3,0.25,0.75,4,0,751
DDE,wt_sds_12,0.3,0.25,0.75,4,1,751
DDE,wt_sds_12,0.3,0.25,0.75,4,2,751
DDE,wt_sds_12,0.3,0.25,0.75,4,3,751
DDE,wt_sds_12,0.3,0.25,0.75,4,4,751
DDE,wt_sds_12,0.3,0.25,0.75,4,5,15
DDE,wt_sds_12,0.3,0.25,0.75,4,6,15
DDE,wt_sds_12,0.3,0.25,0.75,4,7,15
DDE,wt_sds_12,0.3,0.25,0.75,4,8,15
DDE,wt_sds_12,0.3,0.25,0.75,4,9,15
DDE,wt_sds_12,0.3,0.25,0.75,4,10,15
DDE,wt_sds_13,0.3,0.25,0.75,0,0,11556
DDE,wt_sds_13,0.3,0.25,0.75,0,1,11556
DDE,wt_sds_13,0.3,0.25,0.75,0,2,11556
DDE,wt_sds_13,0.3,0.25,0.75,0,3,11556
DDE,wt_sds_13,0.3,0.25,0.75,0,4,11556
DDE,wt_sds_13,0.3,0.25,0.75,0,5,10704
DDE,wt_sds_13,0.3,0.25,0.75,0,6,10704
DDE,wt_sds_13,0.3,0.25,0.75,0,7,10704
DDE,wt_sds_13,0.3,0.25,0.75,0,8,10704
DDE,wt_sds_13,0.3,0.25,0.75,0,9,10704
DDE,wt_sds_13,0.3,0.25,0.75,0,10,10704
DDE,wt_sds_13,0.3,0.25,0.75,1,0,11556
DDE,wt_sds_13,0.3,0.25,0.75,1,1,11556
DDE,wt_sds_13,0.3,0.25,0.75,1,2,11556
DDE,wt_sds_13,0.3,0.25,0.75,1,3,11556
DDE,wt_sds_13,0.3,0.25,0.75,1,4,11556
DDE,wt_sds_13,0.3,0.25,0.75,1,5,11556
DDE,wt_sds_13,0.3,0.25,0.75,1,6,11556
DDE,wt_sds_13,0.3,0.25,0.75,1,7,11556
DDE,wt_sds_13,0.3,0.25,0.75,1,8,11556
DDE,wt_sds_13,0.3,0.25,0.75,1,9,11556
DDE,wt_sds_13,0.3,0.25,0.75,1,10,11556
DDE,wt_sds_13,0.3,0.25,0.75,2,0,11556
DDE,wt_sds_13,0.3,0.25,0.75,2,1,11556
DDE,wt_sds_13,0.3,0.25,0.75,2,2,11556
DDE,wt_sds_13,0.3,0.25,0.75,2,3,11556
DDE,wt_sds_13,0.3,0.25,0.75,2,4,11556
DDE,wt_sds_13,0.3,0.25,0.75,2,5,10704
DDE,wt_sds_13,0.3,0.25,0.75,2,6,10704
DDE,wt_sds_13,0.3,0.25,0.75,2,7,10704
DDE,wt_sds_13,0.3,0.25,0.75,2,8,10704
DDE,wt_sds_13,0.3,0.25,0.75,2,9,10704
DDE,wt_sds_13,0.3,0.25,0.75,2,10,10704
DDE,wt_sds_13,0.3,0.25,0.75,3,0,11556
DDE,wt_sds_13,0.3,0.25,0.75,3,1,11556
DDE,wt_sds_13,0.3,0.25,0.75,3,2,11556
DDE,wt_sds_13,0.3,0.25,0.75,3,3,11556
DDE,wt_sds_13,0.3,0.25,0.75,3,4,11048
DDE,wt_sds_13,0.3,0.25,0.75,3,5,11048
DDE,wt_sds_13,0.3,0.25,0.75,3,6,11048
DDE,wt_sds_13,0.3,0.25,0.75,3,7,11048
DDE,wt_sds_13,0.3,0.25,0.75,3,8,11048
DDE,wt_sds_13,0.3,0.25,0.75,3,9,11048
DDE,wt_sds_13,0.3,0.25,0.75,3,10,11048
DDE,wt_sds_13,0.3,0.25,0.75,4,0,11556
DDE,wt_sds_13,0.3,0.25,0.75,4,1,11556
DDE,wt_sds_13,0.3,0.25,0.75,4,2,11556
DDE,wt_sds_13,0.3,0.25,0.75,4,3,11556
DDE,wt_sds_13,0.3,0.25,0.75,4,4,11556
DDE,wt_sds_13,0.3,0.25,0.75,4,5,11556
DDE,wt_sds_13,0.3,0.25,0.75,4,6,11556
DDE,wt_sds_13,0.3,0.25,0.75,4,7,11556
DDE,wt_sds_13,0.3,0.25,0.75,4,8,11556
DDE,wt_sds_13,0.3,0.25,0.75,4,9,11556
DDE,wt_sds_13,0.3,0.25,0.75,4,10,11556
DDE,wt_sds_14,0.3,0.25,0.75,0,0,15307
DDE,wt_sds_14,0.3,0.25,0.75,0,1,15307
DDE,wt_sds_14,0.3,0.25,0.75,0,2,15307
DDE,wt_sds_14,0.3,0.25,0.75,0,3,15307
DDE,wt_sds_14,0.3,0.25,0.75,0,4,15307
DDE,wt_sds_14,0.3,0.25,0.75,0,5,15307
DDE,wt_sds_14,0.3,0.25,0.75,0,6,9094
DDE,wt_sds_14,0.3,0.25,0.75,0,7,9094
DDE,wt_sds_14,0.3,0.25,0.75,0,8,9094
DDE,wt_sds_14,0.3,0.25,0.75,0,9,9094
DDE,wt_sds_14,0.3,0.25,0.75,0,10,9094
DDE,wt_sds_14,0.3,0.25,0.75,1,0,15307
DDE,wt_sds_14,0.3,0.25,0.75,1,1,15307
DDE,wt_sds_14,0.3,0.25,0.75,1,2,15307
DDE,wt_sds_14,0.3,0.25,0.75,1,3,15307
DDE,wt_sds_14,0.3,0.25,0.75,1,4,15307
DDE,wt_sds_14,0.3,0.25,0.75,1,5,15307
DDE,wt_sds_14,0.3,0.25,0.75,1,6,8870
DDE,wt_sds_14,0.3,0.25,0.75,1,7,8339
DDE,wt_sds_14,0.3,0.25,0.75,1,8,8339
DDE,wt_sds_14,0.3,0.25,0.75,1,9,8339
DDE,wt_sds_14,0.3,0.25,0.75,1,10,8339
DDE,wt_sds_14,0.3,0.25,0.75,2,0,15307
DDE,wt_sds_14,0.3,0.25,0.75,2,1,15307
DDE,wt_sds_14,0.3,0.25,0.75,2,2,15307
DDE,wt_sds_14,0.3,0.25,0.75,2,3,15307
DDE,wt_sds_14,0.3,0.25,0.75,2,4,15307
DDE,wt_sds_14,0.3,0.25,0.75,2,5,15307
DDE,wt_sds_14,0.3,0.25,0.75,2,6,13041
DDE,wt_sds_14,0.3,0.25,0.75,2,7,5895
DDE,wt_sds_14,0.3,0.25,0.75,2,8,5895
DDE,wt_sds_14,0.3,0.25,0.75,2,9,5895
DDE,wt_sds_14,0.3,0.25,0.75,2,10,5895
DDE,wt_sds_14,0.3,0.25,0.75,3,0,15307
DDE,wt_sds_14,0.3,0.25,0.75,3,1,15307
DDE,wt_sds_14,0.3,0.25,0.75,3,2,15307
DDE,wt_sds_14,0.3,0.25,0.75,3,3,15307
DDE,wt_sds_14,0.3,0.25,0.75,3,4,15307
DDE,wt_sds_14,0.3,0.25,0.75,3,5,9336
DDE,wt_sds_14,0.3,0.25,0.75,3,6,9336
DDE,wt_sds_14,0.3,0.25,0.75,3,7,9336
DDE,wt_sds_14,0.3,0.25,0.75,3,8,9336
DDE,wt_sds_14,0.3,0.25,0.75,3,9,9336
DDE,wt_sds_14,0.3,0.25,0.75,3,10,9336
DDE,wt_sds_14,0.3,0.25,0.75,4,0,15307
DDE,wt_sds_14,0.3,0.25,0.75,4,1,15307
DDE,wt_sds_14,0.3,0.25,0.75,4,2,15307
DDE,wt_sds_14,0.3,0.25,0.75,4,3,15307
DDE,wt_sds_14,0.3,0.25,0.75,4,4,15307
DDE,wt_sds_14,0.3,0.25,0.75,4,5,13285
DDE,wt_sds_14,0.3,0.25,0.75,4,6,8187
DDE,wt_sds_14,0.3,0.25,0.75,4,7,8187
DDE,wt_sds_14,0.3,0.25,0.75,4,8,8187
DDE,wt_sds_14,0.3,0.25,0.75,4,9,8187
DDE,wt_sds_14,0.3,0.25,0.75,4,10,8187
DDE,wt_sds_15,0.3,0.25,0.75,0,0,7572
DDE,wt_sds_15,0.3,0.25,0.75,0,1,7572
DDE,wt_sds_15,0.3,0.25,0.75,0,2,7572
DDE,wt_sds_15,0.3,0.25,0.75,0,3,7572
DDE,wt_sds_15,0.3,0.25,0.75,0,4,5295
DDE,wt_sds_15,0.3,0.25,0.75,0,5,5295
DDE,wt_sds_15,0.3,0.25,0.75,0,6,5295
DDE,wt_sds_15,0.3,0.25,0.75,0,7,5295
DDE,wt_sds_15,0.3,0.25,0.75,0,8,5295
DDE,wt_sds_15,0.3,0.25,0.75,0,9,5295
DDE,wt_sds_15,0.3,0.25,0.75,0,10,5295
DDE,wt_sds_15,0.3,0.25,0.75,1,0,7572
DDE,wt_sds_15,0.3,0.25,0.75,1,1,7572
DDE,wt_sds_15,0.3,0.25,0.75,1,2,7572
DDE,wt_sds_15,0.3,0.25,0.75,1,3,7572
DDE,wt_sds_15,0.3,0.25,0.75,1,4,7572
DDE,wt_sds_15,0.3,0.25,0.75,1,5,6829
DDE,wt_sds_15,0.3,0.25,0.75,1,6,6829
DDE,wt_sds_15,0.3,0.25,0.75,1,7,6829
DDE,wt_sds_15,0.3,0.25,0.75,1,8,6829
DDE,wt_sds_15,0.3,0.25,0.75,1,9,6829
DDE,wt_sds_15,0.3,0.25,0.75,1,10,6829
DDE,wt_sds_15,0.3,0.25,0.75,2,0,7572
DDE,wt_sds_15,0.3,0.25,0.75,2,1,7572
DDE,wt_sds_15,0.3,0.25,0.75,2,2,7572
DDE,wt_sds_15,0.3,0.25,0.75,2,3,7572
DDE,wt_sds_15,0.3,0.25,0.75,2,4,7572
DDE,wt_sds_15,0.3,0.25,0.75,2,5,7572
DDE,wt_sds_15,0.3,0.25,0.75,2,6,7572
DDE,wt_sds_15,0.3,0.25,0.75,2,7,7572
DDE,wt_sds_15,0.3,0.25,0.75,2,8,6829
DDE,wt_sds_15,0.3,0.25,0.75,2,9,6829
DDE,wt_sds_15,0.3,0.25,0.75,2,10,6829
DDE,wt_sds_15,0.3,0.25,0.75,3,0,7572
DDE,wt_sds_15,0.3,0.25,0.75,3,1,7572
DDE,wt_sds_15,0.3,0.25,0.75,3,2,7572
DDE,wt_sds_15,0.3,0.25,0.75,3,3,7572
DDE,wt_sds_15,0.3,0.25,0.75,3,4,7572
DDE,wt_sds_15,0.3,0.25,0.75,3,5,7572
DDE,wt_sds_15,0.3,0.25,0.75,3,6,6057
DDE,wt_sds_15,0.3,0.25,0.75,3,7,6057
DDE,wt_sds_15,0.3,0.25,0.75,3,8,6057
DDE,wt_sds_15,0.3,0.25,0.75,3,9,6057
DDE,wt_sds_15,0.3,0.25,0.75,3,10,6057
DDE,wt_sds_15,0.3,0.25,0.75,4,0,7572
DDE,wt_sds_15,0.3,0.25,0.75,4,1,7572
DDE,wt_sds_15,0.3,0.25,0.75,4,2,7572
DDE,wt_sds_15,0.3,0.25,0.75,4,3,7572
DDE,wt_sds_15,0.3,0.25,0.75,4,4,7572
DDE,wt_sds_15,0.3,0.25,0.75,4,5,7572
DDE,wt_sds_15,0.3,0.25,0.75,4,6,6829
DDE,wt_sds_15,0.3,0.25,0.75,4,7,6829
DDE,wt_sds_15,0.3,0.25,0.75,4,8,6829
DDE,wt_sds_15,0.3,0.25,0.75,4,9,6829
DDE,wt_sds_15,0.3,0.25,0.75,4,10,6829
DDE,wt_sds_21,0.3,0.75,0.25,0,0,3736
DDE,wt_sds_21,0.3,0.75,0.25,0,1,3736
DDE,wt_sds_21,0.3,0.75,0.25,0,2,3736
DDE,wt_sds_21,0.3,0.75,0.25,0,3,3736
DDE,wt_sds_21,0.3,0.75,0.25,0,4,2982
DDE,wt_sds_21,0.3,0.75,0.25,0,5,1588
DDE,wt_sds_21,0.3,0.75,0.25,0,6,1198
DDE,wt_sds_21,0.3,0.75,0.25,0,7,1056
DDE,wt_sds_21,0.3,0.75,0.25,0,8,1056
DDE,wt_sds_21,0.3,0.75,0.25,0,9,1056
DDE,wt_sds_21,0.3,0.75,0.25,0,10,1056
DDE,wt_sds_21,0.3,0.75,0.25,1,0,3736
DDE,wt_sds_21,0.3,0.75,0.25,1,1,3736
DDE,wt_sds_21,0.3,0.75,0.25,1,2,3736
DDE,wt_sds_21,0.3,0.75,0.25,1,3,3736
DDE,wt_sds_21,0.3,0.75,0.25,1,4,3736
DDE,wt_sds_21,0.3,0.75,0.25,1,5,3273
DDE,wt_sds_21,0.3,0.75,0.25,1,6,2449
DDE,wt_sds_21,0.3,0.75,0.25,1,7,1170
DDE,wt_sds_21,0.3,0.75,0.25,1,8,994
DDE,wt_sds_21,0.3,0.75,0.25,1,9,994
DDE,wt_sds_21,0.3,0.75,0.25,1,10,994
DDE,wt_sds_21,0.3,0.75,0.25,2,0,3736
DDE,wt_sds_21,0.3,0.75,0.25,2,1,3736
DDE,wt_sds_21,0.3,0.75,0.25,2,2,3736
DDE,wt_sds_21,0.3,0.75,0.25,2,3,3736
DDE,wt_sds_21,0.3,0.75,0.25,2,4,3736
DDE,wt_sds_21,0.3,0.75,0.25,2,5,2216
DDE,wt_sds_21,0.3,0.75,0.25,2,6,1469
DDE,wt_sds_21,0.3,0.75,0.25,2,7,1094
DDE,wt_sds_21,0.3,0.75,0.25,2,8,936
DDE,wt_sds_21,0.3,0.75,0.25,2,9,936
DDE,wt_sds_21,0.3,0.75,0.25,2,10,936
DDE,wt_sds_21,0.3,0.75,0.25,3,0,3736
DDE,wt_sds_21,0.3,0.75,0.25,3,1,3736
DDE,wt_sds_21,0.3,0.75,0.25,3,2,3736
DDE,wt_sds_21,0.3,0.75,0.25,3,3,3736
DDE,wt_sds_21,0.3,0.75,0.25,3,4,1966
DDE,wt_sds_21,0.3,0.75,0.25,3,5,1238
DDE,wt_sds_21,0.3,0.75,0.25,3,6,1098
DDE,wt_sds_21,0.3,0.75,0.25,3,7,984
DDE,wt_sds_21,0.3,0.75,0.25,3,8,984
DDE,wt_sds_21,0.3,0.75,0.25,3,9,984
DDE,wt_sds_21,0.3,0.75,0.25,3,10,984
DDE,wt_sds_21,0.3,0.75,0.25,4,0,3736
DDE,wt_sds_21,0.3,0.75,0.25,4,1,3736
DDE,wt_sds_21,0.3,0.75,0.25,4,2,3736
DDE,wt_sds_21,0.3,0.75,0.25,4,3,3736
DDE,wt_sds_21,0.3,0.75,0.25,4,4,542
DDE,wt_sds_21,0.3,0.75,0.25,4,5,284
DDE,wt_sds_21,0.3,0.75,0.25,4,6,284
DDE,wt_sds_21,0.3,0.75,0.25,4,7,284
DDE,wt_sds_21,0.3,0.75,0.25,4,8,284
DDE,wt_sds_21,0.3,0.75,0.25,4,9,284
DDE,wt_sds_21,0.3,0.75,0.25,4,10,284
DDE,wt_sds_22,0.3,0.75,0.25,0,0,1325
DDE,wt_sds_22,0.3,0.75,0.25,0,1,1325
DDE,wt_sds_22,0.3,0.75,0.25,0,2,1325
DDE,wt_sds_22,0.3,0.75,0.25,0,3,1325
DDE,wt_sds_22,0.3,0.75,0.25,0,4,1257
DDE,wt_sds_22,0.3,0.75,0.25,0,5,1257
DDE,wt_sds_22,0.3,0.75,0.25,0,6,1257
DDE,wt_sds_22,0.3,0.75,0.25,0,7,1257
DDE,wt_sds_22,0.3,0.75,0.25,0,8,1257
DDE,wt_sds_22,0.3,0.75,0.25,0,9,1257
DDE,wt_sds_22,0.3,0.75,0.25,0,10,1257
DDE,wt_sds_22,0.3,0.75,0.25,1,0,1325
DDE,wt_sds_22,0.3,0.75,0.25,1,1,1325
DDE,wt_sds_22,0.3,0.75,0.25,1,2,1325
DDE,wt_sds_22,0.3,0.75,0.25,1,3,1325
DDE,wt_sds_22,0.3,0.75,0.25,1,4,1325
DDE,wt_sds_22,0.3,0.75,0.25,1,5,989
DDE,wt_sds_22,0.3,0.75,0.25,1,6,989
DDE,wt_sds_22,0.3,0.75,0.25,1,7,989
DDE,wt_sds_22,0.3,0.75,0.25,1,8,989
DDE,wt_sds_22,0.3,0.75,0.25,1,9,989
DDE,wt_sds_22,0.3,0.75,0.25,1,10,989
DDE,wt_sds_22,0.3,0.75,0.25,2,0,1325
DDE,wt_sds_22,0.3,0.75,0.25,2,1,1325
DDE,wt_sds_22,0.3,0.75,0.25,2,2,1325
DDE,wt_sds_22,0.3,0.75,0.25,2,3,1325
DDE,wt_sds_22,0.3,0.75,0.25,2,4,1313
DDE,wt_sds_22,0.3,0.75,0.25,2,5,1313
DDE,wt_sds_22,0.3,0.75,0.25,2,6,1313
DDE,wt_sds_22,0.3,0.75,0.25,2,7,1313
DDE,wt_sds_22,0.3,0.75,0.25,2,8,1313
DDE,wt_sds_22,0.3,0.75,0.25,2,9,1313
DDE,wt_sds_22,0.3,0.75,0.25,2,10,1313
DDE,wt_sds_22,0.3,0.75,0.25,3,0,1325
DDE,wt_sds_22,0.3,0.75,0.25,3,1,1325
DDE,wt_sds_22,0.3,0.75,0.25,3,2,1325
DDE,wt_sds_22,0.3,0.75,0.25,3,3,1325
DDE,wt_sds_22,0.3,0.75,0.25,3,4,1325
DDE,wt_sds_22,0.3,0.75,0.25,3,5,1325
DDE,wt_sds_22,0.3,0.75,0.25,3,6,1325
DDE,wt_sds_22,0.3,0.75,0.25,3,7,1325
DDE,wt_sds_22,0.3,0.75,0.25,3,8,1325
DDE,wt_sds_22,0.3,0.75,0.25,3,9,1325
DDE,wt_sds_22,0.3,0.75,0.25,3,10,1325
DDE,wt_sds_22,0.3,0.75,0.25,4,0,1325
DDE,wt_sds_22,0.3,0.75,0.25,4,1,1325
DDE,wt_sds_22,0.3,0.75,0.25,4,2,1325
DDE,wt_sds_22,0.3,0.75,0.25,4,3,1325
DDE,wt_sds_22,0.3,0.75,0.25,4,4,1325
DDE,wt_sds_22,0.3,0.75,0.25,4,5,1325
DDE,wt_sds_22,0.3,0.75,0.25,4,6,1325
DDE,wt_sds_22,0.3,0.75,0.25,4,7,1325
DDE,wt_sds_22,0.3,0.75,0.25,4,8,1325
DDE,wt_sds_22,0.3,0.75,0.25,4,9,1325
DDE,wt_sds_22,0.3,0.75,0.25,4,10,1325
DDE,wt_sds_23,0.3,0.75,0.25,0,0,0
DDE,wt_sds_23,0.3,0.75,0.25,0,1,0
DDE,wt_sds_23,0.3,0.75,0.25,0,2,0
DDE,wt_sds_23,0.3,0.75,0.25,0,3,0
DDE,wt_sds_23,0.3,0.75,0.25,0,4,0
DDE,wt_sds_23,0.3,0.75,0.25,0,5,0
DDE,wt_sds_23,0.3,0.75,0.25,0,6,0
DDE,wt_sds_23,0.3,0.75,0.25,0,7,0
DDE,wt_sds_23,0.3,0.75,0.25,0,8,0
DDE,wt_sds_23,0.3,0.75,0.25,0,9,0
DDE,wt_sds_23,0.3,0.75,0.25,0,10,0
DDE,wt_sds_23,0.3,0.75,0.25,1,0,0
DDE,wt_sds_23,0.3,0.75,0.25,1,1,0
DDE,wt_sds_23,0.3,0.75,0.25,1,2,0
DDE,wt_sds_23,0.3,0.75,0.25,1,3,0
DDE,wt_sds_23,0.3,0.75,0.25,1,4,0
DDE,wt_sds_23,0.3,0.75,0.25,1,5,0
DDE,wt_sds_23,0.3,0.75,0.25,1,6,0
DDE,wt_sds_23,0.3,0.75,0.25,1,7,0
DDE,wt_sds_23,0.3,0.75,0.25,1,8,0
DDE,wt_sds_23,0.3,0.75,0.25,1,9,0
DDE,wt_sds_23,0.3,0.75,0.25,1,10,0
DDE,wt_sds_23,0.3,0.75,0.25,2,0,0
DDE,wt_sds_23,0.3,0.75,0.25,2,1,0
DDE,wt_sds_23,0.3,0.75,0.25,2,2,0
DDE,wt_sds_23,0.3,0.75,0.25,2,3,0
DDE,wt_sds_23,0.3,0.75,0.25,2,4,0
DDE,wt_sds_23,0.3,0.75,0.25,2,5,0
DDE,wt_sds_23,0.3,0.75,0.25,2,6,0
DDE,wt_sds_23,0.3,0.75,0.25,2,7,0
DDE,wt_sds_23,0.3,0.75,0.25,2,8,0
DDE,wt_sds_23,0.3,0.75,0.25,2,9,0
DDE,wt_sds_23,0.3,0.75,0.25,2,10,0
DDE,wt_sds_23,0.3,0.75,0.25,3,0,0
DDE,wt_sds_23,0.3,0.75,0.25,3,1,0
DDE,wt_sds_23,0.3,0.75,0.25,3,2,0
DDE,wt_sds_23,0.3,0.75,0.25,3,3,0
DDE,wt_sds_23,0.3,0.75,0.25,3,4,0
DDE,wt_sds_23,0.3,0.75,0.25,3,5,0
DDE,wt_sds_23,0.3,0.75,0.25,3,6,0
DDE,wt_sds_23,0.3,0.75,0.25,3,7,0
DDE,wt_sds_23,0.3,0.75,0.25,3,8,0
DDE,wt_sds_23,0.3,0.75,0.25,3,9,0
DDE,wt_sds_23,0.3,0.75,0.25,3,10,0
DDE,wt_sds_23,0.3,0.75,0.25,4,0,0
DDE,wt_sds_23,0.3,0.75,0.25,4,1,0
DDE,wt_sds_23,0.3,0.75,0.25,4,2,0
DDE,wt_sds_23,0.3,0.75,0.25,4,3,0
DDE,wt_sds_23,0.3,0.75,0.25,4,4,0
DDE,wt_sds_23,0.3,0.75,0.25,4,5,0
DDE,wt_sds_23,0.3,0.75,0.25,4,6,0
DDE,wt_sds_23,0.3,0.75,0.25,4,7,0
DDE,wt_sds_23,0.3,0.75,0.25,4,8,0
DDE,wt_sds_23,0.3,0.75,0.25,4,9,0
DDE,wt_sds_23,0.3,0.75,0.25,4,10,0
DDE,wt_sds_24,0.3,0.75,0.25,0,0,4871
DDE,wt_sds_24,0.3,0.75,0.25,0,1,4871
DDE,wt_sds_24,0.3,0.75,0.25,0,2,4871
DDE,wt_sds_24,0.3,0.75,0.25,0,3,4871
DDE,wt_sds_24,0.3,0.75,0.25,0,4,3716
DDE,wt_sds_24,0.3,0.75,0.25,0,5,3716
DDE,wt_sds_24,0.3,0.75,0.25,0,6,3716
DDE,wt_sds_24,0.3,0.75,0.25,0,7,3716
DDE,wt_sds_24,0.3,0.75,0.25,0,8,3716
DDE,wt_sds_24,0.3,0.75,0.25,0,9,3716
DDE,wt_sds_24,0.3,0.75,0.25,0,10,3716
DDE,wt_sds_24,0.3,0.75,0.25,1,0,4871
DDE,wt_sds_24,0.3,0.75,0.25,1,1,4871
DDE,wt_sds_24,0.3,0.75,0.25,1,2,4871
DDE,wt_sds_24,0.3,0.75,0.25,1,3,4871
DDE,wt_sds_24,0.3,0.75,0.25,1,4,4871
DDE,wt_sds_24,0.3,0.75,0.25,1,5,4292
DDE,wt_sds_24,0.3,0.75,0.25,1,6,4292
DDE,wt_sds_24,0.3,0.75,0.25,1,7,4292
DDE,wt_sds_24,0.3,0.75,0.25,1,8,4292
DDE,wt_sds_24,0.3,0.75,0.25,1,9,4292
DDE,wt_sds_24,0.3,0.75,0.25,1,10,4292
DDE,wt_sds_24,0.3,0.75,0.25,2,0,4871
DDE,wt_sds_24,0.3,0.75,0.25,2,1,4871
DDE,wt_sds_24,0.3,0.75,0.25,2,2,4871
DDE,wt_sds_24,0.3,0.75,0.25,2,3,4871
DDE,wt_sds_24,0.3,0.75,0.25,2,4,4871
DDE,wt_sds_24,0.3,0.75,0.25,2,5,4871
DDE,wt_sds_24,0.3,0.75,0.25,2,6,4322
DDE,wt_sds_24,0.3,0.75,0.25,2,7,4322
DDE,wt_sds_24,0.3,0.75,0.25,2,8,4322
DDE,wt_sds_24,0.3,0.75,0.25,2,9,4322
DDE,wt_sds_24,0.3,0.75,0.25,2,10,4322
DDE,wt_sds_24,0.3,0.75,0.25,3,0,4871
DDE,wt_sds_24,0.3,0.75,0.25,3,1,4871
DDE,wt_sds_24,0.3,0.75,0.25,3,2,4871
DDE,wt_sds_24,0.3,0.75,0.25,3,3,4871
DDE,wt_sds_24,0.3,0.75,0.25,3,4,4871
DDE,wt_sds_24,0.3,0.75,0.25,3,5,4212
DDE,wt_sds_24,0.3,0.75,0.25,3,6,4212
DDE,wt_sds_24,0.3,0.75,0.25,3,7,4212
DDE,wt_sds_24,0.3,0.75,0.25,3,8,4212
DDE,wt_sds_24,0.3,0.75,0.25,3,9,4212
DDE,wt_sds_24,0.3,0.75,0.25,3,10,4212
DDE,wt_sds_24,0.3,0.75,0.25,4,0,4871
DDE,wt_sds_24,0.3,0.75,0.25,4,1,4871
DDE,wt_sds_24,0.3,0.75,0.25,4,2,4871
DDE,wt_sds_24,0.3,0.75,0.25,4,3,4871
DDE,wt_sds_24,0.3,0.75,0.25,4,4,4871
DDE,wt_sds_24,0.3,0.75,0.25,4,5,4392
DDE,wt_sds_24,0.3,0.75,0.25,4,6,4392
DDE,wt_sds_24,0.3,0.75,0.25,4,7,4392
DDE,wt_sds_24,0.3,0.75,0.25,4,8,4392
DDE,wt_sds_24,0.3,0.75,0.25,4,9,4392
DDE,wt_sds_24,0.3,0.75,0.25,4,10,4392
DDE,wt_sds_25,0.3,0.75,0.25,0,0,2696
DDE,wt_sds_25,0.3,0.75,0.25,0,1,2696
DDE,wt_sds_25,0.3,0.75,0.25,0,2,2696
DDE,wt_sds_25,0.3,0.75,0.25,0,3,2696
DDE,wt_sds_25,0.3,0.75,0.25,0,4,2511
DDE,wt_sds_25,0.3,0.75,0.25,0,5,2511
DDE,wt_sds_25,0.3,0.75,0.25,0,6,2511
DDE,wt_sds_25,0.3,0.75,0.25,0,7,2511
DDE,wt_sds_25,0.3,0.75,0.25,0,8,2511
DDE,wt_sds_25,0.3,0.75,0.25,0,9,2511
DDE,wt_sds_25,0.3,0.75,0.25,0,10,2511
DDE,wt_sds_25,0.3,0.75,0.25,1,0,2696
DDE,wt_sds_25,0.3,0.75,0.25,1,1,2696
DDE,wt_sds_25,0.3,0.75,0.25,1,2,2696
DDE,wt_sds_25,0.3,0.75,0.25,1,3,2696
DDE,wt_sds_25,0.3,0.75,0.25,1,4,2696
DDE,wt_sds_25,0.3,0.75,0.25,1,5,2696
DDE,wt_sds_25,0.3,0.75,0.25,1,6,2696
DDE,wt_sds_25,0.3,0.75,0.25,1,7,2696
DDE,wt_sds_25,0.3,0.75,0.25,1,8,2696
DDE,wt_sds_25,0.3,0.75,0.25,1,9,2696
DDE,wt_sds_25,0.3,0.75,0.25,1,10,2696
DDE,wt_sds_25,0.3,0.75,0.25,2,0,2696
DDE,wt_sds_25,0.3,0.75,0.25,2,1,2696
DDE,wt_sds_25,0.3,0.75,0.25,2,2,2696
DDE,wt_sds_25,0.3,0.75,0.25,2,3,2696
DDE,wt_sds_25,0.3,0.75,0.25,2,4,2556
DDE,wt_sds_25,0.3,0.75,0.25,2,5,2556
DDE,wt_sds_25,0.3,0.75,0.25,2,6,2556
DDE,wt_sds_25,0.3,0.75,0.25,2,7,2556
DDE,wt_sds_25,0.3,0.75,0.25,2,8,2556
DDE,wt_sds_25,0.3,0.75,0.25,2,9,2556
DDE,wt_sds_25,0.3,0.75,0.25,2,10,2556
DDE,wt_sds_25,0.3,0.75,0.25,3,0,2696
DDE,wt_sds_25,0.3,0.75,0.25,3,1,2696
DDE,wt_sds_25,0.3,0.75,0.25,3,2,2696
DDE,wt_sds_25,0.3,0.75,0.25,3,3,2696
DDE,wt_sds_25,0.3,0.75,0.25,3,4,2606
DDE,wt_sds_25,0.3,0.75,0.25,3,5,2606
DDE,wt_sds_25,0.3,0.75,0.25,3,6,2606
DDE,wt_sds_25,0.3,0.75,0.25,3,7,2606
DDE,wt_sds_25,0.3,0.75,0.25,3,8,2606
DDE,wt_sds_25,0.3,0.75,0.25,3,9,2606
DDE,wt_sds_25,0.3,0.75,0.25,3,10,2606
DDE,wt_sds_25,0.3,0.75,0.25,4,0,2696
DDE,wt_sds_25,0.3,0.75,0.25,4,1,2696
DDE,wt_sds_25,0.3,0.75,0.25,4,2,2696
DDE,wt_sds_25,0.3,0.75,0.25,4,3,2696
DDE,wt_sds_25,0.3,0.75,0.25,4,4,2696
DDE,wt_sds_25,0.3,0.75,0.25,4,5,2561
DDE,wt_sds_25,0.3,0.75,0.25,4,6,2561
DDE,wt_sds_25,0.3,0.75,0.25,4,7,2561
DDE,wt_sds_25,0.3,0.75,0.25,4,8,2561
DDE,wt_sds_25,0.3,0.75,0.25,4,9,2561
DDE,wt_sds_25,0.3,0.75,0.25,4,10,2561
DDE,wt_sds_31,0.3,0.75,0.75,0,0,237
DDE,wt_sds_31,0.3,0.75,0.75,0,1,237
DDE,wt_sds_31,0.3,0.75,0.75,0,2,237
DDE,wt_sds_31,0.3,0.75,0.75,0,3,237
DDE,wt_sds_31,0.3,0.75,0.75,0,4,237
DDE,wt_sds_31,0.3,0.75,0.75,0,5,237
DDE,wt_sds_31,0.3,0.75,0.75,0,6,237
DDE,wt_sds_31,0.3,0.75,0.75,0,7,237
DDE,wt_sds_31,0.3,0.75,0.75,0,8,237
DDE,wt_sds_31,0.3,0.75,0.75,0,9,237
DDE,wt_sds_31,0.3,0.75,0.75,0,10,237
DDE,wt_sds_31,0.3,0.75,0.75,1,0,237
DDE,wt_sds_31,0.3,0.75,0.75,1,1,237
DDE,wt_sds_31,0.3,0.75,0.75,1,2,237
DDE,wt_sds_31,0.3,0.75,0.75,1,3,237
DDE,wt_sds_31,0.3,0.75,0.75,1,4,228
DDE,wt_sds_31,0.3,0.75,0.75,1,5,228
DDE,wt_sds_31,0.3,0.75,0.75,1,6,228
DDE,wt_sds_31,0.3,0.75,0.75,1,7,228
DDE,wt_sds_31,0.3,0.75,0.75,1,8,228
DDE,wt_sds_31,0.3,0.75,0.75,1,9,228
DDE,wt_sds_31,0.3,0.75,0.75,1,10,228
DDE,wt_sds_31,0.3,0.75,0.75,2,0,237
DDE,wt_sds_31,0.3,0.75,0.75,2,1,237
DDE,wt_sds_31,0.3,0.75,0.75,2,2,237
DDE,wt_sds_31,0.3,0.75,0.75,2,3,237
DDE,wt_sds_31,0.3,0.75,0.75,2,4,31
DDE,wt_sds_31,0.3,0.75,0.75,2,5,31
DDE,wt_sds_31,0.3,0.75,0.75,2,6,31
DDE,wt_sds_31,0.3,0.75,0.75,2,7,31
DDE,wt_sds_31,0.3,0.75,0.75,2,8,31
DDE,wt_sds_31,0.3,0.75,0.75,2,9,31
DDE,wt_sds_31,0.3,0.75,0.75,2,10,31
DDE,wt_sds_31,0.3,0.75,0.75,3,0,237
DDE,wt_sds_31,0.3,0.75,0.75,3,1,237
DDE,wt_sds_31,0.3,0.75,0.75,3,2,237
DDE,wt_sds_31,0.3,0.75,0.75,3,3,237
DDE,wt_sds_31,0.3,0.75,0.75,3,4,0
DDE,wt_sds_31,0.3,0.75,0.75,3,5,0
DDE,wt_sds_31,0.3,0.75,0.75,3,6,0
DDE,wt_sds_31,0.3,0.75,0.75,3,7,0
DDE,wt_sds_31,0.3,0.75,0.75,3,8,0
DDE,wt_sds_31,0.3,0.75,0.75,3,9,0
DDE,wt_sds_31,0.3,0.75,0.75,3,10,0
DDE,wt_sds_31,0.3,0.75,0.75,4,0,237
DDE,wt_sds_31,0.3,0.75,0.75,4,1,237
DDE,wt_sds_31,0.3,0.75,0.75,4,2,237
DDE,wt_sds_31,0.3,0.75,0.75,4,3,237
DDE,wt_sds_31,0.3,0.75,0.75,4,4,0
DDE,wt_sds_31,0.3,0.75,0.75,4,5,0
DDE,wt_sds_31,0.3,0.75,0.75,4,6,0
DDE,wt_sds_31,0.3,0.75,0.75,4,7,0
DDE,wt_sds_31,0.3,0.75,0.75,4,8,0
DDE,wt_sds_31,0.3,0.75,0.75,4,9,0
DDE,wt_sds_31,0.3,0.75,0.75,4,10,0
DDE,wt_sds_32,0.3,0.75,0.75,0,0,1595
DDE,wt_sds_32,0.3,0.75,0.75,0,1,1595
DDE,wt_sds_32,0.3,0.75,0.75,0,2,1595
DDE,wt_sds_32,0.3,0.75,0.75,0,3,1595
DDE,wt_sds_32,0.3,0.75,0.75,0,4,735
DDE,wt_sds_32,0.3,0.75,0.75,0,5,735
DDE,wt_sds_32,0.3,0.75,0.75,0,6,735
DDE,wt_sds_32,0.3,0.75,0.75,0,7,735
DDE,wt_sds_32,0.3,0.75,0.75,0,8,735
DDE,wt_sds_32,0.3,0.75,0.75,0,9,735
DDE,wt_sds_32,0.3,0.75,0.75,0,10,735
DDE,wt_sds_32,0.3,0.75,0.75,1,0,1595
DDE,wt_sds_32,0.3,0.75,0.75,1,1,1595
DDE,wt_sds_32,0.3,0.75,0.75,1,2,1595
DDE,wt_sds_32,0.3,0.75,0.75,1,3,1595
DDE,wt_sds_32,0.3,0.75,0.75,1,4,1595
DDE,wt_sds_32,0.3,0.75,0.75,1,5,84
DDE,wt_sds_32,0.3,0.75,0.75,1,6,84
DDE,wt_sds_32,0.3,0.75,0.75,1,7,84
DDE,wt_sds_32,0.3,0.75,0.75,1,8,84
DDE,wt_sds_32,0.3,0.75,0.75,1,9,84
DDE,wt_sds_32,0.3,0.75,0.75,1,10,84
DDE,wt_sds_32,0.3,0.75,0.75,2,0,1595
DDE,wt_sds_32,0.3,0.75,0.75,2,1,1595
DDE,wt_sds_32,0.3,0.75,0.75,2,2,1595
DDE,wt_sds_32,0.3,0.75,0.75,2,3,1595
DDE,wt_sds_32,0.3,0.75,0.75,2,4,0
DDE,wt_sds_32,0.3,0.75,0.75,2,5,0
DDE,wt_sds_32,0.3,0.75,0.75,2,6,0
DDE,wt_sds_32,0.3,0.75,0.75,2,7,0
DDE,wt_sds_32,0.3,0.75,0.75,2,8,0
DDE,wt_sds_32,0.3,0.75,0.75,2,9,0
DDE,wt_sds_32,0.3,0.75,0.75,2,10,0
DDE,wt_sds_32,0.3,0.75,0.75,3,0,1595
DDE,wt_sds_32,0.3,0.75,0.75,3,1,1595
DDE,wt_sds_32,0.3,0.75,0.75,3,2,1595
DDE,wt_sds_32,0.3,0.75,0.75,3,3,1595
DDE,wt_sds_32,0.3,0.75,0.75,3,4,1595
DDE,wt_sds_32,0.3,0.75,0.75,3,5,1595
DDE,wt_sds_32,0.3,0.75,0.75,3,6,1595
DDE,wt_sds_32,0.3,0.75,0.75,3,7,1595
DDE,wt_sds_32,0.3,0.75,0.75,3,8,1595
DDE,wt_sds_32,0.3,0.75,0.75,3,9,1595
DDE,wt_sds_32,0.3,0.75,0.75,3,10,1595
DDE,wt_sds_32,0.3,0.75,0.75,4,0,1595
DDE,wt_sds_32,0.3,0.75,0.75,4,1,1595
DDE,wt_sds_32,0.3,0.75,0.75,4,2,1595
DDE,wt_sds_32,0.3,0.75,0.75,4,3,1595
DDE,wt_sds_32,0.3,0.75,0.75,4,4,1595
DDE,wt_sds_32,0.3,0.75,0.75,4,5,1595
DDE,wt_sds_32,0.3,0.75,0.75,4,6,298
DDE,wt_sds_32,0.3,0.75,0.75,4,7,298
DDE,wt_sds_32,0.3,0.75,0.75,4,8,298
DDE,wt_sds_32,0.3,0.75,0.75,4,9,298
DDE,wt_sds_32,0.3,0.75,0.75,4,10,298
DDE,wt_sds_33,0.3,0.75,0.75,0,0,541
DDE,wt_sds_33,0.3,0.75,0.75,0,1,541
DDE,wt_sds_33,0.3,0.75,0.75,0,2,541
DDE,wt_sds_33,0.3,0.75,0.75,0,3,541
DDE,wt_sds_33,0.3,0.75,0.75,0,4,541
DDE,wt_sds_33,0.3,0.75,0.75,0,5,541
DDE,wt_sds_33,0.3,0.75,0.75,0,6,541
DDE,wt_sds_33,0.3,0.75,0.75,0,7,541
DDE,wt_sds_33,0.3,0.75,0.75,0,8,541
DDE,wt_sds_33,0.3,0.75,0.75,0,9,541
DDE,wt_sds_33,0.3,0.75,0.75,0,10,541
DDE,wt_sds_33,0.3,0.75,0.75,1,0,541
DDE,wt_sds_33,0.3,0.75,0.75,1,1,541
DDE,wt_sds_33,0.3,0.75,0.75,1,2,537
DDE,wt_sds_33,0.3,0.75,0.75,1,3,537
DDE,wt_sds_33,0.3,0.75,0.75,1,4,537
DDE,wt_sds_33,0.3,0.75,0.75,1,5,537
DDE,wt_sds_33,0.3,0.75,0.75,1,6,537
DDE,wt_sds_33,0.3,0.75,0.75,1,7,537
DDE,wt_sds_33,0.3,0.75,0.75,1,8,537
DDE,wt_sds_33,0.3,0.75,0.75,1,9,537
DDE,wt_sds_33,0.3,0.75,0.75,1,10,537
DDE,wt_sds_33,0.3,0.75,0.75,2,0,541
DDE,wt_sds_33,0.3,0.75,0.75,2,1,541
DDE,wt_sds_33,0.3,0.75,0.75,2,2,541
DDE,wt_sds_33,0.3,0.75,0.75,2,3,228
DDE,wt_sds_33,0.3,0.75,0.75,2,4,228
DDE,wt_sds_33,0.3,0.75,0.75,2,5,228
DDE,wt_sds_33,0.3,0.75,0.75,2,6,228
DDE,wt_sds_33,0.3,0.75,0.75,2,7,228
DDE,wt_sds_33,0.3,0.75,0.75,2,8,228
DDE,wt_sds_33,0.3,0.75,0.75,2,9,228
DDE,wt_sds_33,0.3,0.75,0.75,2,10,228
DDE,wt_sds_33,0.3,0.75,0.75,3,0,541
DDE,wt_sds_33,0.3,0.75,0.75,3,1,541
DDE,wt_sds_33,0.3,0.75,0.75,3,2,541
DDE,wt_sds_33,0.3,0.75,0.75,3,3,541
DDE,wt_sds_33,0.3,0.75,0.75,3,4,513
DDE,wt_sds_33,0.3,0.75,0.75,3,5,513
DDE,wt_sds_33,0.3,0.75,0.75,3,6,513
DDE,wt_sds_33,0.3,0.75,0.75,3,7,513
DDE,wt_sds_33,0.3,0.75,0.75,3,8,513
DDE,wt_sds_33,0.3,0.75,0.75,3,9,513
DDE,wt_sds_33,0.3,0.75,0.75,3,10,513
DDE,wt_sds_33,0.3,0.75,0.75,4,0,541
DDE,wt_sds_33,0.3,0.75,0.75,4,1,541
DDE,wt_sds_33,0.3,0.75,0.75,4,2,541
DDE,wt_sds_33,0.3,0.75,0.75,4,3,541
DDE,wt_sds_33,0.3,0.75,0.75,4,4,541
DDE,wt_sds_33,0.3,0.75,0.75,4,5,469
DDE,wt_sds_33,0.3,0.75,0.75,4,6,469
DDE,wt_sds_33,0.3,0.75,0.75,4,7,469
DDE,wt_sds_33,0.3,0.75,0.75,4,8,469
DDE,wt_sds_33,0.3,0.75,0.75,4,9,469
DDE,wt_sds_33,0.3,0.75,0.75,4,10,469
DDE,wt_sds_34,0.3,0.75,0.75,0,0,0
DDE,wt_sds_34,0.3,0.75,0.75,0,1,0
DDE,wt_sds_34,0.3,0.75,0.75,0,2,0
DDE,wt_sds_34,0.3,0.75,0.75,0,3,0
DDE,wt_sds_34,0.3,0.75,0.75,0,4,0
DDE,wt_sds_34,0.3,0.75,0.75,0,5,0
DDE,wt_sds_34,0.3,0.75,0.75,0,6,0
DDE,wt_sds_34,0.3,0.75,0.75,0,7,0
DDE,wt_sds_34,0.3,0.75,0.75,0,8,0
DDE,wt_sds_34,0.3,0.75,0.75,0,9,0
DDE,wt_sds_34,0.3,0.75,0.75,0,10,0
DDE,wt_sds_34,0.3,0.75,0.75,1,0,0
DDE,wt_sds_34,0.3,0.75,0.75,1,1,0
DDE,wt_sds_34,0.3,0.75,0.75,1,2,0
DDE,wt_sds_34,0.3,0.75,0.75,1,3,0
DDE,wt_sds_34,0.3,0.75,0.75,1,4,0
DDE,wt_sds_34,0.3,0.75,0.75,1,5,0
DDE,wt_sds_34,0.3,0.75,0.75,1,6,0
DDE,wt_sds_34,0.3,0.75,0.75,1,7,0
DDE,wt_sds_34,0.3,0.75,0.75,1,8,0
DDE,wt_sds_34,0.3,0.75,0.75,1,9,0
DDE,wt_sds_34,0.3,0.75,0.75,1,10,0
DDE,wt_sds_34,0.3,0.75,0.75,2,0,0
DDE,wt_sds_34,0.3,0.75,0.75,2,1,0
DDE,wt_sds_34,0.3,0.75,0.75,2,2,0
DDE,wt_sds_34,0.3,0.75,0.75,2,3,0
DDE,wt_sds_34,0.3,0.75,0.75,2,4,0
DDE,wt_sds_34,0.3,0.75,0.75,2,5,0
DDE,wt_sds_34,0.3,0.75,0.75,2,6,0
DDE,wt_sds_34,0.3,0.75,0.75,2,7,0
DDE,wt_sds_34,0.3,0.75,0.75,2,8,0
DDE,wt_sds_34,0.3,0.75,0.75,2,9,0
DDE,wt_sds_34,0.3,0.75,0.75,2,10,0
DDE,wt_sds_34,0.3,0.75,0.75,3,0,0
DDE,wt_sds_34,0.3,0.75,0.75,3,1,0
DDE,wt_sds_34,0.3,0.75,0.75,3,2,0
DDE,wt_sds_34,0.3,0.75,0.75,3,3,0
DDE,wt_sds_34,0.3,0.75,0.75,3,4,0
DDE,wt_sds_34,0.3,0.75,0.75,3,5,0
DDE,wt_sds_34,0.3,0.75,0.75,3,6,0
DDE,wt_sds_34,0.3,0.75,0.75,3,7,0
DDE,wt_sds_34,0.3,0.75,0.75,3,8,0
DDE,wt_sds_34,0.3,0.75,0.75,3,9,0
DDE,wt_sds_34,0.3,0.75,0.75,3,10,0
DDE,wt_sds_34,0.3,0.75,0.75,4,0,0
DDE,wt_sds_34,0.3,0.75,0.75,4,1,0
DDE,wt_sds_34,0.3,0.75,0.75,4,2,0
DDE,wt_sds_34,0.3,0.75,0.75,4,3,0
DDE,wt_sds_34,0.3,0.75,0.75,4,4,0
DDE,wt_sds_34,0.3,0.75,0.75,4,5,0
DDE,wt_sds_34,0.3,0.75,0.75,4,6,0
DDE,wt_sds_34,0.3,0.75,0.75,4,7,0
DDE,wt_sds_34,0.3,0.75,0.75,4,8,0
DDE,wt_sds_34,0.3,0.75,0.75,4,9,0
DDE,wt_sds_34,0.3,0.75,0.75,4,10,0
DDE,wt_sds_35,0.3,0.75,0.75,0,0,0
DDE,wt_sds_35,0.3,0.75,0.75,0,1,0
DDE,wt_sds_35,0.3,0.75,0.75,0,2,0
DDE,wt_sds_35,0.3,0.75,0.75,0,3,0
DDE,wt_sds_35,0.3,0.75,0.75,0,4,0
DDE,wt_sds_35,0.3,0.75,0.75,0,5,0
DDE,wt_sds_35,0.3,0.75,0.75,0,6,0
DDE,wt_sds_35,0.3,0.75,0.75,0,7,0
DDE,wt_sds_35,0.3,0.75,0.75,0,8,0
DDE,wt_sds_35,0.3,0.75,0.75,0,9,0
DDE,wt_sds_35,0.3,0.75,0.75,0,10,0
DDE,wt_sds_35,0.3,0.75,0.75,1,0,0
DDE,wt_sds_35,0.3,0.75,0.75,1,1,0
DDE,wt_sds_35,0.3,0.75,0.75,1,2,0
DDE,wt_sds_35,0.3,0.75,0.75,1,3,0
DDE,wt_sds_35,0.3,0.75,0.75,1,4,0
DDE,wt_sds_35,0.3,0.75,0.75,1,5,0
DDE,wt_sds_35,0.3,0.75,0.75,1,6,0
DDE,wt_sds_35,0.3,0.75,0.75,1,7,0
DDE,wt_sds_35,0.3,0.75,0.75,1,8,0
DDE,wt_sds_35,0.3,0.75,0.75,1,9,0
DDE,wt_sds_35,0.3,0.75,0.75,1,10,0
DDE,wt_sds_35,0.3,0.75,0.75,2,0,0
DDE,wt_sds_35,0.3,0.75,0.75,2,1,0
DDE,wt_sds_35,0.3,0.75,0.75,2,2,0
DDE,wt_sds_35,0.3,0.75,0.75,2,3,0
DDE,wt_sds_35,0.3,0.75,0.75,2,4,0
DDE,wt_sds_35,0.3,0.75,0.75,2,5,0
DDE,wt_sds_35,0.3,0.75,0.75,2,6,0
DDE,wt_sds_35,0.3,0.75,0.75,2,7,0
DDE,wt_sds_35,0.3,0.75,0.75,2,8,0
DDE,wt_sds_35,0.3,0.75,0.75,2,9,0
DDE,wt_sds_35,0.3,0.75,0.75,2,10,0
DDE,wt_sds_35,0.3,0.75,0.75,3,0,0
DDE,wt_sds_35,0.3,0.75,0.75,3,1,0
DDE,wt_sds_35,0.3,0.75,0.75,3,2,0
DDE,wt_sds_35,0.3,0.75,0.75,3,3,0
DDE,wt_sds_35,0.3,0.75,0.75,3,4,0
DDE,wt_sds_35,0.3,0.75,0.75,3,5,0
DDE,wt_sds_35,0.3,0.75,0.75,3,6,0
DDE,wt_sds_35,0.3,0.75,0.75,3,7,0
DDE,wt_sds_35,0.3,0.75,0.75,3,8,0
DDE,wt_sds_35,0.3,0.75,0.75,3,9,0
DDE,wt_sds_35,0.3,0.75,0.75,3,10,0
DDE,wt_sds_35,0.3,0.75,0.75,4,0,0
DDE,wt_sds_35,0.3,0.75,0.75,4,1,0
DDE,wt_sds_35,0.3,0.75,0.75,4,2,0
DDE,wt_sds_35,0.3,0.75,0.75,4,3,0
DDE,wt_sds_35,0.3,0.75,0.75,4,4,0
DDE,wt_sds_35,0.3,0.75,0.75,4,5,0
DDE,wt_sds_35,0.3,0.75,0.75,4,6,0
DDE,wt_sds_35,0.3,0.75,0.75,4,7,0
DDE,wt_sds_35,0.3,0.75,0.75,4,8,0
DDE,wt_sds_35,0.3,0.75,0.75,4,9,0
DDE,wt_sds_35,0.3,0.75,0.75,4,10,0
DDE,wt_sds_81,0.9,0.25,0.25,0,0,404367
DDE,wt_sds_81,0.9,0.25,0.25,0,1,404367
DDE,wt_sds_81,0.9,0.25,0.25,0,2,404367
DDE,wt_sds_81,0.9,0.25,0.25,0,3,404367
DDE,wt_sds_81,0.9,0.25,0.25,0,4,404367
DDE,wt_sds_81,0.9,0.25,0.25,0,5,404142
DDE,wt_sds_81,0.9,0.25,0.25,0,6,404142
DDE,wt_sds_81,0.9,0.25,0.25,0,7,404142
DDE,wt_sds_81,0.9,0.25,0.25,0,8,404142
DDE,wt_sds_81,0.9,0.25,0.25,0,9,404142
DDE,wt_sds_81,0.9,0.25,0.25,0,10,404142
DDE,wt_sds_81,0.9,0.25,0.25,1,0,404367
DDE,wt_sds_81,0.9,0.25,0.25,1,1,404367
DDE,wt_sds_81,0.9,0.25,0.25,1,2,404367
DDE,wt_sds_81,0.9,0.25,0.25,1,3,404367
DDE,wt_sds_81,0.9,0.25,0.25,1,4,404073
DDE,wt_sds_81,0.9,0.25,0.25,1,5,404073
DDE,wt_sds_81,0.9,0.25,0.25,1,6,404073
DDE,wt_sds_81,0.9,0.25,0.25,1,7,404073
DDE,wt_sds_81,0.9,0.25,0.25,1,8,404073
DDE,wt_sds_81,0.9,0.25,0.25,1,9,404073
DDE,wt_sds_81,0.9,0.25,0.25,1,10,404073
DDE,wt_sds_81,0.9,0.25,0.25,2,0,404367
DDE,wt_sds_81,0.9,0.25,0.25,2,1,404367
DDE,wt_sds_81,0.9,0.25,0.25,2,2,404367
DDE,wt_sds_81,0.9,0.25,0.25,2,3,404367
DDE,wt_sds_81,0.9,0.25,0.25,2,4,404142
DDE,wt_sds_81,0.9,0.25,0.25,2,5,404142
DDE,wt_sds_81,0.9,0.25,0.25,2,6,404142
DDE,wt_sds_81,0.9,0.25,0.25,2,7,404142
DDE,wt_sds_81,0.9,0.25,0.25,2,8,404142
DDE,wt_sds_81,0.9,0.25,0.25,2,9,404142
DDE,wt_sds_81,0.9,0.25,0.25,2,10,404142
DDE,wt_sds_81,0.9,0.25,0.25,3,0,404367
DDE,wt_sds_81,0.9,0.25,0.25,3,1,404367
DDE,wt_sds_81,0.9,0.25,0.25,3,2,404367
DDE,wt_sds_81,0.9,0.25,0.25,3,3,404367
DDE,wt_sds_81,0.9,0.25,0.25,3,4,404139
DDE,wt_sds_81,0.9,0.25,0.25,3,5,404139
DDE,wt_sds_81,0.9,0.25,0.25,3,6,404139
DDE,wt_sds_81,0.9,0.25,0.25,3,7,404139
DDE,wt_sds_81,0.9,0.25,0.25,3,8,404139
DDE,wt_sds_81,0.9,0.25,0.25,3,9,404139
DDE,wt_sds_81,0.9,0.25,0.25,3,10,404139
DDE,wt_sds_81,0.9,0.25,0.25,4,0,404367
DDE,wt_sds_81,0.9,0.25,0.25,4,1,404367
DDE,wt_sds_81,0.9,0.25,0.25,4,2,404350
DDE,wt_sds_81,0.9,0.25,0.25,4,3,404350
DDE,wt_sds_81,0.9,0.25,0.25,4,4,404350
DDE,wt_sds_81,0.9,0.25,0.25,4,5,404350
DDE,wt_sds_81,0.9,0.25,0.25,4,6,404350
DDE,wt_sds_81,0.9,0.25,0.25,4,7,404350
DDE,wt_sds_81,0.9,0.25,0.25,4,8,404350
DDE,wt_sds_81,0.9,0.25,0.25,4,9,404350
DDE,wt_sds_81,0.9,0.25,0.25,4,10,404350
DDE,wt_sds_82,0.9,0.25,0.25,0,0,429017
DDE,wt_sds_82,0.9,0.25,0.25,0,1,429017
DDE,wt_sds_82,0.9,0.25,0.25,0,2,429017
DDE,wt_sds_82,0.9,0.25,0.25,0,3,429017
DDE,wt_sds_82,0.9,0.25,0.25,0,4,429017
DDE,wt_sds_82,0.9,0.25,0.25,0,5,428707
DDE,wt_sds_82,0.9,0.25,0.25,0,6,426073
DDE,wt_sds_82,0.9,0.25,0.25,0,7,425470
DDE,wt_sds_82,0.9,0.25,0.25,0,8,425470
DDE,wt_sds_82,0.9,0.25,0.25,0,9,425470
DDE,wt_sds_82,0.9,0.25,0.25,0,10,425470
DDE,wt_sds_82,0.9,0.25,0.25,1,0,429017
DDE,wt_sds_82,0.9,0.25,0.25,1,1,429017
DDE,wt_sds_82,0.9,0.25,0.25,1,2,429017
DDE,wt_sds_82,0.9,0.25,0.25,1,3,429017
DDE,wt_sds_82,0.9,0.25,0.25,1,4,426708
DDE,wt_sds_82,0.9,0.25,0.25,1,5,426708
DDE,wt_sds_82,0.9,0.25,0.25,1,6,426708
DDE,wt_sds_82,0.9,0.25,0.25,1,7,426708
DDE,wt_sds_82,0.9,0.25,0.25,1,8,426708
DDE,wt_sds_82,0.9,0.25,0.25,1,9,426708
DDE,wt_sds_82,0.9,0.25,0.25,1,10,426708
DDE,wt_sds_82,0.9,0.25,0.25,2,0,429017
DDE,wt_sds_82,0.9,0.25,0.25,2,1,429017
DDE,wt_sds_82,0.9,0.25,0.25,2,2,429017
DDE,wt_sds_82,0.9,0.25,0.25,2,3,429017
DDE,wt_sds_82,0.9,0.25,0.25,2,4,427897
DDE,wt_sds_82,0.9,0.25,0.25,2,5,426069
DDE,wt_sds_82,0.9,0.25,0.25,2,6,426069
DDE,wt_sds_82,0.9,0.25,0.25,2,7,426069
DDE,wt_sds_82,0.9,0.25,0.25,2,8,426069
DDE,wt_sds_82,0.9,0.25,0.25,2,9,426069
DDE,wt_sds_82,0.9,0.25,0.25,2,10,426069
DDE,wt_sds_82,0.9,0.25,0.25,3,0,429017
DDE,wt_sds_82,0.9,0.25,0.25,3,1,429017
DDE,wt_sds_82,0.9,0.25,0.25,3,2,429017
DDE,wt_sds_82,0.9,0.25,0.25,3,3,429017
DDE,wt_sds_82,0.9,0.25,0.25,3,4,429017
DDE,wt_sds_82,0.9,0.25,0.25,3,5,426113
DDE,wt_sds_82,0.9,0.25,0.25,3,6,426077
DDE,wt_sds_82,0.9,0.25,0.25,3,7,426077
DDE,wt_sds_82,0.9,0.25,0.25,3,8,426077
DDE,wt_sds_82,0.9,0.25,0.25,3,9,426077
DDE,wt_sds_82,0.9,0.25,0.25,3,10,426077
DDE,wt_sds_82,0.9,0.25,0.25,4,0,429017
DDE,wt_sds_82,0.9,0.25,0.25,4,1,429017
DDE,wt_sds_82,0.9,0.25,0.25,4,2,429017
DDE,wt_sds_82,0.9,0.25,0.25,4,3,429017
DDE,wt_sds_82,0.9,0.25,0.25,4,4,426533
DDE,wt_sds_82,0.9,0.25,0.25,4,5,426533
DDE,wt_sds_82,0.9,0.25,0.25,4,6,426533
DDE,wt_sds_82,0.9,0.25,0.25,4,7,426533
DDE,wt_sds_82,0.9,0.25,0.25,4,8,426533
DDE,wt_sds_82,0.9,0.25,0.25,4,9,426533
DDE,wt_sds_82,0.9,0.25,0.25,4,10,426533
DDE,wt_sds_83,0.9,0.25,0.25,0,0,480103
DDE,wt_sds_83,0.9,0.25,0.25,0,1,480103
DDE,wt_sds_83,0.9,0.25,0.25,0,2,480103
DDE,wt_sds_83,0.9,0.25,0.25,0,3,480103
DDE,wt_sds_83,0.9,0.25,0.25,0,4,479926
DDE,wt_sds_83,0.9,0.25,0.25,0,5,479926
DDE,wt_sds_83,0.9,0.25,0.25,0,6,479926
DDE,wt_sds_83,0.9,0.25,0.25,0,7,479926
DDE,wt_sds_83,0.9,0.25,0.25,0,8,479926
DDE,wt_sds_83,0.9,0.25,0.25,0,9,479926
DDE,wt_sds_83,0.9,0.25,0.25,0,10,479926
DDE,wt_sds_83,0.9,0.25,0.25,1,0,480103
DDE,wt_sds_83,0.9,0.25,0.25,1,1,480103
DDE,wt_sds_83,0.9,0.25,0.25,1,2,480103
DDE,wt_sds_83,0.9,0.25,0.25,1,3,480103
DDE,wt_sds_83,0.9,0.25,0.25,1,4,480089
DDE,wt_sds_83,0.9,0.25,0.25,1,5,479798
DDE,wt_sds_83,0.9,0.25,0.25,1,6,479798
DDE,wt_sds_83,0.9,0.25,0.25,1,7,479798
DDE,wt_sds_83,0.9,0.25,0.25,1,8,479798
DDE,wt_sds_83,0.9,0.25,0.25,1,9,479798
DDE,wt_sds_83,0.9,0.25,0.25,1,10,479798
DDE,wt_sds_83,0.9,0.25,0.25,2,0,480103
DDE,wt_sds_83,0.9,0.25,0.25,2,1,480103
DDE,wt_sds_83,0.9,0.25,0.25,2,2,480103
DDE,wt_sds_83,0.9,0.25,0.25,2,3,480103
DDE,wt_sds_83,0.9,0.25,0.25,2,4,480103
DDE,wt_sds_83,0.9,0.25,0.25,2,5,480103
DDE,wt_sds_83,0.9,0.25,0.25,2,6,479812
DDE,wt_sds_83,0.9,0.25,0.25,2,7,479812
DDE,wt_sds_83,0.9,0.25,0.25,2,8,479812
DDE,wt_sds_83,0.9,0.25,0.25,2,9,479812
DDE,wt_sds_83,0.9,0.25,0.25,2,10,479812
DDE,wt_sds_83,0.9,0.25,0.25,3,0,480103
DDE,wt_sds_83,0.9,0.25,0.25,3,1,480103
DDE,wt_sds_83,0.9,0.25,0.25,3,2,480103
DDE,wt_sds_83,0.9,0.25,0.25,3,3,480103
DDE,wt_sds_83,0.9,0.25,0.25,3,4,480103
DDE,wt_sds_83,0.9,0.25,0.25,3,5,479926
DDE,wt_sds_83,0.9,0.25,0.25,3,6,479926
DDE,wt_sds_83,0.9,0.25,0.25,3,7,479926
DDE,wt_sds_83,0.9,0.25,0.25,3,8,479926
DDE,wt_sds_83,0.9,0.25,0.25,3,9,479926
DDE,wt_sds_83,0.9,0.25,0.25,3,10,479926
DDE,wt_sds_83,0.9,0.25,0.25,4,0,480103
DDE,wt_sds_83,0.9,0.25,0.25,4,1,480103
DDE,wt_sds_83,0.9,0.25,0.25,4,2,480103
DDE,wt_sds_83,0.9,0.25,0.25,4,3,480103
DDE,wt_sds_83,0.9,0.25,0.25,4,4,480103
DDE,wt_sds_83,0.9,0.25,0.25,4,5,480103
DDE,wt_sds_83,0.9,0.25,0.25,4,6,479926
DDE,wt_sds_83,0.9,0.25,0.25,4,7,479926
DDE,wt_sds_83,0.9,0.25,0.25,4,8,479926
DDE,wt_sds_83,0.9,0.25,0.25,4,9,479926
DDE,wt_sds_83,0.9,0.25,0.25,4,10,479926
DDE,wt_sds_84,0.9,0.25,0.25,0,0,340970
DDE,wt_sds_84,0.9,0.25,0.25,0,1,340970
DDE,wt_sds_84,0.9,0.25,0.25,0,2,340970
DDE,wt_sds_84,0.9,0.25,0.25,0,3,340970
DDE,wt_sds_84,0.9,0.25,0.25,0,4,340970
DDE,wt_sds_84,0.9,0.25,0.25,0,5,340970
DDE,wt_sds_84,0.9,0.25,0.25,0,6,340970
DDE,wt_sds_84,0.9,0.25,0.25,0,7,340970
DDE,wt_sds_84,0.9,0.25,0.25,0,8,340970
DDE,wt_sds_84,0.9,0.25,0.25,0,9,340970
DDE,wt_sds_84,0.9,0.25,0.25,0,10,340970
DDE,wt_sds_84,0.9,0.25,0.25,1,0,340970
DDE,wt_sds_84,0.9,0.25,0.25,1,1,340970
DDE,wt_sds_84,0.9,0.25,0.25,1,2,340970
DDE,wt_sds_84,0.9,0.25,0.25,1,3,340970
DDE,wt_sds_84,0.9,0.25,0.25,1,4,340970
DDE,wt_sds_84,0.9,0.25,0.25,1,5,340595
DDE,wt_sds_84,0.9,0.25,0.25,1,6,340595
DDE,wt_sds_84,0.9,0.25,0.25,1,7,340595
DDE,wt_sds_84,0.9,0.25,0.25,1,8,340595
DDE,wt_sds_84,0.9,0.25,0.25,1,9,340595
DDE,wt_sds_84,0.9,0.25,0.25,1,10,340595
DDE,wt_sds_84,0.9,0.25,0.25,2,0,340970
DDE,wt_sds_84,0.9,0.25,0.25,2,1,340970
DDE,wt_sds_84,0.9,0.25,0.25,2,2,340970
DDE,wt_sds_84,0.9,0.25,0.25,2,3,340855
DDE,wt_sds_84,0.9,0.25,0.25,2,4,340581
DDE,wt_sds_84,0.9,0.25,0.25,2,5,340581
DDE,wt_sds_84,0.9,0.25,0.25,2,6,340581
DDE,wt_sds_84,0.9,0.25,0.25,2,7,340581
DDE,wt_sds_84,0.9,0.25,0.25,2,8,340581
DDE,wt_sds_84,0.9,0.25,0.25,2,9,340581
DDE,wt_sds_84,0.9,0.25,0.25,2,10,340581
DDE,wt_sds_84,0.9,0.25,0.25,3,0,340970
DDE,wt_sds_84,0.9,0.25,0.25,3,1,340970
DDE,wt_sds_84,0.9,0.25,0.25,3,2,340970
DDE,wt_sds_84,0.9,0.25,0.25,3,3,340970
DDE,wt_sds_84,0.9,0.25,0.25,3,4,340969
DDE,wt_sds_84,0.9,0.25,0.25,3,5,340969
DDE,wt_sds_84,0.9,0.25,0.25,3,6,340969
DDE,wt_sds_84,0.9,0.25,0.25,3,7,340969
DDE,wt_sds_84,0.9,0.25,0.25,3,8,340969
DDE,wt_sds_84,0.9,0.25,0.25,3,9,340969
DDE,wt_sds_84,0.9,0.25,0.25,3,10,340969
DDE,wt_sds_84,0.9,0.25,0.25,4,0,340970
DDE,wt_sds_84,0.9,0.25,0.25,4,1,340970
DDE,wt_sds_84,0.9,0.25,0.25,4,2,340970
DDE,wt_sds_84,0.9,0.25,0.25,4,3,340970
DDE,wt_sds_84,0.9,0.25,0.25,4,4,340580
DDE,wt_sds_84,0.9,0.25,0.25,4,5,340580
DDE,wt_sds_84,0.9,0.25,0.25,4,6,340580
DDE,wt_sds_84,0.9,0.25,0.25,4,7,340580
DDE,wt_sds_84,0.9,0.25,0.25,4,8,340580
DDE,wt_sds_84,0.9,0.25,0.25,4,9,340580
DDE,wt_sds_84,0.9,0.25,0.25,4,10,340580
DDE,wt_sds_85,0.9,0.25,0.25,0,0,574751
DDE,wt_sds_85,0.9,0.25,0.25,0,1,574751
DDE,wt_sds_85,0.9,0.25,0.25,0,2,574751
DDE,wt_sds_85,0.9,0.25,0.25,0,3,574751
DDE,wt_sds_85,0.9,0.25,0.25,0,4,574373
DDE,wt_sds_85,0.9,0.25,0.25,0,5,574000
DDE,wt_sds_85,0.9,0.25,0.25,0,6,574000
DDE,wt_sds_85,0.9,0.25,0.25,0,7,574000
DDE,wt_sds_85,0.9,0.25,0.25,0,8,574000
DDE,wt_sds_85,0.9,0.25,0.25,0,9,574000
DDE,wt_sds_85,0.9,0.25,0.25,0,10,574000
DDE,wt_sds_85,0.9,0.25,0.25,1,0,574751
DDE,wt_sds_85,0.9,0.25,0.25,1,1,574751
DDE,wt_sds_85,0.9,0.25,0.25,1,2,574751
DDE,wt_sds_85,0.9,0.25,0.25,1,3,574751
DDE,wt_sds_85,0.9,0.25,0.25,1,4,574254
DDE,wt_sds_85,0.9,0.25,0.25,1,5,574254
DDE,wt_sds_85,0.9,0.25,0.25,1,6,574254
DDE,wt_sds_85,0.9,0.25,0.25,1,7,574254
DDE,wt_sds_85,0.9,0.25,0.25,1,8,574254
DDE,wt_sds_85,0.9,0.25,0.25,1,9,574254
DDE,wt_sds_85,0.9,0.25,0.25,1,10,574254
DDE,wt_sds_85,0.9,0.25,0.25,2,0,574751
DDE,wt_sds_85,0.9,0.25,0.25,2,1,574751
DDE,wt_sds_85,0.9,0.25,0.25,2,2,574751
DDE,wt_sds_85,0.9,0.25,0.25,2,3,574751
DDE,wt_sds_85,0.9,0.25,0.25,2,4,574751
DDE,wt_sds_85,0.9,0.25,0.25,2,5,574128
DDE,wt_sds_85,0.9,0.25,0.25,2,6,574128
DDE,wt_sds_85,0.9,0.25,0.25,2,7,574128
DDE,wt_sds_85,0.9,0.25,0.25,2,8,574128
DDE,wt_sds_85,0.9,0.25,0.25,2,9,574128
DDE,wt_sds_85,0.9,0.25,0.25,2,10,574128
DDE,wt_sds_85,0.9,0.25,0.25,3,0,574751
DDE,wt_sds_85,0.9,0.25,0.25,3,1,574751
DDE,wt_sds_85,0.9,0.25,0.25,3,2,574751
DDE,wt_sds_85,0.9,0.25,0.25,3,3,574751
DDE,wt_sds_85,0.9,0.25,0.25,3,4,574274
DDE,wt_sds_85,0.9,0.25,0.25,3,5,574274
DDE,wt_sds_85,0.9,0.25,0.25,3,6,574274
DDE,wt_sds_85,0.9,0.25,0.25,3,7,574274
DDE,wt_sds_85,0.9,0.25,0.25,3,8,574274
DDE,wt_sds_85,0.9,0.25,0.25,3,9,574274
DDE,wt_sds_85,0.9,0.25,0.25,3,10,574274
DDE,wt_sds_85,0.9,0.25,0.25,4,0,574751
DDE,wt_sds_85,0.9,0.25,0.25,4,1,574751
DDE,wt_sds_85,0.9,0.25,0.25,4,2,574751
DDE,wt_sds_85,0.9,0.25,0.25,4,3,574751
DDE,wt_sds_85,0.9,0.25,0.25,4,4,574220
DDE,wt_sds_85,0.9,0.25,0.25,4,5,574220
DDE,wt_sds_85,0.9,0.25,0.25,4,6,574220
DDE,wt_sds_85,0.9,0.25,0.25,4,7,574220
DDE,wt_sds_85,0.9,0.25,0.25,4,8,574220
DDE,wt_sds_85,0.9,0.25,0.25,4,9,574220
DDE,wt_sds_85,0.9,0.25,0.25,4,10,574220
DDE,wt_sds_91,0.9,0.25,0.75,0,0,356272
DDE,wt_sds_91,0.9,0.25,0.75,0,1,356272
DDE,wt_sds_91,0.9,0.25,0.75,0,2,356272
DDE,wt_sds_91,0.9,0.25,0.75,0,3,356272
DDE,wt_sds_91,0.9,0.25,0.75,0,4,355784
DDE,wt_sds_91,0.9,0.25,0.75,0,5,355784
DDE,wt_sds_91,0.9,0.25,0.75,0,6,355784
DDE,wt_sds_91,0.9,0.25,0.75,0,7,355784
DDE,wt_sds_91,0.9,0.25,0.75,0,8,355784
DDE,wt_sds_91,0.9,0.25,0.75,0,9,355784
DDE,wt_sds_91,0.9,0.25,0.75,0,10,355784
DDE,wt_sds_91,0.9,0.25,0.75,1,0,356272
DDE,wt_sds_91,0.9,0.25,0.75,1,1,356272
DDE,wt_sds_91,0.9,0.25,0.75,1,2,356272
DDE,wt_sds_91,0.9,0.25,0.75,1,3,356272
DDE,wt_sds_91,0.9,0.25,0.75,1,4,356272
DDE,wt_sds_91,0.9,0.25,0.75,1,5,356272
DDE,wt_sds_91,0.9,0.25,0.75,1,6,355784
DDE,wt_sds_91,0.9,0.25,0.75,1,7,355784
DDE,wt_sds_91,0.9,0.25,0.75,1,8,355784
DDE,wt_sds_91,0.9,0.25,0.75,1,9,355784
DDE,wt_sds_91,0.9,0.25,0.75,1,10,355784
DDE,wt_sds_91,0.9,0.25,0.75,2,0,356272
DDE,wt_sds_91,0.9,0.25,0.75,2,1,356272
DDE,wt_sds_91,0.9,0.25,0.75,2,2,356272
DDE,wt_sds_91,0.9,0.25,0.75,2,3,356272
DDE,wt_sds_91,0.9,0.25,0.75,2,4,356272
DDE,wt_sds_91,0.9,0.25,0.75,2,5,356156
DDE,wt_sds_91,0.9,0.25,0.75,2,6,355784
DDE,wt_sds_91,0.9,0.25,0.75,2,7,355784
DDE,wt_sds_91,0.9,0.25,0.75,2,8,355784
DDE,wt_sds_91,0.9,0.25,0.75,2,9,355784
DDE,wt_sds_91,0.9,0.25,0.75,2,10,355784
DDE,wt_sds_91,0.9,0.25,0.75,3,0,356272
DDE,wt_sds_91,0.9,0.25,0.75,3,1,356272
DDE,wt_sds_91,0.9,0.25,0.75,3,2,356272
DDE,wt_sds_91,0.9,0.25,0.75,3,3,356272
DDE,wt_sds_91,0.9,0.25,0.75,3,4,355566
DDE,wt_sds_91,0.9,0.25,0.75,3,5,354727
DDE,wt_sds_91,0.9,0.25,0.75,3,6,354727
DDE,wt_sds_91,0.9,0.25,0.75,3,7,354727
DDE,wt_sds_91,0.9,0.25,0.75,3,8,354727
DDE,wt_sds_91,0.9,0.25,0.75,3,9,354727
DDE,wt_sds_91,0.9,0.25,0.75,3,10,354727
DDE,wt_sds_91,0.9,0.25,0.75,4,0,356272
DDE,wt_sds_91,0.9,0.25,0.75,4,1,356272
DDE,wt_sds_91,0.9,0.25,0.75,4,2,356272
DDE,wt_sds_91,0.9,0.25,0.75,4,3,356272
DDE,wt_sds_91,0.9,0.25,0.75,4,4,356272
DDE,wt_sds_91,0.9,0.25,0.75,4,5,355812
DDE,wt_sds_91,0.9,0.25,0.75,4,6,355812
DDE,wt_sds_91,0.9,0.25,0.75,4,7,355812
DDE,wt_sds_91,0.9,0.25,0.75,4,8,355812
DDE,wt_sds_91,0.9,0.25,0.75,4,9,355812
DDE,wt_sds_91,0.9,0.25,0.75,4,10,355812
DDE,wt_sds_92,0.9,0.25,0.75,0,0,390582
DDE,wt_sds_92,0.9,0.25,0.75,0,1,390582
DDE,wt_sds_92,0.9,0.25,0.75,0,2,390582
DDE,wt_sds_92,0.9,0.25,0.75,0,3,390468
DDE,wt_sds_92,0.9,0.25,0.75,0,4,390437
DDE,wt_sds_92,0.9,0.25,0.75,0,5,390437
DDE,wt_sds_92,0.9,0.25,0.75,0,6,390437
DDE,wt_sds_92,0.9,0.25,0.75,0,7,390437
DDE,wt_sds_92,0.9,0.25,0.75,0,8,390437
DDE,wt_sds_92,0.9,0.25,0.75,0,9,390437
DDE,wt_sds_92,0.9,0.25,0.75,0,10,390437
DDE,wt_sds_92,0.9,0.25,0.75,1,0,390582
DDE,wt_sds_92,0.9,0.25,0.75,1,1,390582
DDE,wt_sds_92,0.9,0.25,0.75,1,2,390582
DDE,wt_sds_92,0.9,0.25,0.75,1,3,390582
DDE,wt_sds_92,0.9,0.25,0.75,1,4,390437
DDE,wt_sds_92,0.9,0.25,0.75,1,5,390437
DDE,wt_sds_92,0.9,0.25,0.75,1,6,390437
DDE,wt_sds_92,0.9,0.25,0.75,1,7,390437
DDE,wt_sds_92,0.9,0.25,0.75,1,8,390437
DDE,wt_sds_92,0.9,0.25,0.75,1,9,390437
DDE,wt_sds_92,0.9,0.25,0.75,1,10,390437
DDE,wt_sds_92,0.9,0.25,0.75,2,0,390582
DDE,wt_sds_92,0.9,0.25,0.75,2,1,390582
DDE,wt_sds_92,0.9,0.25,0.75,2,2,390582
DDE,wt_sds_92,0.9,0.25,0.75,2,3,390582
DDE,wt_sds_92,0.9,0.25,0.75,2,4,390468
DDE,wt_sds_92,0.9,0.25,0.75,2,5,390468
DDE,wt_sds_92,0.9,0.25,0.75,2,6,390468
DDE,wt_sds_92,0.9,0.25,0.75,2,7,390468
DDE,wt_sds_92,0.9,0.25,0.75,2,8,390468
DDE,wt_sds_92,0.9,0.25,0.75,2,9,390468
DDE,wt_sds_92,0.9,0.25,0.75,2,10,390468
DDE,wt_sds_92,0.9,0.25,0.75,3,0,390582
DDE,wt_sds_92,0.9,0.25,0.75,3,1,390582
DDE,wt_sds_92,0.9,0.25,0.75,3,2,390582
DDE,wt_sds_92,0.9,0.25,0.75,3,3,390582
DDE,wt_sds_92,0.9,0.25,0.75,3,4,390582
DDE,wt_sds_92,0.9,0.25,0.75,3,5,390478
DDE,wt_sds_92,0.9,0.25,0.75,3,6,390478
DDE,wt_sds_92,0.9,0.25,0.75,3,7,390478
DDE,wt_sds_92,0.9,0.25,0.75,3,8,390478
DDE,wt_sds_92,0.9,0.25,0.75,3,9,390478
DDE,wt_sds_92,0.9,0.25,0.75,3,10,390478
DDE,wt_sds_92,0.9,0.25,0.75,4,0,390582
DDE,wt_sds_92,0.9,0.25,0.75,4,1,390582
DDE,wt_sds_92,0.9,0.25,0.75,4,2,390582
DDE,wt_sds_92,0.9,0.25,0.75,4,3,390582
DDE,wt_sds_92,0.9,0.25,0.75,4,4,390582
DDE,wt_sds_92,0.9,0.25,0.75,4,5,390582
DDE,wt_sds_92,0.9,0.25,0.75,4,6,390468
DDE,wt_sds_92,0.9,0.25,0.75,4,7,390468
DDE,wt_sds_92,0.9,0.25,0.75,4,8,390468
DDE,wt_sds_92,0.9,0.25,0.75,4,9,390468
DDE,wt_sds_92,0.9,0.25,0.75,4,10,390468
DDE,wt_sds_93,0.9,0.25,0.75,0,0,431927
DDE,wt_sds_93,0.9,0.25,0.75,0,1,431927
DDE,wt_sds_93,0.9,0.25,0.75,0,2,431927
DDE,wt_sds_93,0.9,0.25,0.75,0,3,431927
DDE,wt_sds_93,0.9,0.25,0.75,0,4,431586
DDE,wt_sds_93,0.9,0.25,0.75,0,5,431586
DDE,wt_sds_93,0.9,0.25,0.75,0,6,431586
DDE,wt_sds_93,0.9,0.25,0.75,0,7,431586
DDE,wt_sds_93,0.9,0.25,0.75,0,8,431586
DDE,wt_sds_93,0.9,0.25,0.75,0,9,431586
DDE,wt_sds_93,0.9,0.25,0.75,0,10,431586
DDE,wt_sds_93,0.9,0.25,0.75,1,0,431927
DDE,wt_sds_93,0.9,0.25,0.75,1,1,431927
DDE,wt_sds_93,0.9,0.25,0.75,1,2,431927
DDE,wt_sds_93,0.9,0.25,0.75,1,3,431927
DDE,wt_sds_93,0.9,0.25,0.75,1,4,431927
DDE,wt_sds_93,0.9,0.25,0.75,1,5,431927
DDE,wt_sds_93,0.9,0.25,0.75,1,6,431927
DDE,wt_sds_93,0.9,0.25,0.75,1,7,431927
DDE,wt_sds_93,0.9,0.25,0.75,1,8,431927
DDE,wt_sds_93,0.9,0.25,0.75,1,9,431927
DDE,wt_sds_93,0.9,0.25,0.75,1,10,431927
DDE,wt_sds_93,0.9,0.25,0.75,2,0,431927
DDE,wt_sds_93,0.9,0.25,0.75,2,1,431927
DDE,wt_sds_93,0.9,0.25,0.75,2,2,431927
DDE,wt_sds_93,0.9,0.25,0.75,2,3,431927
DDE,wt_sds_93,0.9,0.25,0.75,2,4,431927
DDE,wt_sds_93,0.9,0.25,0.75,2,5,431586
DDE,wt_sds_93,0.9,0.25,0.75,2,6,431586
DDE,wt_sds_93,0.9,0.25,0.75,2,7,431586
DDE,wt_sds_93,0.9,0.25,0.75,2,8,431586
DDE,wt_sds_93,0.9,0.25,0.75,2,9,431586
DDE,wt_sds_93,0.9,0.25,0.75,2,10,431586
DDE,wt_sds_93,0.9,0.25,0.75,3,0,431927
DDE,wt_sds_93,0.9,0.25,0.75,3,1,431927
DDE,wt_sds_93,0.9,0.25,0.75,3,2,431927
DDE,wt_sds_93,0.9,0.25,0.75,3,3,431927
DDE,wt_sds_93,0.9,0.25,0.75,3,4,431927
DDE,wt_sds_93,0.9,0.25,0.75,3,5,431927
DDE,wt_sds_93,0.9,0.25,0.75,3,6,431586
DDE,wt_sds_93,0.9,0.25,0.75,3,7,431586
DDE,wt_sds_93,0.9,0.25,0.75,3,8,431586
DDE,wt_sds_93,0.9,0.25,0.75,3,9,431586
DDE,wt_sds_93,0.9,0.25,0.75,3,10,431586
DDE,wt_sds_93,0.9,0.25,0.75,4,0,431927
DDE,wt_sds_93,0.9,0.25,0.75,4,1,431927
DDE,wt_sds_93,0.9,0.25,0.75,4,2,431927
DDE,wt_sds_93,0.9,0.25,0.75,4,3,431927
DDE,wt_sds_93,0.9,0.25,0.75,4,4,431927
DDE,wt_sds_93,0.9,0.25,0.75,4,5,431927
DDE,wt_sds_93,0.9,0.25,0.75,4,6,431586
DDE,wt_sds_93,0.9,0.25,0.75,4,7,431586
DDE,wt_sds_93,0.9,0.25,0.75,4,8,431586
DDE,wt_sds_93,0.9,0.25,0.75,4,9,431586
DDE,wt_sds_93,0.9,0.25,0.75,4,10,431586
DDE,wt_sds_94,0.9,0.25,0.75,0,0,357721
DDE,wt_sds_94,0.9,0.25,0.75,0,1,357721
DDE,wt_sds_94,0.9,0.25,0.75,0,2,357721
DDE,wt_sds_94,0.9,0.25,0.75,0,3,357721
DDE,wt_sds_94,0.9,0.25,0.75,0,4,357409
DDE,wt_sds_94,0.9,0.25,0.75,0,5,357409
DDE,wt_sds_94,0.9,0.25,0.75,0,6,357409
DDE,wt_sds_94,0.9,0.25,0.75,0,7,357409
DDE,wt_sds_94,0.9,0.25,0.75,0,8,357409
DDE,wt_sds_94,0.9,0.25,0.75,0,9,357409
DDE,wt_sds_94,0.9,0.25,0.75,0,10,357409
DDE,wt_sds_94,0.9,0.25,0.75,1,0,357721
DDE,wt_sds_94,0.9,0.25,0.75,1,1,357721
DDE,wt_sds_94,0.9,0.25,0.75,1,2,357721
DDE,wt_sds_94,0.9,0.25,0.75,1,3,357721
DDE,wt_sds_94,0.9,0.25,0.75,1,4,357721
DDE,wt_sds_94,0.9,0.25,0.75,1,5,357721
DDE,wt_sds_94,0.9,0.25,0.75,1,6,357721
DDE,wt_sds_94,0.9,0.25,0.75,1,7,357721
DDE,wt_sds_94,0.9,0.25,0.75,1,8,357209
DDE,wt_sds_94,0.9,0.25,0.75,1,9,356096
DDE,wt_sds_94,0.9,0.25,0.75,1,10,356096
DDE,wt_sds_94,0.9,0.25,0.75,2,0,357721
DDE,wt_sds_94,0.9,0.25,0.75,2,1,357721
DDE,wt_sds_94,0.9,0.25,0.75,2,2,357721
DDE,wt_sds_94,0.9,0.25,0.75,2,3,357721
DDE,wt_sds_94,0.9,0.25,0.75,2,4,357213
DDE,wt_sds_94,0.9,0.25,0.75,2,5,357213
DDE,wt_sds_94,0.9,0.25,0.75,2,6,357213
DDE,wt_sds_94,0.9,0.25,0.75,2,7,357213
DDE,wt_sds_94,0.9,0.25,0.75,2,8,357213
DDE,wt_sds_94,0.9,0.25,0.75,2,9,357213
DDE,wt_sds_94,0.9,0.25,0.75,2,10,357213
DDE,wt_sds_94,0.9,0.25,0.75,3,0,357721
DDE,wt_sds_94,0.9,0.25,0.75,3,1,357721
DDE,wt_sds_94,0.9,0.25,0.75,3,2,357721
DDE,wt_sds_94,0.9,0.25,0.75,3,3,357721
DDE,wt_sds_94,0.9,0.25,0.75,3,4,357213
DDE,wt_sds_94,0.9,0.25,0.75,3,5,357213
DDE,wt_sds_94,0.9,0.25,0.75,3,6,357213
DDE,wt_sds_94,0.9,0.25,0.75,3,7,357213
DDE,wt_sds_94,0.9,0.25,0.75,3,8,357213
DDE,wt_sds_94,0.9,0.25,0.75,3,9,357213
DDE,wt_sds_94,0.9,0.25,0.75,3,10,357213
DDE,wt_sds_94,0.9,0.25,0.75,4,0,357721
DDE,wt_sds_94,0.9,0.25,0.75,4,1,357721
DDE,wt_sds_94,0.9,0.25,0.75,4,2,357721
DDE,wt_sds_94,0.9,0.25,0.75,4,3,357721
DDE,wt_sds_94,0.9,0.25,0.75,4,4,357065
DDE,wt_sds_94,0.9,0.25,0.75,4,5,357065
DDE,wt_sds_94,0.9,0.25,0.75,4,6,357065
DDE,wt_sds_94,0.9,0.25,0.75,4,7,357065
DDE,wt_sds_94,0.9,0.25,0.75,4,8,357065
DDE,wt_sds_94,0.9,0.25,0.75,4,9,357065
DDE,wt_sds_94,0.9,0.25,0.75,4,10,357065
DDE,wt_sds_95,0.9,0.25,0.75,0,0,569806
DDE,wt_sds_95,0.9,0.25,0.75,0,1,569806
DDE,wt_sds_95,0.9,0.25,0.75,0,2,569806
DDE,wt_sds_95,0.9,0.25,0.75,0,3,569806
DDE,wt_sds_95,0.9,0.25,0.75,0,4,569806
DDE,wt_sds_95,0.9,0.25,0.75,0,5,566581
DDE,wt_sds_95,0.9,0.25,0.75,0,6,566581
DDE,wt_sds_95,0.9,0.25,0.75,0,7,566581
DDE,wt_sds_95,0.9,0.25,0.75,0,8,566581
DDE,wt_sds_95,0.9,0.25,0.75,0,9,566581
DDE,wt_sds_95,0.9,0.25,0.75,0,10,566581
DDE,wt_sds_95,0.9,0.25,0.75,1,0,569806
DDE,wt_sds_95,0.9,0.25,0.75,1,1,569806
DDE,wt_sds_95,0.9,0.25,0.75,1,2,569806
DDE,wt_sds_95,0.9,0.25,0.75,1,3,569806
DDE,wt_sds_95,0.9,0.25,0.75,1,4,567473
DDE,wt_sds_95,0.9,0.25,0.75,1,5,567473
DDE,wt_sds_95,0.9,0.25,0.75,1,6,567473
DDE,wt_sds_95,0.9,0.25,0.75,1,7,567473
DDE,wt_sds_95,0.9,0.25,0.75,1,8,567473
DDE,wt_sds_95,0.9,0.25,0.75,1,9,567473
DDE,wt_sds_95,0.9,0.25,0.75,1,10,567473
DDE,wt_sds_95,0.9,0.25,0.75,2,0,569806
DDE,wt_sds_95,0.9,0.25,0.75,2,1,569806
DDE,wt_sds_95,0.9,0.25,0.75,2,2,569806
DDE,wt_sds_95,0.9,0.25,0.75,2,3,569806
DDE,wt_sds_95,0.9,0.25,0.75,2,4,569806
DDE,wt_sds_95,0.9,0.25,0.75,2,5,569806
DDE,wt_sds_95,0.9,0.25,0.75,2,6,566677
DDE,wt_sds_95,0.9,0.25,0.75,2,7,566677
DDE,wt_sds_95,0.9,0.25,0.75,2,8,566677
DDE,wt_sds_95,0.9,0.25,0.75,2,9,566677
DDE,wt_sds_95,0.9,0.25,0.75,2,10,566677
DDE,wt_sds_95,0.9,0.25,0.75,3,0,569806
DDE,wt_sds_95,0.9,0.25,0.75,3,1,569806
DDE,wt_sds_95,0.9,0.25,0.75,3,2,569806
DDE,wt_sds_95,0.9,0.25,0.75,3,3,569806
DDE,wt_sds_95,0.9,0.25,0.75,3,4,569806
DDE,wt_sds_95,0.9,0.25,0.75,3,5,569806
DDE,wt_sds_95,0.9,0.25,0.75,3,6,569806
DDE,wt_sds_95,0.9,0.25,0.75,3,7,567019
DDE,wt_sds_95,0.9,0.25,0.75,3,8,567019
DDE,wt_sds_95,0.9,0.25,0.75,3,9,567019
DDE,wt_sds_95,0.9,0.25,0.75,3,10,567019
DDE,wt_sds_95,0.9,0.25,0.75,4,0,569806
DDE,wt_sds_95,0.9,0.25,0.75,4,1,569806
DDE,wt_sds_95,0.9,0.25,0.75,4,2,569806
DDE,wt_sds_95,0.9,0.25,0.75,4,3,569806
DDE,wt_sds_95,0.9,0.25,0.75,4,4,569806
DDE,wt_sds_95,0.9,0.25,0.75,4,5,569616
DDE,wt_sds_95,0.9,0.25,0.75,4,6,566981
DDE,wt_sds_95,0.9,0.25,0.75,4,7,566981
DDE,wt_sds_95,0.9,0.25,0.75,4,8,566981
DDE,wt_sds_95,0.9,0.25,0.75,4,9,566981
DDE,wt_sds_95,0.9,0.25,0.75,4,10,566981
DDE,wt_sds_101,0.9,0.75,0.25,0,0,362875
DDE,wt_sds_101,0.9,0.75,0.25,0,1,362875
DDE,wt_sds_101,0.9,0.75,0.25,0,2,362875
DDE,wt_sds_101,0.9,0.75,0.25,0,3,362875
DDE,wt_sds_101,0.9,0.75,0.25,0,4,362875
DDE,wt_sds_101,0.9,0.75,0.25,0,5,362875
DDE,wt_sds_101,0.9,0.75,0.25,0,6,362875
DDE,wt_sds_101,0.9,0.75,0.25,0,7,361389
DDE,wt_sds_101,0.9,0.75,0.25,0,8,361236
DDE,wt_sds_101,0.9,0.75,0.25,0,9,361236
DDE,wt_sds_101,0.9,0.75,0.25,0,10,361236
DDE,wt_sds_101,0.9,0.75,0.25,1,0,362875
DDE,wt_sds_101,0.9,0.75,0.25,1,1,362875
DDE,wt_sds_101,0.9,0.75,0.25,1,2,362875
DDE,wt_sds_101,0.9,0.75,0.25,1,3,362875
DDE,wt_sds_101,0.9,0.75,0.25,1,4,362875
DDE,wt_sds_101,0.9,0.75,0.25,1,5,362573
DDE,wt_sds_101,0.9,0.75,0.25,1,6,362573
DDE,wt_sds_101,0.9,0.75,0.25,1,7,362573
DDE,wt_sds_101,0.9,0.75,0.25,1,8,362573
DDE,wt_sds_101,0.9,0.75,0.25,1,9,362573
DDE,wt_sds_101,0.9,0.75,0.25,1,10,362573
DDE,wt_sds_101,0.9,0.75,0.25,2,0,362875
DDE,wt_sds_101,0.9,0.75,0.25,2,1,362875
DDE,wt_sds_101,0.9,0.75,0.25,2,2,362875
DDE,wt_sds_101,0.9,0.75,0.25,2,3,362875
DDE,wt_sds_101,0.9,0.75,0.25,2,4,362875
DDE,wt_sds_101,0.9,0.75,0.25,2,5,362875
DDE,wt_sds_101,0.9,0.75,0.25,2,6,361253
DDE,wt_sds_101,0.9,0.75,0.25,2,7,361253
DDE,wt_sds_101,0.9,0.75,0.25,2,8,361253
DDE,wt_sds_101,0.9,0.75,0.25,2,9,361253
DDE,wt_sds_101,0.9,0.75,0.25,2,10,361253
DDE,wt_sds_101,0.9,0.75,0.25,3,0,362875
DDE,wt_sds_101,0.9,0.75,0.25,3,1,362875
DDE,wt_sds_101,0.9,0.75,0.25,3,2,362875
DDE,wt_sds_101,0.9,0.75,0.25,3,3,362875
DDE,wt_sds_101,0.9,0.75,0.25,3,4,362875
DDE,wt_sds_101,0.9,0.75,0.25,3,5,362573
DDE,wt_sds_101,0.9,0.75,0.25,3,6,362573
DDE,wt_sds_101,0.9,0.75,0.25,3,7,362573
DDE,wt_sds_101,0.9,0.75,0.25,3,8,362573
DDE,wt_sds_101,0.9,0.75,0.25,3,9,362573
DDE,wt_sds_101,0.9,0.75,0.25,3,10,362573
DDE,wt_sds_101,0.9,0.75,0.25,4,0,362875
DDE,wt_sds_101,0.9,0.75,0.25,4,1,362875
DDE,wt_sds_101,0.9,0.75,0.25,4,2,362875
DDE,wt_sds_101,0.9,0.75,0.25,4,3,362875
DDE,wt_sds_101,0.9,0.75,0.25,4,4,362875
DDE,wt_sds_101,0.9,0.75,0.25,4,5,361253
DDE,wt_sds_101,0.9,0.75,0.25,4,6,361253
DDE,wt_sds_101,0.9,0.75,0.25,4,7,361253
DDE,wt_sds_101,0.9,0.75,0.25,4,8,361253
DDE,wt_sds_101,0.9,0.75,0.25,4,9,361253
DDE,wt_sds_101,0.9,0.75,0.25,4,10,361253
DDE,wt_sds_102,0.9,0.75,0.25,0,0,498978
DDE,wt_sds_102,0.9,0.75,0.25,0,1,498978
DDE,wt_sds_102,0.9,0.75,0.25,0,2,498978
DDE,wt_sds_102,0.9,0.75,0.25,0,3,498978
DDE,wt_sds_102,0.9,0.75,0.25,0,4,498856
DDE,wt_sds_102,0.9,0.75,0.25,0,5,498856
DDE,wt_sds_102,0.9,0.75,0.25,0,6,498856
DDE,wt_sds_102,0.9,0.75,0.25,0,7,498856
DDE,wt_sds_102,0.9,0.75,0.25,0,8,498856
DDE,wt_sds_102,0.9,0.75,0.25,0,9,498856
DDE,wt_sds_102,0.9,0.75,0.25,0,10,498856
DDE,wt_sds_102,0.9,0.75,0.25,1,0,498978
DDE,wt_sds_102,0.9,0.75,0.25,1,1,498978
DDE,wt_sds_102,0.9,0.75,0.25,1,2,498978
DDE,wt_sds_102,0.9,0.75,0.25,1,3,498978
DDE,wt_sds_102,0.9,0.75,0.25,1,4,498978
DDE,wt_sds_102,0.9,0.75,0.25,1,5,498718
DDE,wt_sds_102,0.9,0.75,0.25,1,6,498718
DDE,wt_sds_102,0.9,0.75,0.25,1,7,498718
DDE,wt_sds_102,0.9,0.75,0.25,1,8,498718
DDE,wt_sds_102,0.9,0.75,0.25,1,9,498718
DDE,wt_sds_102,0.9,0.75,0.25,1,10,498718
DDE,wt_sds_102,0.9,0.75,0.25,2,0,498978
DDE,wt_sds_102,0.9,0.75,0.25,2,1,498978
DDE,wt_sds_102,0.9,0.75,0.25,2,2,498978
DDE,wt_sds_102,0.9,0.75,0.25,2,3,498978
DDE,wt_sds_102,0.9,0.75,0.25,2,4,498513
DDE,wt_sds_102,0.9,0.75,0.25,2,5,498513
DDE,wt_sds_102,0.9,0.75,0.25,2,6,498513
DDE,wt_sds_102,0.9,0.75,0.25,2,7,498513
DDE,wt_sds_102,0.9,0.75,0.25,2,8,498513
DDE,wt_sds_102,0.9,0.75,0.25,2,9,498513
DDE,wt_sds_102,0.9,0.75,0.25,2,10,498513
DDE,wt_sds_102,0.9,0.75,0.25,3,0,498978
DDE,wt_sds_102,0.9,0.75,0.25,3,1,498978
DDE,wt_sds_102,0.9,0.75,0.25,3,2,498978
DDE,wt_sds_102,0.9,0.75,0.25,3,3,498978
DDE,wt_sds_102,0.9,0.75,0.25,3,4,498978
DDE,wt_sds_102,0.9,0.75,0.25,3,5,498978
DDE,wt_sds_102,0.9,0.75,0.25,3,6,498856
DDE,wt_sds_102,0.9,0.75,0.25,3,7,498856
DDE,wt_sds_102,0.9,0.75,0.25,3,8,498856
DDE,wt_sds_102,0.9,0.75,0.25,3,9,498856
DDE,wt_sds_102,0.9,0.75,0.25,3,10,498856
DDE,wt_sds_102,0.9,0.75,0.25,4,0,498978
DDE,wt_sds_102,0.9,0.75,0.25,4,1,498978
DDE,wt_sds_102,0.9,0.75,0.25,4,2,498978
DDE,wt_sds_102,0.9,0.75,0.25,4,3,498978
DDE,wt_sds_102,0.9,0.75,0.25,4,4,498978
DDE,wt_sds_102,0.9,0.75,0.25,4,5,498978
DDE,wt_sds_102,0.9,0.75,0.25,4,6,498856
DDE,wt_sds_102,0.9,0.75,0.25,4,7,498856
DDE,wt_sds_102,0.9,0.75,0.25,4,8,498856
DDE,wt_sds_102,0.9,0.75,0.25,4,9,498856
DDE,wt_sds_102,0.9,0.75,0.25,4,10,498856
DDE,wt_sds_103,0.9,0.75,0.25,0,0,399977
DDE,wt_sds_103,0.9,0.75,0.25,0,1,399977
DDE,wt_sds_103,0.9,0.75,0.25,0,2,399977
DDE,wt_sds_103,0.9,0.75,0.25,0,3,399977
DDE,wt_sds_103,0.9,0.75,0.25,0,4,398552
DDE,wt_sds_103,0.9,0.75,0.25,0,5,398552
DDE,wt_sds_103,0.9,0.75,0.25,0,6,398552
DDE,wt_sds_103,0.9,0.75,0.25,0,7,398552
DDE,wt_sds_103,0.9,0.75,0.25,0,8,398552
DDE,wt_sds_103,0.9,0.75,0.25,0,9,398552
DDE,wt_sds_103,0.9,0.75,0.25,0,10,398552
DDE,wt_sds_103,0.9,0.75,0.25,1,0,399977
DDE,wt_sds_103,0.9,0.75,0.25,1,1,399977
DDE,wt_sds_103,0.9,0.75,0.25,1,2,399977
DDE,wt_sds_103,0.9,0.75,0.25,1,3,399356
DDE,wt_sds_103,0.9,0.75,0.25,1,4,399356
DDE,wt_sds_103,0.9,0.75,0.25,1,5,399356
DDE,wt_sds_103,0.9,0.75,0.25,1,6,399356
DDE,wt_sds_103,0.9,0.75,0.25,1,7,399356
DDE,wt_sds_103,0.9,0.75,0.25,1,8,399356
DDE,wt_sds_103,0.9,0.75,0.25,1,9,399356
DDE,wt_sds_103,0.9,0.75,0.25,1,10,399356
DDE,wt_sds_103,0.9,0.75,0.25,2,0,399977
DDE,wt_sds_103,0.9,0.75,0.25,2,1,399977
DDE,wt_sds_103,0.9,0.75,0.25,2,2,399977
DDE,wt_sds_103,0.9,0.75,0.25,2,3,399977
DDE,wt_sds_103,0.9,0.75,0.25,2,4,399954
DDE,wt_sds_103,0.9,0.75,0.25,2,5,399157
DDE,wt_sds_103,0.9,0.75,0.25,2,6,399157
DDE,wt_sds_103,0.9,0.75,0.25,2,7,399157
DDE,wt_sds_103,0.9,0.75,0.25,2,8,399157
DDE,wt_sds_103,0.9,0.75,0.25,2,9,399157
DDE,wt_sds_103,0.9,0.75,0.25,2,10,399157
DDE,wt_sds_103,0.9,0.75,0.25,3,0,399977
DDE,wt_sds_103,0.9,0.75,0.25,3,1,399977
DDE,wt_sds_103,0.9,0.75,0.25,3,2,399977
DDE,wt_sds_103,0.9,0.75,0.25,3,3,399977
DDE,wt_sds_103,0.9,0.75,0.25,3,4,399977
DDE,wt_sds_103,0.9,0.75,0.25,3,5,398656
DDE,wt_sds_103,0.9,0.75,0.25,3,6,398656
DDE,wt_sds_103,0.9,0.75,0.25,3,7,398656
DDE,wt_sds_103,0.9,0.75,0.25,3,8,398656
DDE,wt_sds_103,0.9,0.75,0.25,3,9,398656
DDE,wt_sds_103,0.9,0.75,0.25,3,10,398656
DDE,wt_sds_103,0.9,0.75,0.25,4,0,399977
DDE,wt_sds_103,0.9,0.75,0.25,4,1,399977
DDE,wt_sds_103,0.9,0.75,0.25,4,2,399977
DDE,wt_sds_103,0.9,0.75,0.25,4,3,399977
DDE,wt_sds_103,0.9,0.75,0.25,4,4,398414
DDE,wt_sds_103,0.9,0.75,0.25,4,5,396647
DDE,wt_sds_103,0.9,0.75,0.25,4,6,396647
DDE,wt_sds_103,0.9,0.75,0.25,4,7,396647
DDE,wt_sds_103,0.9,0.75,0.25,4,8,396647
DDE,wt_sds_103,0.9,0.75,0.25,4,9,396647
DDE,wt_sds_103,0.9,0.75,0.25,4,10,396647
DDE,wt_sds_104,0.9,0.75,0.25,0,0,370253
DDE,wt_sds_104,0.9,0.75,0.25,0,1,370253
DDE,wt_sds_104,0.9,0.75,0.25,0,2,370253
DDE,wt_sds_104,0.9,0.75,0.25,0,3,369890
DDE,wt_sds_104,0.9,0.75,0.25,0,4,369729
DDE,wt_sds_104,0.9,0.75,0.25,0,5,369729
DDE,wt_sds_104,0.9,0.75,0.25,0,6,369729
DDE,wt_sds_104,0.9,0.75,0.25,0,7,369729
DDE,wt_sds_104,0.9,0.75,0.25,0,8,369729
DDE,wt_sds_104,0.9,0.75,0.25,0,9,369729
DDE,wt_sds_104,0.9,0.75,0.25,0,10,369729
DDE,wt_sds_104,0.9,0.75,0.25,1,0,370253
DDE,wt_sds_104,0.9,0.75,0.25,1,1,370253
DDE,wt_sds_104,0.9,0.75,0.25,1,2,370253
DDE,wt_sds_104,0.9,0.75,0.25,1,3,368547
DDE,wt_sds_104,0.9,0.75,0.25,1,4,368547
DDE,wt_sds_104,0.9,0.75,0.25,1,5,368547
DDE,wt_sds_104,0.9,0.75,0.25,1,6,368547
DDE,wt_sds_104,0.9,0.75,0.25,1,7,368547
DDE,wt_sds_104,0.9,0.75,0.25,1,8,368547
DDE,wt_sds_104,0.9,0.75,0.25,1,9,368547
DDE,wt_sds_104,0.9,0.75,0.25,1,10,368547
DDE,wt_sds_104,0.9,0.75,0.25,2,0,370253
DDE,wt_sds_104,0.9,0.75,0.25,2,1,370253
DDE,wt_sds_104,0.9,0.75,0.25,2,2,370253
DDE,wt_sds_104,0.9,0.75,0.25,2,3,370253
DDE,wt_sds_104,0.9,0.75,0.25,2,4,370253
DDE,wt_sds_104,0.9,0.75,0.25,2,5,367961
DDE,wt_sds_104,0.9,0.75,0.25,2,6,367961
DDE,wt_sds_104,0.9,0.75,0.25,2,7,367961
DDE,wt_sds_104,0.9,0.75,0.25,2,8,367961
DDE,wt_sds_104,0.9,0.75,0.25,2,9,367961
DDE,wt_sds_104,0.9,0.75,0.25,2,10,367961
DDE,wt_sds_104,0.9,0.75,0.25,3,0,370253
DDE,wt_sds_104,0.9,0.75,0.25,3,1,370253
DDE,wt_sds_104,0.9,0.75,0.25,3,2,370253
DDE,wt_sds_104,0.9,0.75,0.25,3,3,370253
DDE,wt_sds_104,0.9,0.75,0.25,3,4,369729
DDE,wt_sds_104,0.9,0.75,0.25,3,5,369729
DDE,wt_sds_104,0.9,0.75,0.25,3,6,369729
DDE,wt_sds_104,0.9,0.75,0.25,3,7,369729
DDE,wt_sds_104,0.9,0.75,0.25,3,8,369729
DDE,wt_sds_104,0.9,0.75,0.25,3,9,369729
DDE,wt_sds_104,0.9,0.75,0.25,3,10,369729
DDE,wt_sds_104,0.9,0.75,0.25,4,0,370253
DDE,wt_sds_104,0.9,0.75,0.25,4,1,370253
DDE,wt_sds_104,0.9,0.75,0.25,4,2,370253
DDE,wt_sds_104,0.9,0.75,0.25,4,3,370253
DDE,wt_sds_104,0.9,0.75,0.25,4,4,369637
DDE,wt_sds_104,0.9,0.75,0.25,4,5,369637
DDE,wt_sds_104,0.9,0.75,0.25,4,6,369637
DDE,wt_sds_104,0.9,0.75,0.25,4,7,369637
DDE,wt_sds_104,0.9,0.75,0.25,4,8,369637
DDE,wt_sds_104,0.9,0.75,0.25,4,9,369637
DDE,wt_sds_104,0.9,0.75,0.25,4,10,369637
DDE,wt_sds_105,0.9,0.75,0.25,0,0,465059
DDE,wt_sds_105,0.9,0.75,0.25,0,1,465059
DDE,wt_sds_105,0.9,0.75,0.25,0,2,465059
DDE,wt_sds_105,0.9,0.75,0.25,0,3,465059
DDE,wt_sds_105,0.9,0.75,0.25,0,4,464889
DDE,wt_sds_105,0.9,0.75,0.25,0,5,464889
DDE,wt_sds_105,0.9,0.75,0.25,0,6,464889
DDE,wt_sds_105,0.9,0.75,0.25,0,7,464889
DDE,wt_sds_105,0.9,0.75,0.25,0,8,464889
DDE,wt_sds_105,0.9,0.75,0.25,0,9,464889
DDE,wt_sds_105,0.9,0.75,0.25,0,10,464889
DDE,wt_sds_105,0.9,0.75,0.25,1,0,465059
DDE,wt_sds_105,0.9,0.75,0.25,1,1,465059
DDE,wt_sds_105,0.9,0.75,0.25,1,2,465059
DDE,wt_sds_105,0.9,0.75,0.25,1,3,465059
DDE,wt_sds_105,0.9,0.75,0.25,1,4,465059
DDE,wt_sds_105,0.9,0.75,0.25,1,5,464969
DDE,wt_sds_105,0.9,0.75,0.25,1,6,464969
DDE,wt_sds_105,0.9,0.75,0.25,1,7,464969
DDE,wt_sds_105,0.9,0.75,0.25,1,8,464969
DDE,wt_sds_105,0.9,0.75,0.25,1,9,464969
DDE,wt_sds_105,0.9,0.75,0.25,1,10,464969
DDE,wt_sds_105,0.9,0.75,0.25,2,0,465059
DDE,wt_sds_105,0.9,0.75,0.25,2,1,465059
DDE,wt_sds_105,0.9,0.75,0.25,2,2,465059
DDE,wt_sds_105,0.9,0.75,0.25,2,3,465059
DDE,wt_sds_105,0.9,0.75,0.25,2,4,464755
DDE,wt_sds_105,0.9,0.75,0.25,2,5,464755
DDE,wt_sds_105,0.9,0.75,0.25,2,6,464755
DDE,wt_sds_105,0.9,0.75,0.25,2,7,464755
DDE,wt_sds_105,0.9,0.75,0.25,2,8,464755
DDE,wt_sds_105,0.9,0.75,0.25,2,9,464755
DDE,wt_sds_105,0.9,0.75,0.25,2,10,464755
DDE,wt_sds_105,0.9,0.75,0.25,3,0,465059
DDE,wt_sds_105,0.9,0.75,0.25,3,1,465059
DDE,wt_sds_105,0.9,0.75,0.25,3,2,465059
DDE,wt_sds_105,0.9,0.75,0.25,3,3,465059
DDE,wt_sds_105,0.9,0.75,0.25,3,4,465059
DDE,wt_sds_105,0.9,0.75,0.25,3,5,464705
DDE,wt_sds_105,0.9,0.75,0.25,3,6,464705
DDE,wt_sds_105,0.9,0.75,0.25,3,7,464705
DDE,wt_sds_105,0.9,0.75,0.25,3,8,464705
DDE,wt_sds_105,0.9,0.75,0.25,3,9,464705
DDE,wt_sds_105,0.9,0.75,0.25,3,10,464705
DDE,wt_sds_105,0.9,0.75,0.25,4,0,465059
DDE,wt_sds_105,0.9,0.75,0.25,4,1,465059
DDE,wt_sds_105,0.9,0.75,0.25,4,2,465059
DDE,wt_sds_105,0.9,0.75,0.25,4,3,465059
DDE,wt_sds_105,0.9,0.75,0.25,4,4,464969
DDE,wt_sds_105,0.9,0.75,0.25,4,5,464969
DDE,wt_sds_105,0.9,0.75,0.25,4,6,464969
DDE,wt_sds_105,0.9,0.75,0.25,4,7,464969
DDE,wt_sds_105,0.9,0.75,0.25,4,8,464969
DDE,wt_sds_105,0.9,0.75,0.25,4,9,464969
DDE,wt_sds_105,0.9,0.75,0.25,4,10,464969
DDE,wt_sds_111,0.9,0.75,0.75,0,0,365649
DDE,wt_sds_111,0.9,0.75,0.75,0,1,365649
DDE,wt_sds_111,0.9,0.75,0.75,0,2,365649
DDE,wt_sds_111,0.9,0.75,0.75,0,3,365649
DDE,wt_sds_111,0.9,0.75,0.75,0,4,364490
DDE,wt_sds_111,0.9,0.75,0.75,0,5,364490
DDE,wt_sds_111,0.9,0.75,0.75,0,6,364490
DDE,wt_sds_111,0.9,0.75,0.75,0,7,364490
DDE,wt_sds_111,0.9,0.75,0.75,0,8,364490
DDE,wt_sds_111,0.9,0.75,0.75,0,9,364490
DDE,wt_sds_111,0.9,0.75,0.75,0,10,364490
DDE,wt_sds_111,0.9,0.75,0.75,1,0,365649
DDE,wt_sds_111,0.9,0.75,0.75,1,1,365649
DDE,wt_sds_111,0.9,0.75,0.75,1,2,365649
DDE,wt_sds_111,0.9,0.75,0.75,1,3,365649
DDE,wt_sds_111,0.9,0.75,0.75,1,4,364810
DDE,wt_sds_111,0.9,0.75,0.75,1,5,364810
DDE,wt_sds_111,0.9,0.75,0.75,1,6,364810
DDE,wt_sds_111,0.9,0.75,0.75,1,7,364810
DDE,wt_sds_111,0.9,0.75,0.75,1,8,364810
DDE,wt_sds_111,0.9,0.75,0.75,1,9,364810
DDE,wt_sds_111,0.9,0.75,0.75,1,10,364810
DDE,wt_sds_111,0.9,0.75,0.75,2,0,365649
DDE,wt_sds_111,0.9,0.75,0.75,2,1,365649
DDE,wt_sds_111,0.9,0.75,0.75,2,2,365649
DDE,wt_sds_111,0.9,0.75,0.75,2,3,365649
DDE,wt_sds_111,0.9,0.75,0.75,2,4,365649
DDE,wt_sds_111,0.9,0.75,0.75,2,5,365225
DDE,wt_sds_111,0.9,0.75,0.75,2,6,365225
DDE,wt_sds_111,0.9,0.75,0.75,2,7,365225
DDE,wt_sds_111,0.9,0.75,0.75,2,8,365225
DDE,wt_sds_111,0.9,0.75,0.75,2,9,365225
DDE,wt_sds_111,0.9,0.75,0.75,2,10,365225
DDE,wt_sds_111,0.9,0.75,0.75,3,0,365649
DDE,wt_sds_111,0.9,0.75,0.75,3,1,365649
DDE,wt_sds_111,0.9,0.75,0.75,3,2,365649
DDE,wt_sds_111,0.9,0.75,0.75,3,3,365649
DDE,wt_sds_111,0.9,0.75,0.75,3,4,365649
DDE,wt_sds_111,0.9,0.75,0.75,3,5,365225
DDE,wt_sds_111,0.9,0.75,0.75,3,6,365225
DDE,wt_sds_111,0.9,0.75,0.75,3,7,365225
DDE,wt_sds_111,0.9,0.75,0.75,3,8,365225
DDE,wt_sds_111,0.9,0.75,0.75,3,9,365225
DDE,wt_sds_111,0.9,0.75,0.75,3,10,365225
DDE,wt_sds_111,0.9,0.75,0.75,4,0,365649
DDE,wt_sds_111,0.9,0.75,0.75,4,1,365649
DDE,wt_sds_111,0.9,0.75,0.75,4,2,365649
DDE,wt_sds_111,0.9,0.75,0.75,4,3,364803
DDE,wt_sds_111,0.9,0.75,0.75,4,4,364803
DDE,wt_sds_111,0.9,0.75,0.75,4,5,364803
DDE,wt_sds_111,0.9,0.75,0.75,4,6,364803
DDE,wt_sds_111,0.9,0.75,0.75,4,7,364803
DDE,wt_sds_111,0.9,0.75,0.75,4,8,364803
DDE,wt_sds_111,0.9,0.75,0.75,4,9,364803
DDE,wt_sds_111,0.9,0.75,0.75,4,10,364803
DDE,wt_sds_112,0.9,0.75,0.75,0,0,402909
DDE,wt_sds_112,0.9,0.75,0.75,0,1,402909
DDE,wt_sds_112,0.9,0.75,0.75,0,2,402909
DDE,wt_sds_112,0.9,0.75,0.75,0,3,402909
DDE,wt_sds_112,0.9,0.75,0.75,0,4,402909
DDE,wt_sds_112,0.9,0.75,0.75,0,5,402403
DDE,wt_sds_112,0.9,0.75,0.75,0,6,402403
DDE,wt_sds_112,0.9,0.75,0.75,0,7,402403
DDE,wt_sds_112,0.9,0.75,0.75,0,8,402403
DDE,wt_sds_112,0.9,0.75,0.75,0,9,402403
DDE,wt_sds_112,0.9,0.75,0.75,0,10,402403
DDE,wt_sds_112,0.9,0.75,0.75,1,0,402909
DDE,wt_sds_112,0.9,0.75,0.75,1,1,402909
DDE,wt_sds_112,0.9,0.75,0.75,1,2,402909
DDE,wt_sds_112,0.9,0.75,0.75,1,3,402909
DDE,wt_sds_112,0.9,0.75,0.75,1,4,402909
DDE,wt_sds_112,0.9,0.75,0.75,1,5,402909
DDE,wt_sds_112,0.9,0.75,0.75,1,6,402909
DDE,wt_sds_112,0.9,0.75,0.75,1,7,401898
DDE,wt_sds_112,0.9,0.75,0.75,1,8,401898
DDE,wt_sds_112,0.9,0.75,0.75,1,9,401898
DDE,wt_sds_112,0.9,0.75,0.75,1,10,401898
DDE,wt_sds_112,0.9,0.75,0.75,2,0,402909
DDE,wt_sds_112,0.9,0.75,0.75,2,1,402909
DDE,wt_sds_112,0.9,0.75,0.75,2,2,402909
DDE,wt_sds_112,0.9,0.75,0.75,2,3,402909
DDE,wt_sds_112,0.9,0.75,0.75,2,4,402403
DDE,wt_sds_112,0.9,0.75,0.75,2,5,402403
DDE,wt_sds_112,0.9,0.75,0.75,2,6,402403
DDE,wt_sds_112,0.9,0.75,0.75,2,7,402403
DDE,wt_sds_112,0.9,0.75,0.75,2,8,402403
DDE,wt_sds_112,0.9,0.75,0.75,2,9,402403
DDE,wt_sds_112,0.9,0.75,0.75,2,10,402403
DDE,wt_sds_112,0.9,0.75,0.75,3,0,402909
DDE,wt_sds_112,0.9,0.75,0.75,3,1,402909
DDE,wt_sds_112,0.9,0.75,0.75,3,2,402909
DDE,wt_sds_112,0.9,0.75,0.75,3,3,402909
DDE,wt_sds_112,0.9,0.75,0.75,3,4,397838
DDE,wt_sds_112,0.9,0.75,0.75,3,5,397429
DDE,wt_sds_112,0.9,0.75,0.75,3,6,397429
DDE,wt_sds_112,0.9,0.75,0.75,3,7,397429
DDE,wt_sds_112,0.9,0.75,0.75,3,8,397429
DDE,wt_sds_112,0.9,0.75,0.75,3,9,397429
DDE,wt_sds_112,0.9,0.75,0.75,3,10,397429
DDE,wt_sds_112,0.9,0.75,0.75,4,0,402909
DDE,wt_sds_112,0.9,0.75,0.75,4,1,402909
DDE,wt_sds_112,0.9,0.75,0.75,4,2,402909
DDE,wt_sds_112,0.9,0.75,0.75,4,3,402909
DDE,wt_sds_112,0.9,0.75,0.75,4,4,402403
DDE,wt_sds_112,0.9,0.75,0.75,4,5,402403
DDE,wt_sds_112,0.9,0.75,0.75,4,6,402403
DDE,wt_sds_112,0.9,0.75,0.75,4,7,402403
DDE,wt_sds_112,0.9,0.75,0.75,4,8,402403
DDE,wt_sds_112,0.9,0.75,0.75,4,9,402403
DDE,wt_sds_112,0.9,0.75,0.75,4,10,402403
DDE,wt_sds_113,0.9,0.75,0.75,0,0,269459
DDE,wt_sds_113,0.9,0.75,0.75,0,1,269459
DDE,wt_sds_113,0.9,0.75,0.75,0,2,269459
DDE,wt_sds_113,0.9,0.75,0.75,0,3,269459
DDE,wt_sds_113,0.9,0.75,0.75,0,4,267752
DDE,wt_sds_113,0.9,0.75,0.75,0,5,267117
DDE,wt_sds_113,0.9,0.75,0.75,0,6,267117
DDE,wt_sds_113,0.9,0.75,0.75,0,7,267117
DDE,wt_sds_113,0.9,0.75,0.75,0,8,267117
DDE,wt_sds_113,0.9,0.75,0.75,0,9,267117
DDE,wt_sds_113,0.9,0.75,0.75,0,10,267117
DDE,wt_sds_113,0.9,0.75,0.75,1,0,269459
DDE,wt_sds_113,0.9,0.75,0.75,1,1,269459
DDE,wt_sds_113,0.9,0.75,0.75,1,2,269459
DDE,wt_sds_113,0.9,0.75,0.75,1,3,267486
DDE,wt_sds_113,0.9,0.75,0.75,1,4,267486
DDE,wt_sds_113,0.9,0.75,0.75,1,5,267486
DDE,wt_sds_113,0.9,0.75,0.75,1,6,267486
DDE,wt_sds_113,0.9,0.75,0.75,1,7,267486
DDE,wt_sds_113,0.9,0.75,0.75,1,8,267486
DDE,wt_sds_113,0.9,0.75,0.75,1,9,267486
DDE,wt_sds_113,0.9,0.75,0.75,1,10,267486
DDE,wt_sds_113,0.9,0.75,0.75,2,0,269459
DDE,wt_sds_113,0.9,0.75,0.75,2,1,269459
DDE,wt_sds_113,0.9,0.75,0.75,2,2,269459
DDE,wt_sds_113,0.9,0.75,0.75,2,3,269459
DDE,wt_sds_113,0.9,0.75,0.75,2,4,267154
DDE,wt_sds_113,0.9,0.75,0.75,2,5,267154
DDE,wt_sds_113,0.9,0.75,0.75,2,6,267154
DDE,wt_sds_113,0.9,0.75,0.75,2,7,267154
DDE,wt_sds_113,0.9,0.75,0.75,2,8,267154
DDE,wt_sds_113,0.9,0.75,0.75,2,9,267154
DDE,wt_sds_113,0.9,0.75,0.75,2,10,267154
DDE,wt_sds_113,0.9,0.75,0.75,3,0,269459
DDE,wt_sds_113,0.9,0.75,0.75,3,1,269459
DDE,wt_sds_113,0.9,0.75,0.75,3,2,269459
DDE,wt_sds_113,0.9,0.75,0.75,3,3,269459
DDE,wt_sds_113,0.9,0.75,0.75,3,4,268595
DDE,wt_sds_113,0.9,0.75,0.75,3,5,266733
DDE,wt_sds_113,0.9,0.75,0.75,3,6,266733
DDE,wt_sds_113,0.9,0.75,0.75,3,7,266733
DDE,wt_sds_113,0.9,0.75,0.75,3,8,266733
DDE,wt_sds_113,0.9,0.75,0.75,3,9,266733
DDE,wt_sds_113,0.9,0.75,0.75,3,10,266733
DDE,wt_sds_113,0.9,0.75,0.75,4,0,269459
DDE,wt_sds_113,0.9,0.75,0.75,4,1,269459
DDE,wt_sds_113,0.9,0.75,0.75,4,2,269459
DDE,wt_sds_113,0.9,0.75,0.75,4,3,269459
DDE,wt_sds_113,0.9,0.75,0.75,4,4,268215
DDE,wt_sds_113,0.9,0.75,0.75,4,5,266773
DDE,wt_sds_113,0.9,0.75,0.75,4,6,266773
DDE,wt_sds_113,0.9,0.75,0.75,4,7,266773
DDE,wt_sds_113,0.9,0.75,0.75,4,8,266773
DDE,wt_sds_113,0.9,0.75,0.75,4,9,266773
DDE,wt_sds_113,0.9,0.75,0.75,4,10,266773
DDE,wt_sds_114,0.9,0.75,0.75,0,0,494861
DDE,wt_sds_114,0.9,0.75,0.75,0,1,494861
DDE,wt_sds_114,0.9,0.75,0.75,0,2,494861
DDE,wt_sds_114,0.9,0.75,0.75,0,3,494861
DDE,wt_sds_114,0.9,0.75,0.75,0,4,494861
DDE,wt_sds_114,0.9,0.75,0.75,0,5,494861
DDE,wt_sds_114,0.9,0.75,0.75,0,6,494861
DDE,wt_sds_114,0.9,0.75,0.75,0,7,494861
DDE,wt_sds_114,0.9,0.75,0.75,0,8,494861
DDE,wt_sds_114,0.9,0.75,0.75,0,9,494861
DDE,wt_sds_114,0.9,0.75,0.75,0,10,494861
DDE,wt_sds_114,0.9,0.75,0.75,1,0,494861
DDE,wt_sds_114,0.9,0.75,0.75,1,1,494861
DDE,wt_sds_114,0.9,0.75,0.75,1,2,494861
DDE,wt_sds_114,0.9,0.75,0.75,1,3,494861
DDE,wt_sds_114,0.9,0.75,0.75,1,4,494861
DDE,wt_sds_114,0.9,0.75,0.75,1,5,494861
DDE,wt_sds_114,0.9,0.75,0.75,1,6,494861
DDE,wt_sds_114,0.9,0.75,0.75,1,7,494861
DDE,wt_sds_114,0.9,0.75,0.75,1,8,494861
DDE,wt_sds_114,0.9,0.75,0.75,1,9,494861
DDE,wt_sds_114,0.9,0.75,0.75,1,10,494861
DDE,wt_sds_114,0.9,0.75,0.75,2,0,494861
DDE,wt_sds_114,0.9,0.75,0.75,2,1,494861
DDE,wt_sds_114,0.9,0.75,0.75,2,2,494861
DDE,wt_sds_114,0.9,0.75,0.75,2,3,494861
DDE,wt_sds_114,0.9,0.75,0.75,2,4,494861
DDE,wt_sds_114,0.9,0.75,0.75,2,5,494861
DDE,wt_sds_114,0.9,0.75,0.75,2,6,494861
DDE,wt_sds_114,0.9,0.75,0.75,2,7,494861
DDE,wt_sds_114,0.9,0.75,0.75,2,8,494861
DDE,wt_sds_114,0.9,0.75,0.75,2,9,494861
DDE,wt_sds_114,0.9,0.75,0.75,2,10,494861
DDE,wt_sds_114,0.9,0.75,0.75,3,0,494861
DDE,wt_sds_114,0.9,0.75,0.75,3,1,494861
DDE,wt_sds_114,0.9,0.75,0.75,3,2,494861
DDE,wt_sds_114,0.9,0.75,0.75,3,3,494861
DDE,wt_sds_114,0.9,0.75,0.75,3,4,493796
DDE,wt_sds_114,0.9,0.75,0.75,3,5,493768
DDE,wt_sds_114,0.9,0.75,0.75,3,6,493768
DDE,wt_sds_114,0.9,0.75,0.75,3,7,493768
DDE,wt_sds_114,0.9,0.75,0.75,3,8,493768
DDE,wt_sds_114,0.9,0.75,0.75,3,9,493768
DDE,wt_sds_114,0.9,0.75,0.75,3,10,493768
DDE,wt_sds_114,0.9,0.75,0.75,4,0,494861
DDE,wt_sds_114,0.9,0.75,0.75,4,1,494861
DDE,wt_sds_114,0.9,0.75,0.75,4,2,494861
DDE,wt_sds_114,0.9,0.75,0.75,4,3,494861
DDE,wt_sds_114,0.9,0.75,0.75,4,4,494861
DDE,wt_sds_114,0.9,0.75,0.75,4,5,494861
DDE,wt_sds_114,0.9,0.75,0.75,4,6,494861
DDE,wt_sds_114,0.9,0.75,0.75,4,7,494861
DDE,wt_sds_114,0.9,0.75,0.75,4,8,494861
DDE,wt_sds_114,0.9,0.75,0.75,4,9,494861
DDE,wt_sds_114,0.9,0.75,0.75,4,10,494861
DDE,wt_sds_115,0.9,0.75,0.75,0,0,493200
DDE,wt_sds_115,0.9,0.75,0.75,0,1,493200
DDE,wt_sds_115,0.9,0.75,0.75,0,2,493200
DDE,wt_sds_115,0.9,0.75,0.75,0,3,493200
DDE,wt_sds_115,0.9,0.75,0.75,0,4,493200
DDE,wt_sds_115,0.9,0.75,0.75,0,5,493200
DDE,wt_sds_115,0.9,0.75,0.75,0,6,493189
DDE,wt_sds_115,0.9,0.75,0.75,0,7,493189
DDE,wt_sds_115,0.9,0.75,0.75,0,8,493189
DDE,wt_sds_115,0.9,0.75,0.75,0,9,493189
DDE,wt_sds_115,0.9,0.75,0.75,0,10,493189
DDE,wt_sds_115,0.9,0.75,0.75,1,0,493200
DDE,wt_sds_115,0.9,0.75,0.75,1,1,493200
DDE,wt_sds_115,0.9,0.75,0.75,1,2,493200
DDE,wt_sds_115,0.9,0.75,0.75,1,3,493200
DDE,wt_sds_115,0.9,0.75,0.75,1,4,493200
DDE,wt_sds_115,0.9,0.75,0.75,1,5,493189
DDE,wt_sds_115,0.9,0.75,0.75,1,6,493189
DDE,wt_sds_115,0.9,0.75,0.75,1,7,493189
DDE,wt_sds_115,0.9,0.75,0.75,1,8,493189
DDE,wt_sds_115,0.9,0.75,0.75,1,9,493189
DDE,wt_sds_115,0.9,0.75,0.75,1,10,493189
DDE,wt_sds_115,0.9,0.75,0.75,2,0,493200
DDE,wt_sds_115,0.9,0.75,0.75,2,1,493200
DDE,wt_sds_115,0.9,0.75,0.75,2,2,493200
DDE,wt_sds_115,0.9,0.75,0.75,2,3,493200
DDE,wt_sds_115,0.9,0.75,0.75,2,4,493200
DDE,wt_sds_115,0.9,0.75,0.75,2,5,493189
DDE,wt_sds_115,0.9,0.75,0.75,2,6,493189
DDE,wt_sds_115,0.9,0.75,0.75,2,7,493189
DDE,wt_sds_115,0.9,0.75,0.75,2,8,493189
DDE,wt_sds_115,0.9,0.75,0.75,2,9,493189
DDE,wt_sds_115,0.9,0.75,0.75,2,10,493189
DDE,wt_sds_115,0.9,0.75,0.75,3,0,493200
DDE,wt_sds_115,0.9,0.75,0.75,3,1,493200
DDE,wt_sds_115,0.9,0.75,0.75,3,2,493200
DDE,wt_sds_115,0.9,0.75,0.75,3,3,493200
DDE,wt_sds_115,0.9,0.75,0.75,3,4,493200
DDE,wt_sds_115,0.9,0.75,0.75,3,5,493059
DDE,wt_sds_115,0.9,0.75,0.75,3,6,493059
DDE,wt_sds_115,0.9,0.75,0.75,3,7,493059
DDE,wt_sds_115,0.9,0.75,0.75,3,8,493059
DDE,wt_sds_115,0.9,0.75,0.75,3,9,493059
DDE,wt_sds_115,0.9,0.75,0.75,3,10,493059
DDE,wt_sds_115,0.9,0.75,0.75,4,0,493200
DDE,wt_sds_115,0.9,0.75,0.75,4,1,493200
DDE,wt_sds_115,0.9,0.75,0.75,4,2,493200
DDE,wt_sds_115,0.9,0.75,0.75,4,3,493200
DDE,wt_sds_115,0.9,0.75,0.75,4,4,493189
DDE,wt_sds_115,0.9,0.75,0.75,4,5,493189
DDE,wt_sds_115,0.9,0.75,0.75,4,6,493189
DDE,wt_sds_115,0.9,0.75,0.75,4,7,493189
DDE,wt_sds_115,0.9,0.75,0.75,4,8,493189
DDE,wt_sds_115,0.9,0.75,0.75,4,9,493189
DDE,wt_sds_115,0.9,0.75,0.75,4,10,493189
DPSO,wt_sds_1,0.3,0.25,0.25,0,0,2442
DPSO,wt_sds_1,0.3,0.25,0.25,0,1,2077
DPSO,wt_sds_1,0.3,0.25,0.25,0,2,1966
DPSO,wt_sds_1,0.3,0.25,0.25,0,3,1784
DPSO,wt_sds_1,0.3,0.25,0.25,0,4,1760
DPSO,wt_sds_1,0.3,0.25,0.25,0,5,1727
DPSO,wt_sds_1,0.3,0.25,0.25,0,6,1727
DPSO,wt_sds_1,0.3,0.25,0.25,0,7,1727
DPSO,wt_sds_1,0.3,0.25,0.25,0,8,1727
DPSO,wt_sds_1,0.3,0.25,0.25,0,9,1727
DPSO,wt_sds_1,0.3,0.25,0.25,0,10,1727
DPSO,wt_sds_1,0.3,0.25,0.25,1,0,2442
DPSO,wt_sds_1,0.3,0.25,0.25,1,1,2076
DPSO,wt_sds_1,0.3,0.25,0.25,1,2,1846
DPSO,wt_sds_1,0.3,0.25,0.25,1,3,1846
DPSO,wt_sds_1,0.3,0.25,0.25,1,4,1806
DPSO,wt_sds_1,0.3,0.25,0.25,1,5,1766
DPSO,wt_sds_1,0.3,0.25,0.25,1,6,1742
DPSO,wt_sds_1,0.3,0.25,0.25,1,7,1598
DPSO,wt_sds_1,0.3,0.25,0.25,1,8,1598
DPSO,wt_sds_1,0.3,0.25,0.25,1,9,1598
DPSO,wt_sds_1,0.3,0.25,0.25,1,10,1598
DPSO,wt_sds_1,0.3,0.25,0.25,2,0,2442
DPSO,wt_sds_1,0.3,0.25,0.25,2,1,2144
DPSO,wt_sds_1,0.3,0.25,0.25,2,2,2044
DPSO,wt_sds_1,0.3,0.25,0.25,2,3,1756
DPSO,wt_sds_1,0.3,0.25,0.25,2,4,1708
DPSO,wt_sds_1,0.3,0.25,0.25,2,5,1708
DPSO,wt_sds_1,0.3,0.25,0.25,2,6,1708
DPSO,wt_sds_1,0.3,0.25,0.25,2,7,1708
DPSO,wt_sds_1,0.3,0.25,0.25,2,8,1708
DPSO,wt_sds_1,0.3,0.25,0.25,2,9,1684
DPSO,wt_sds_1,0.3,0.25,0.25,2,10,1684
DPSO,wt_sds_1,0.3,0.25,0.25,3,0,2442
DPSO,wt_sds_1,0.3,0.25,0.25,3,1,2370
DPSO,wt_sds_1,0.3,0.25,0.25,3,2,1878
DPSO,wt_sds_1,0.3,0.25,0.25,3,3,1878
DPSO,wt_sds_1,0.3,0.25,0.25,3,4,1758
DPSO,wt_sds_1,0.3,0.25,0.25,3,5,1758
DPSO,wt_sds_1,0.3,0.25,0.25,3,6,1758
DPSO,wt_sds_1,0.3,0.25,0.25,3,7,1758
DPSO,wt_sds_1,0.3,0.25,0.25,3,8,1758
DPSO,wt_sds_1,0.3,0.25,0.25,3,9,1522
DPSO,wt_sds_1,0.3,0.25,0.25,3,10,1522
DPSO,wt_sds_1,0.3,0.25,0.25,4,0,2442
DPSO,wt_sds_1,0.3,0.25,0.25,4,1,1862
DPSO,wt_sds_1,0.3,0.25,0.25,4,2,1798
DPSO,wt_sds_1,0.3,0.25,0.25,4,3,1798
DPSO,wt_sds_1,0.3,0.25,0.25,4,4,1758
DPSO,wt_sds_1,0.3,0.25,0.25,4,5,1758
DPSO,wt_sds_1,0.3,0.25,0.25,4,6,1758
DPSO,wt_sds_1,0.3,0.25,0.25,4,7,1758
DPSO,wt_sds_1,0.3,0.25,0.25,4,8,1758
DPSO,wt_sds_1,0.3,0.25,0.25,4,9,1758
DPSO,wt_sds_1,0.3,0.25,0.25,4,10,1758
DPSO,wt_sds_2,0.3,0.25,0.25,0,0,13089
DPSO,wt_sds_2,0.3,0.25,0.25,0,1,9246
DPSO,wt_sds_2,0.3,0.25,0.25,0,2,7951
DPSO,wt_sds_2,0.3,0.25,0.25,0,3,7850
DPSO,wt_sds_2,0.3,0.25,0.25,0,4,7850
DPSO,wt_sds_2,0.3,0.25,0.25,0,5,7850
DPSO,wt_sds_2,0.3,0.25,0.25,0,6,7850
DPSO,wt_sds_2,0.3,0.25,0.25,0,7,7850
DPSO,wt_sds_2,0.3,0.25,0.25,0,8,7850
DPSO,wt_sds_2,0.3,0.25,0.25,0,9,7850
DPSO,wt_sds_2,0.3,0.25,0.25,0,10,7850
DPSO,wt_sds_2,0.3,0.25,0.25,1,0,13089
DPSO,wt_sds_2,0.3,0.25,0.25,1,1,10570
DPSO,wt_sds_2,0.3,0.25,0.25,1,2,9117
DPSO,wt_sds_2,0.3,0.25,0.25,1,3,9093
DPSO,wt_sds_2,0.3,0.25,0.25,1,4,9093
DPSO,wt_sds_2,0.3,0.25,0.25,1,5,9093
DPSO,wt_sds_2,0.3,0.25,0.25,1,6,9093
DPSO,wt_sds_2,0.3,0.25,0.25,1,7,8997
DPSO,wt_sds_2,0.3,0.25,0.25,1,8,8997
DPSO,wt_sds_2,0.3,0.25,0.25,1,9,8997
DPSO,wt_sds_2,0.3,0.25,0.25,1,10,8661
DPSO,wt_sds_2,0.3,0.25,0.25,2,0,13089
DPSO,wt_sds_2,0.3,0.25,0.25,2,1,9940
DPSO,wt_sds_2,0.3,0.25,0.25,2,2,9598
DPSO,wt_sds_2,0.3,0.25,0.25,2,3,9598
DPSO,wt_sds_2,0.3,0.25,0.25,2,4,9487
DPSO,wt_sds_2,0.3,0.25,0.25,2,5,9487
DPSO,wt_sds_2,0.3,0.25,0.25,2,6,9487
DPSO,wt_sds_2,0.3,0.25,0.25,2,7,9227
DPSO,wt_sds_2,0.3,0.25,0.25,2,8,8936
DPSO,wt_sds_2,0.3,0.25,0.25,2,9,8936
DPSO,wt_sds_2,0.3,0.25,0.25,2,10,8936
DPSO,wt_sds_2,0.3,0.25,0.25,3,0,13089
DPSO,wt_sds_2,0.3,0.25,0.25,3,1,9669
DPSO,wt_sds_2,0.3,0.25,0.25,3,2,9415
DPSO,wt_sds_2,0.3,0.25,0.25,3,3,9151
DPSO,wt_sds_2,0.3,0.25,0.25,3,4,8805
DPSO,wt_sds_2,0.3,0.25,0.25,3,5,8742
DPSO,wt_sds_2,0.3,0.25,0.25,3,6,8405
DPSO,wt_sds_2,0.3,0.25,0.25,3,7,8307
DPSO,wt_sds_2,0.3,0.25,0.25,3,8,8307
DPSO,wt_sds_2,0.3,0.25,0.25,3,9,8293
DPSO,wt_sds_2,0.3,0.25,0.25,3,10,8293
DPSO,wt_sds_2,0.3,0.25,0.25,4,0,13089
DPSO,wt_sds_2,0.3,0.25,0.25,4,1,10055
DPSO,wt_sds_2,0.3,0.25,0.25,4,2,8158
DPSO,wt_sds_2,0.3,0.25,0.25,4,3,7913
DPSO,wt_sds_2,0.3,0.25,0.25,4,4,7913
DPSO,wt_sds_2,0.3,0.25,0.25,4,5,7891
DPSO,wt_sds_2,0.3,0.25,0.25,4,6,7891
DPSO,wt_sds_2,0.3,0.25,0.25,4,7,7891
DPSO,wt_sds_2,0.3,0.25,0.25,4,8,7891
DPSO,wt_sds_2,0.3,0.25,0.25,4,9,7891
DPSO,wt_sds_2,0.3,0.25,0.25,4,10,7891
DPSO,wt_sds_3,0.3,0.25,0.25,0,0,5053
DPSO,wt_sds_3,0.3,0.25,0.25,0,1,3863
DPSO,wt_sds_3,0.3,0.25,0.25,0,2,3392
DPSO,wt_sds_3,0.3,0.25,0.25,0,3,3329
DPSO,wt_sds_3,0.3,0.25,0.25,0,4,3228
DPSO,wt_sds_3,0.3,0.25,0.25,0,5,3228
DPSO,wt_sds_3,0.3,0.25,0.25,0,6,3228
DPSO,wt_sds_3,0.3,0.25,0.25,0,7,3228
DPSO,wt_sds_3,0.3,0.25,0.25,0,8,3228
DPSO,wt_sds_3,0.3,0.25,0.25,0,9,3228
DPSO,wt_sds_3,0.3,0.25,0.25,0,10,3228
DPSO,wt_sds_3,0.3,0.25,0.25,1,0,5053
DPSO,wt_sds_3,0.3,0.25,0.25,1,1,4058
DPSO,wt_sds_3,0.3,0.25,0.25,1,2,4058
DPSO,wt_sds_3,0.3,0.25,0.25,1,3,4044
DPSO,wt_sds_3,0.3,0.25,0.25,1,4,3849
DPSO,wt_sds_3,0.3,0.25,0.25,1,5,3849
DPSO,wt_sds_3,0.3,0.25,0.25,1,6,3849
DPSO,wt_sds_3,0.3,0.25,0.25,1,7,3849
DPSO,wt_sds_3,0.3,0.25,0.25,1,8,3849
DPSO,wt_sds_3,0.3,0.25,0.25,1,9,3849
DPSO,wt_sds_3,0.3,0.25,0.25,1,10,3849
DPSO,wt_sds_3,0.3,0.25,0.25,2,0,5053
DPSO,wt_sds_3,0.3,0.25,0.25,2,1,3700
DPSO,wt_sds_3,0.3,0.25,0.25,2,2,3700
DPSO,wt_sds_3,0.3,0.25,0.25,2,3,3700
DPSO,wt_sds_3,0.3,0.25,0.25,2,4,3644
DPSO,wt_sds_3,0.3,0.25,0.25,2,5,3644
DPSO,wt_sds_3,0.3,0.25,0.25,2,6,3644
DPSO,wt_sds_3,0.3,0.25,0.25,2,7,3644
DPSO,wt_sds_3,0.3,0.25,0.25,2,8,3644
DPSO,wt_sds_3,0.3,0.25,0.25,2,9,3644
DPSO,wt_sds_3,0.3,0.25,0.25,2,10,3644
DPSO,wt_sds_3,0.3,0.25,0.25,3,0,5053
DPSO,wt_sds_3,0.3,0.25,0.25,3,1,3560
DPSO,wt_sds_3,0.3,0.25,0.25,3,2,3518
DPSO,wt_sds_3,0.3,0.25,0.25,3,3,3518
DPSO,wt_sds_3,0.3,0.25,0.25,3,4,3518
DPSO,wt_sds_3,0.3,0.25,0.25,3,5,3504
DPSO,wt_sds_3,0.3,0.25,0.25,3,6,3480
DPSO,wt_sds_3,0.3,0.25,0.25,3,7,3472
DPSO,wt_sds_3,0.3,0.25,0.25,3,8,3472
DPSO,wt_sds_3,0.3,0.25,0.25,3,9,3472
DPSO,wt_sds_3,0.3,0.25,0.25,3,10,3472
DPSO,wt_sds_3,0.3,0.25,0.25,4,0,5053
DPSO,wt_sds_3,0.3,0.25,0.25,4,1,4313
DPSO,wt_sds_3,0.3,0.25,0.25,4,2,3834
DPSO,wt_sds_3,0.3,0.25,0.25,4,3,3834
DPSO,wt_sds_3,0.3,0.25,0.25,4,4,3834
DPSO,wt_sds_3,0.3,0.25,0.25,4,5,3834
DPSO,wt_sds_3,0.3,0.25,0.25,4,6,3618
DPSO,wt_sds_3,0.3,0.25,0.25,4,7,3283
DPSO,wt_sds_3,0.3,0.25,0.25,4,8,3283
DPSO,wt_sds_3,0.3,0.25,0.25,4,9,3184
DPSO,wt_sds_3,0.3,0.25,0.25,4,10,3184
DPSO,wt_sds_4,0.3,0.25,0.25,0,0,16155
DPSO,wt_sds_4,0.3,0.25,0.25,0,1,11596
DPSO,wt_sds_4,0.3,0.25,0.25,0,2,10907
DPSO,wt_sds_4,0.3,0.25,0.25,0,3,10907
DPSO,wt_sds_4,0.3,0.25,0.25,0,4,10506
DPSO,wt_sds_4,0.3,0.25,0.25,0,5,10506
DPSO,wt_sds_4,0.3,0.25,0.25,0,6,10506
DPSO,wt_sds_4,0.3,0.25,0.25,0,7,10506
DPSO,wt_sds_4,0.3,0.25,0.25,0,8,10506
DPSO,wt_sds_4,0.3,0.25,0.25,0,9,10506
DPSO,wt_sds_4,0.3,0.25,0.25,0,10,10506
DPSO,wt_sds_4,0.3,0.25,0.25,1,0,16155
DPSO,wt_sds_4,0.3,0.25,0.25,1,1,12392
DPSO,wt_sds_4,0.3,0.25,0.25,1,2,10415
DPSO,wt_sds_4,0.3,0.25,0.25,1,3,10415
DPSO,wt_sds_4,0.3,0.25,0.25,1,4,10415
DPSO,wt_sds_4,0.3,0.25,0.25,1,5,10415
DPSO,wt_sds_4,0.3,0.25,0.25,1,6,10415
DPSO,wt_sds_4,0.3,0.25,0.25,1,7,10415
DPSO,wt_sds_4,0.3,0.25,0.25,1,8,10415
DPSO,wt_sds_4,0.3,0.25,0.25,1,9,10415
DPSO,wt_sds_4,0.3,0.25,0.25,1,10,10415
DPSO,wt_sds_4,0.3,0.25,0.25,2,0,16155
DPSO,wt_sds_4,0.3,0.25,0.25,2,1,11328
DPSO,wt_sds_4,0.3,0.25,0.25,2,2,11155
DPSO,wt_sds_4,0.3,0.25,0.25,2,3,10304
DPSO,wt_sds_4,0.3,0.25,0.25,2,4,10304
DPSO,wt_sds_4,0.3,0.25,0.25,2,5,10304
DPSO,wt_sds_4,0.3,0.25,0.25,2,6,10304
DPSO,wt_sds_4,0.3,0.25,0.25,2,7,10304
DPSO,wt_sds_4,0.3,0.25,0.25,2,8,10304
DPSO,wt_sds_4,0.3,0.25,0.25,2,9,10304
DPSO,wt_sds_4,0.3,0.25,0.25,2,10,10304
DPSO,wt_sds_4,0.3,0.25,0.25,3,0,16155
DPSO,wt_sds_4,0.3,0.25,0.25,3,1,12536
DPSO,wt_sds_4,0.3,0.25,0.25,3,2,12110
DPSO,wt_sds_4,0.3,0.25,0.25,3,3,12110
DPSO,wt_sds_4,0.3,0.25,0.25,3,4,11806
DPSO,wt_sds_4,0.3,0.25,0.25,3,5,10934
DPSO,wt_sds_4,0.3,0.25,0.25,3,6,10454
DPSO,wt_sds_4,0.3,0.25,0.25,3,7,10454
DPSO,wt_sds_4,0.3,0.25,0.25,3,8,10454
DPSO,wt_sds_4,0.3,0.25,0.25,3,9,10454
DPSO,wt_sds_4,0.3,0.25,0.25,3,10,10454
DPSO,wt_sds_4,0.3,0.25,0.25,4,0,16155
DPSO,wt_sds_4,0.3,0.25,0.25,4,1,11560
DPSO,wt_sds_4,0.3,0.25,0.25,4,2,10529
DPSO,wt_sds_4,0.3,0.25,0.25,4,3,9965
DPSO,wt_sds_4,0.3,0.25,0.25,4,4,9679
DPSO,wt_sds_4,0.3,0.25,0.25,4,5,9679
DPSO,wt_sds_4,0.3,0.25,0.25,4,6,9679
DPSO,wt_sds_4,0.3,0.25,0.25,4,7,9679
DPSO,wt_sds_4,0.3,0.25,0.25,4,8,9679
DPSO,wt_sds_4,0.3,0.25,0.25,4,9,9679
DPSO,wt_sds_4,0.3,0.25,0.25,4,10,9679
DPSO,wt_sds_5,0.3,0.25,0.25,0,0,10127
DPSO,wt_sds_5,0.3,0.25,0.25,0,1,7791
DPSO,wt_sds_5,0.3,0.25,0.25,0,2,7657
DPSO,wt_sds_5,0.3,0.25,0.25,0,3,7604
DPSO,wt_sds_5,0.3,0.25,0.25,0,4,7604
DPSO,wt_sds_5,0.3,0.25,0.25,0,5,7604
DPSO,wt_sds_5,0.3,0.25,0.25,0,6,7604
DPSO,wt_sds_5,0.3,0.25,0.25,0,7,7604
DPSO,wt_sds_5,0.3,0.25,0.25,0,8,7604
DPSO,wt_sds_5,0.3,0.25,0.25,0,9,7604
DPSO,wt_sds_5,0.3,0.25,0.25,0,10,7604
DPSO,wt_sds_5,0.3,0.25,0.25,1,0,10127
DPSO,wt_sds_5,0.3,0.25,0.25,1,1,8362
DPSO,wt_sds_5,0.3,0.25,0.25,1,2,8324
DPSO,wt_sds_5,0.3,0.25,0.25,1,3,8120
DPSO,wt_sds_5,0.3,0.25,0.25,1,4,8120
DPSO,wt_sds_5,0.3,0.25,0.25,1,5,8120
DPSO,wt_sds_5,0.3,0.25,0.25,1,6,7940
DPSO,wt_sds_5,0.3,0.25,0.25,1,7,7672
DPSO,wt_sds_5,0.3,0.25,0.25,1,8,7672
DPSO,wt_sds_5,0.3,0.25,0.25,1,9,7672
DPSO,wt_sds_5,0.3,0.25,0.25,1,10,7672
DPSO,wt_sds_5,0.3,0.25,0.25,2,0,10127
DPSO,wt_sds_5,0.3,0.25,0.25,2,1,7893
DPSO,wt_sds_5,0.3,0.25,0.25,2,2,7527
DPSO,wt_sds_5,0.3,0.25,0.25,2,3,7527
DPSO,wt_sds_5,0.3,0.25,0.25,2,4,7527
DPSO,wt_sds_5,0.3,0.25,0.25,2,5,7527
DPSO,wt_sds_5,0.3,0.25,0.25,2,6,7527
DPSO,wt_sds_5,0.3,0.25,0.25,2,7,7413
DPSO,wt_sds_5,0.3,0.25,0.25,2,8,7413
DPSO,wt_sds_5,0.3,0.25,0.25,2,9,7413
DPSO,wt_sds_5,0.3,0.25,0.25,2,10,7413
DPSO,wt_sds_5,0.3,0.25,0.25,3,0,10127
DPSO,wt_sds_5,0.3,0.25,0.25,3,1,7794
DPSO,wt_sds_5,0.3,0.25,0.25,3,2,7305
DPSO,wt_sds_5,0.3,0.25,0.25,3,3,7216
DPSO,wt_sds_5,0.3,0.25,0.25,3,4,7216
DPSO,wt_sds_5,0.3,0.25,0.25,3,5,7216
DPSO,wt_sds_5,0.3,0.25,0.25,3,6,7216
DPSO,wt_sds_5,0.3,0.25,0.25,3,7,7216
DPSO,wt_sds_5,0.3,0.25,0.25,3,8,7216
DPSO,wt_sds_5,0.3,0.25,0.25,3,9,7216
DPSO,wt_sds_5,0.3,0.25,0.25,3,10,7216
DPSO,wt_sds_5,0.3,0.25,0.25,4,0,10127
DPSO,wt_sds_5,0.3,0.25,0.25,4,1,7784
DPSO,wt_sds_5,0.3,0.25,0.25,4,2,7784
DPSO,wt_sds_5,0.3,0.25,0.25,4,3,7763
DPSO,wt_sds_5,0.3,0.25,0.25,4,4,7763
DPSO,wt_sds_5,0.3,0.25,0.25,4,5,7424
DPSO,wt_sds_5,0.3,0.25,0.25,4,6,7424
DPSO,wt_sds_5,0.3,0.25,0.25,4,7,7241
DPSO,wt_sds_5,0.3,0.25,0.25,4,8,7241
DPSO,wt_sds_5,0.3,0.25,0.25,4,9,7241
DPSO,wt_sds_5,0.3,0.25,0.25,4,10,7241
DPSO,wt_sds_11,0.3,0.25,0.75,0,0,16772
DPSO,wt_sds_11,0.3,0.25,0.75,0,1,10769
DPSO,wt_sds_11,0.3,0.25,0.75,0,2,10363
DPSO,wt_sds_11,0.3,0.25,0.75,0,3,9891
DPSO,wt_sds_11,0.3,0.25,0.75,0,4,9891
DPSO,wt_sds_11,0.3,0.25,0.75,0,5,9891
DPSO,wt_sds_11,0.3,0.25,0.75,0,6,9564
DPSO,wt_sds_11,0.3,0.25,0.75,0,7,9564
DPSO,wt_sds_11,0.3,0.25,0.75,0,8,9564
DPSO,wt_sds_11,0.3,0.25,0.75,0,9,9564
DPSO,wt_sds_11,0.3,0.25,0.75,0,10,9564
DPSO,wt_sds_11,0.3,0.25,0.75,1,0,16772
DPSO,wt_sds_11,0.3,0.25,0.75,1,1,12953
DPSO,wt_sds_11,0.3,0.25,0.75,1,2,12895
DPSO,wt_sds_11,0.3,0.25,0.75,1,3,10248
DPSO,wt_sds_11,0.3,0.25,0.75,1,4,10248
DPSO,wt_sds_11,0.3,0.25,0.75,1,5,10248
DPSO,wt_sds_11,0.3,0.25,0.75,1,6,10248
DPSO,wt_sds_11,0.3,0.25,0.75,1,7,10248
DPSO,wt_sds_11,0.3,0.25,0.75,1,8,10072
DPSO,wt_sds_11,0.3,0.25,0.75,1,9,10072
DPSO,wt_sds_11,0.3,0.25,0.75,1,10,10072
DPSO,wt_sds_11,0.3,0.25,0.75,2,0,16772
DPSO,wt_sds_11,0.3,0.25,0.75,2,1,13178
DPSO,wt_sds_11,0.3,0.25,0.75,2,2,12496
DPSO,wt_sds_11,0.3,0.25,0.75,2,3,12496
DPSO,wt_sds_11,0.3,0.25,0.75,2,4,11928
DPSO,wt_sds_11,0.3,0.25,0.75,2,5,11424
DPSO,wt_sds_11,0.3,0.25,0.75,2,6,11424
DPSO,wt_sds_11,0.3,0.25,0.75,2,7,11424
DPSO,wt_sds_11,0.3,0.25,0.75,2,8,11424
DPSO,wt_sds_11,0.3,0.25,0.75,2,9,11424
DPSO,wt_sds_11,0.3,0.25,0.75,2,10,11424
DPSO,wt_sds_11,0.3,0.25,0.75,3,0,16772
DPSO,wt_sds_11,0.3,0.25,0.75,3,1,10072
DPSO,wt_sds_11,0.3,0.25,0.75,3,2,10072
DPSO,wt_sds_11,0.3,0.25,0.75,3,3,10072
DPSO,wt_sds_11,0.3,0.25,0.75,3,4,10072
DPSO,wt_sds_11,0.3,0.25,0.75,3,5,10072
DPSO,wt_sds_11,0.3,0.25,0.75,3,6,10072
DPSO,wt_sds_11,0.3,0.25,0.75,3,7,10072
DPSO,wt_sds_11,0.3,0.25,0.75,3,8,10072
DPSO,wt_sds_11,0.3,0.25,0.75,3,9,10072
DPSO,wt_sds_11,0.3,0.25,0.75,3,10,10072
DPSO,wt_sds_11,0.3,0.25,0.75,4,0,16772
DPSO,wt_sds_11,0.3,0.25,0.75,4,1,13642
DPSO,wt_sds_11,0.3,0.25,0.75,4,2,10720
DPSO,wt_sds_11,0.3,0.25,0.75,4,3,10720
DPSO,wt_sds_11,0.3,0.25,0.75,4,4,10720
DPSO,wt_sds_11,0.3,0.25,0.75,4,5,10720
DPSO,wt_sds_11,0.3,0.25,0.75,4,6,10720
DPSO,wt_sds_11,0.3,0.25,0.75,4,7,10720
DPSO,wt_sds_11,0.3,0.25,0.75,4,8,10720
DPSO,wt_sds_11,0.3,0.25,0.75,4,9,10720
DPSO,wt_sds_11,0.3,0.25,0.75,4,10,10720
DPSO,wt_sds_12,0.3,0.25,0.75,0,0,751
DPSO,wt_sds_12,0.3,0.25,0.75,0,1,74
DPSO,wt_sds_12,0.3,0.25,0.75,0,2,52
DPSO,wt_sds_12,0.3,0.25,0.75,0,3,52
DPSO,wt_sds_12,0.3,0.25,0.75,0,4,52
DPSO,wt_sds_12,0.3,0.25,0.75,0,5,52
DPSO,wt_sds_12,0.3,0.25,0.75,0,6,52
DPSO,wt_sds_12,0.3,0.25,0.75,0,7,52
DPSO,wt_sds_12,0.3,0.25,0.75,0,8,52
DPSO,wt_sds_12,0.3,0.25,0.75,0,9,52
DPSO,wt_sds_12,0.3,0.25,0.75,0,10,52
DPSO,wt_sds_12,0.3,0.25,0.75,1,0,751
DPSO,wt_sds_12,0.3,0.25,0.75,1,1,118
DPSO,wt_sds_12,0.3,0.25,0.75,1,2,118
DPSO,wt_sds_12,0.3,0.25,0.75,1,3,118
DPSO,wt_sds_12,0.3,0.25,0.75,1,4,118
DPSO,wt_sds_12,0.3,0.25,0.75,1,5,118
DPSO,wt_sds_12,0.3,0.25,0.75,1,6,118
DPSO,wt_sds_12,0.3,0.25,0.75,1,7,118
DPSO,wt_sds_12,0.3,0.25,0.75,1,8,118
DPSO,wt_sds_12,0.3,0.25,0.75,1,9,118
DPSO,wt_sds_12,0.3,0.25,0.75,1,10,118
DPSO,wt_sds_12,0.3,0.25,0.75,2,0,751
DPSO,wt_sds_12,0.3,0.25,0.75,2,1,107
DPSO,wt_sds_12,0.3,0.25,0.75,2,2,107
DPSO,wt_sds_12,0.3,0.25,0.75,2,3,107
DPSO,wt_sds_12,0.3,0.25,0.75,2,4,107
DPSO,wt_sds_12,0.3,0.25,0.75,2,5,107
DPSO,wt_sds_12,0.3,0.25,0.75,2,6,0
DPSO,wt_sds_12,0.3,0.25,0.75,2,7,0
DPSO,wt_sds_12,0.3,0.25,0.75,2,8,0
DPSO,wt_sds_12,0.3,0.25,0.75,2,9,0
DPSO,wt_sds_12,0.3,0.25,0.75,2,10,0
DPSO,wt_sds_12,0.3,0.25,0.75,3,0,751
DPSO,wt_sds_12,0.3,0.25,0.75,3,1,15
DPSO,wt_sds_12,0.3,0.25,0.75,3,2,15
DPSO,wt_sds_12,0.3,0.25,0.75,3,3,15
DPSO,wt_sds_12,0.3,0.25,0.75,3,4,15
DPSO,wt_sds_12,0.3,0.25,0.75,3,5,15
DPSO,wt_sds_12,0.3,0.25,0.75,3,6,15
DPSO,wt_sds_12,0.3,0.25,0.75,3,7,15
DPSO,wt_sds_12,0.3,0.25,0.75,3,8,15
DPSO,wt_sds_12,0.3,0.25,0.75,3,9,15
DPSO,wt_sds_12,0.3,0.25,0.75,3,10,15
DPSO,wt_sds_12,0.3,0.25,0.75,4,0,751
DPSO,wt_sds_12,0.3,0.25,0.75,4,1,24
DPSO,wt_sds_12,0.3,0.25,0.75,4,2,24
DPSO,wt_sds_12,0.3,0.25,0.75,4,3,24
DPSO,wt_sds_12,0.3,0.25,0.75,4,4,6
DPSO,wt_sds_12,0.3,0.25,0.75,4,5,0
DPSO,wt_sds_12,0.3,0.25,0.75,4,6,0
DPSO,wt_sds_12,0.3,0.25,0.75,4,7,0
DPSO,wt_sds_12,0.3,0.25,0.75,4,8,0
DPSO,wt_sds_12,0.3,0.25,0.75,4,9,0
DPSO,wt_sds_12,0.3,0.25,0.75,4,10,0
DPSO,wt_sds_13,0.3,0.25,0.75,0,0,11556
DPSO,wt_sds_13,0.3,0.25,0.75,0,1,11556
DPSO,wt_sds_13,0.3,0.25,0.75,0,2,10998
DPSO,wt_sds_13,0.3,0.25,0.75,0,3,10998
DPSO,wt_sds_13,0.3,0.25,0.75,0,4,10998
DPSO,wt_sds_13,0.3,0.25,0.75,0,5,10998
DPSO,wt_sds_13,0.3,0.25,0.75,0,6,10998
DPSO,wt_sds_13,0.3,0.25,0.75,0,7,10998
DPSO,wt_sds_13,0.3,0.25,0.75,0,8,10895
DPSO,wt_sds_13,0.3,0.25,0.75,0,9,10895
DPSO,wt_sds_13,0.3,0.25,0.75,0,10,10895
DPSO,wt_sds_13,0.3,0.25,0.75,1,0,11556
DPSO,wt_sds_13,0.3,0.25,0.75,1,1,10895
DPSO,wt_sds_13,0.3,0.25,0.75,1,2,10895
DPSO,wt_sds_13,0.3,0.25,0.75,1,3,10895
DPSO,wt_sds_13,0.3,0.25,0.75,1,4,10895
DPSO,wt_sds_13,0.3,0.25,0.75,1,5,10895
DPSO,wt_sds_13,0.3,0.25,0.75,1,6,10895
DPSO,wt_sds_13,0.3,0.25,0.75,1,7,10895
DPSO,wt_sds_13,0.3,0.25,0.75,1,8,10895
DPSO,wt_sds_13,0.3,0.25,0.75,1,9,10895
DPSO,wt_sds_13,0.3,0.25,0.75,1,10,10895
DPSO,wt_sds_13,0.3,0.25,0.75,2,0,11556
DPSO,wt_sds_13,0.3,0.25,0.75,2,1,11048
DPSO,wt_sds_13,0.3,0.25,0.75,2,2,11048
DPSO,wt_sds_13,0.3,0.25,0.75,2,3,11048
DPSO,wt_sds_13,0.3,0.25,0.75,2,4,11048
DPSO,wt_sds_13,0.3,0.25,0.75,2,5,10895
DPSO,wt_sds_13,0.3,0.25,0.75,2,6,10895
DPSO,wt_sds_13,0.3,0.25,0.75,2,7,10895
DPSO,wt_sds_13,0.3,0.25,0.75,2,8,10895
DPSO,wt_sds_13,0.3,0.25,0.75,2,9,10895
DPSO,wt_sds_13,0.3,0.25,0.75,2,10,10895
DPSO,wt_sds_13,0.3,0.25,0.75,3,0,11556
DPSO,wt_sds_13,0.3,0.25,0.75,3,1,11556
DPSO,wt_sds_13,0.3,0.25,0.75,3,2,11504
DPSO,wt_sds_13,0.3,0.25,0.75,3,3,11504
DPSO,wt_sds_13,0.3,0.25,0.75,3,4,10998
DPSO,wt_sds_13,0.3,0.25,0.75,3,5,10998
DPSO,wt_sds_13,0.3,0.25,0.75,3,6,10998
DPSO,wt_sds_13,0.3,0.25,0.75,3,7,10998
DPSO,wt_sds_13,0.3,0.25,0.75,3,8,10998
DPSO,wt_sds_13,0.3,0.25,0.75,3,9,10998
DPSO,wt_sds_13,0.3,0.25,0.75,3,10,10998
DPSO,wt_sds_13,0.3,0.25,0.75,4,0,11556
DPSO,wt_sds_13,0.3,0.25,0.75,4,1,11504
DPSO,wt_sds_13,0.3,0.25,0.75,4,2,11504
DPSO,wt_sds_13,0.3,0.25,0.75,4,3,11504
DPSO,wt_sds_13,0.3,0.25,0.75,4,4,10998
DPSO,wt_sds_13,0.3,0.25,0.75,4,5,10998
DPSO,wt_sds_13,0.3,0.25,0.75,4,6,10998
DPSO,wt_sds_13,0.3,0.25,0.75,4,7,10998
DPSO,wt_sds_13,0.3,0.25,0.75,4,8,10998
DPSO,wt_sds_13,0.3,0.25,0.75,4,9,10998
DPSO,wt_sds_13,0.3,0.25,0.75,4,10,10998
DPSO,wt_sds_14,0.3,0.25,0.75,0,0,15307
DPSO,wt_sds_14,0.3,0.25,0.75,0,1,12343
DPSO,wt_sds_14,0.3,0.25,0.75,0,2,11564
DPSO,wt_sds_14,0.3,0.25,0.75,0,3,11564
DPSO,wt_sds_14,0.3,0.25,0.75,0,4,10929
DPSO,wt_sds_14,0.3,0.25,0.75,0,5,10929
DPSO,wt_sds_14,0.3,0.25,0.75,0,6,9098
DPSO,wt_sds_14,0.3,0.25,0.75,0,7,9098
DPSO,wt_sds_14,0.3,0.25,0.75,0,8,9098
DPSO,wt_sds_14,0.3,0.25,0.75,0,9,9098
DPSO,wt_sds_14,0.3,0.25,0.75,0,10,9098
DPSO,wt_sds_14,0.3,0.25,0.75,1,0,15307
DPSO,wt_sds_14,0.3,0.25,0.75,1,1,9782
DPSO,wt_sds_14,0.3,0.25,0.75,1,2,9389
DPSO,wt_sds_14,0.3,0.25,0.75,1,3,8019
DPSO,wt_sds_14,0.3,0.25,0.75,1,4,8019
DPSO,wt_sds_14,0.3,0.25,0.75,1,5,8019
DPSO,wt_sds_14,0.3,0.25,0.75,1,6,8019
DPSO,wt_sds_14,0.3,0.25,0.75,1,7,8011
DPSO,wt_sds_14,0.3,0.25,0.75,1,8,8011
DPSO,wt_sds_14,0.3,0.25,0.75,1,9,8011
DPSO,wt_sds_14,0.3,0.25,0.75,1,10,8011
DPSO,wt_sds_14,0.3,0.25,0.75,2,0,15307
DPSO,wt_sds_14,0.3,0.25,0.75,2,1,11979
DPSO,wt_sds_14,0.3,0.25,0.75,2,2,11391
DPSO,wt_sds_14,0.3,0.25,0.75,2,3,11391
DPSO,wt_sds_14,0.3,0.25,0.75,2,4,10464
DPSO,wt_sds_14,0.3,0.25,0.75,2,5,9800
DPSO,wt_sds_14,0.3,0.25,0.75,2,6,8815
DPSO,wt_sds_14,0.3,0.25,0.75,2,7,8815
DPSO,wt_sds_14,0.3,0.25,0.75,2,8,8815
DPSO,wt_sds_14,0.3,0.25,0.75,2,9,8815
DPSO,wt_sds_14,0.3,0.25,0.75,2,10,8815
DPSO,wt_sds_14,0.3,0.25,0.75,3,0,15307
DPSO,wt_sds_14,0.3,0.25,0.75,3,1,11063
DPSO,wt_sds_14,0.3,0.25,0.75,3,2,10796
DPSO,wt_sds_14,0.3,0.25,0.75,3,3,10203
DPSO,wt_sds_14,0.3,0.25,0.75,3,4,8720
DPSO,wt_sds_14,0.3,0.25,0.75,3,5,8720
DPSO,wt_sds_14,0.3,0.25,0.75,3,6,8720
DPSO,wt_sds_14,0.3,0.25,0.75,3,7,8475
DPSO,wt_sds_14,0.3,0.25,0.75,3,8,6152
DPSO,wt_sds_14,0.3,0.25,0.75,3,9,6152
DPSO,wt_sds_14,0.3,0.25,0.75,3,10,6152
DPSO,wt_sds_14,0.3,0.25,0.75,4,0,15307
DPSO,wt_sds_14,0.3,0.25,0.75,4,1,11460
DPSO,wt_sds_14,0.3,0.25,0.75,4,2,11013
DPSO,wt_sds_14,0.3,0.25,0.75,4,3,11013
DPSO,wt_sds_14,0.3,0.25,0.75,4,4,10479
DPSO,wt_sds_14,0.3,0.25,0.75,4,5,9157
DPSO,wt_sds_14,0.3,0.25,0.75,4,6,9157
DPSO,wt_sds_14,0.3,0.25,0.75,4,7,9157
DPSO,wt_sds_14,0.3,0.25,0.75,4,8,8011
DPSO,wt_sds_14,0.3,0.25,0.75,4,9,8011
DPSO,wt_sds_14,0.3,0.25,0.75,4,10,8011
DPSO,wt_sds_15,0.3,0.25,0.75,0,0,7572
DPSO,wt_sds_15,0.3,0.25,0.75,0,1,7572
DPSO,wt_sds_15,0.3,0.25,0.75,0,2,6733
DPSO,wt_sds_15,0.3,0.25,0.75,0,3,6733
DPSO,wt_sds_15,0.3,0.25,0.75,0,4,6733
DPSO,wt_sds_15,0.3,0.25,0.75,0,5,6733
DPSO,wt_sds_15,0.3,0.25,0.75,0,6,5967
DPSO,wt_sds_15,0.3,0.25,0.75,0,7,5967
DPSO,wt_sds_15,0.3,0.25,0.75,0,8,5742
DPSO,wt_sds_15,0.3,0.25,0.75,0,9,5742
DPSO,wt_sds_15,0.3,0.25,0.75,0,10,5742
DPSO,wt_sds_15,0.3,0.25,0.75,1,0,7572
DPSO,wt_sds_15,0.3,0.25,0.75,1,1,6829
DPSO,wt_sds_15,0.3,0.25,0.75,1,2,6733
DPSO,wt_sds_15,0.3,0.25,0.75,1,3,5967
DPSO,wt_sds_15,0.3,0.25,0.75,1,4,5967
DPSO,wt_sds_15,0.3,0.25,0.75,1,5,5967
DPSO,wt_sds_15,0.3,0.25,0.75,1,6,5967
DPSO,wt_sds_15,0.3,0.25,0.75,1,7,5967
DPSO,wt_sds_15,0.3,0.25,0.75,1,8,5967
DPSO,wt_sds_15,0.3,0.25,0.75,1,9,5742
DPSO,wt_sds_15,0.3,0.25,0.75,1,10,5742
DPSO,wt_sds_15,0.3,0.25,0.75,2,0,7572
DPSO,wt_sds_15,0.3,0.25,0.75,2,1,7476
DPSO,wt_sds_15,0.3,0.25,0.75,2,2,6333
DPSO,wt_sds_15,0.3,0.25,0.75,2,3,5742
DPSO,wt_sds_15,0.3,0.25,0.75,2,4,5742
DPSO,wt_sds_15,0.3,0.25,0.75,2,5,5742
DPSO,wt_sds_15,0.3,0.25,0.75,2,6,5742
DPSO,wt_sds_15,0.3,0.25,0.75,2,7,5569
DPSO,wt_sds_15,0.3,0.25,0.75,2,8,5569
DPSO,wt_sds_15,0.3,0.25,0.75,2,9,5569
DPSO,wt_sds_15,0.3,0.25,0.75,2,10,5569
DPSO,wt_sds_15,0.3,0.25,0.75,3,0,7572
DPSO,wt_sds_15,0.3,0.25,0.75,3,1,7259
DPSO,wt_sds_15,0.3,0.25,0.75,3,2,7259
DPSO,wt_sds_15,0.3,0.25,0.75,3,3,7259
DPSO,wt_sds_15,0.3,0.25,0.75,3,4,6448
DPSO,wt_sds_15,0.3,0.25,0.75,3,5,6448
DPSO,wt_sds_15,0.3,0.25,0.75,3,6,6448
DPSO,wt_sds_15,0.3,0.25,0.75,3,7,6448
DPSO,wt_sds_15,0.3,0.25,0.75,3,8,6448
DPSO,wt_sds_15,0.3,0.25,0.75,3,9,6448
DPSO,wt_sds_15,0.3,0.25,0.75,3,10,6448
DPSO,wt_sds_15,0.3,0.25,0.75,4,0,7572
DPSO,wt_sds_15,0.3,0.25,0.75,4,1,6829
DPSO,wt_sds_15,0.3,0.25,0.75,4,2,6829
DPSO,wt_sds_15,0.3,0.25,0.75,4,3,6829
DPSO,wt_sds_15,0.3,0.25,0.75,4,4,6829
DPSO,wt_sds_15,0.3,0.25,0.75,4,5,6829
DPSO,wt_sds_15,0.3,0.25,0.75,4,6,6829
DPSO,wt_sds_15,0.3,0.25,0.75,4,7,6829
DPSO,wt_sds_15,0.3,0.25,0.75,4,8,6829
DPSO,wt_sds_15,0.3,0.25,0.75,4,9,6829
DPSO,wt_sds_15,0.3,0.25,0.75,4,10,6057
DPSO,wt_sds_21,0.3,0.75,0.25,0,0,3736
DPSO,wt_sds_21,0.3,0.75,0.25,0,1,146
DPSO,wt_sds_21,0.3,0.75,0.25,0,2,144
DPSO,wt_sds_21,0.3,0.75,0.25,0,3,134
DPSO,wt_sds_21,0.3,0.75,0.25,0,4,134
DPSO,wt_sds_21,0.3,0.75,0.25,0,5,134
DPSO,wt_sds_21,0.3,0.75,0.25,0,6,134
DPSO,wt_sds_21,0.3,0.75,0.25,0,7,134
DPSO,wt_sds_21,0.3,0.75,0.25,0,8,134
DPSO,wt_sds_21,0.3,0.75,0.25,0,9,134
DPSO,wt_sds_21,0.3,0.75,0.25,0,10,134
DPSO,wt_sds_21,0.3,0.75,0.25,1,0,3736
DPSO,wt_sds_21,0.3,0.75,0.25,1,1,80
DPSO,wt_sds_21,0.3,0.75,0.25,1,2,14
DPSO,wt_sds_21,0.3,0.75,0.25,1,3,0
DPSO,wt_sds_21,0.3,0.75,0.25,1,4,0
DPSO,wt_sds_21,0.3,0.75,0.25,1,5,0
DPSO,wt_sds_21,0.3,0.75,0.25,1,6,0
DPSO,wt_sds_21,0.3,0.75,0.25,1,7,0
DPSO,wt_sds_21,0.3,0.75,0.25,1,8,0
DPSO,wt_sds_21,0.3,0.75,0.25,1,9,0
DPSO,wt_sds_21,0.3,0.75,0.25,1,10,0
DPSO,wt_sds_21,0.3,0.75,0.25,2,0,3736
DPSO,wt_sds_21,0.3,0.75,0.25,2,1,729
DPSO,wt_sds_21,0.3,0.75,0.25,2,2,349
DPSO,wt_sds_21,0.3,0.75,0.25,2,3,180
DPSO,wt_sds_21,0.3,0.75,0.25,2,4,40
DPSO,wt_sds_21,0.3,0.75,0.25,2,5,34
DPSO,wt_sds_21,0.3,0.75,0.25,2,6,24
DPSO,wt_sds_21,0.3,0.75,0.25,2,7,24
DPSO,wt_sds_21,0.3,0.75,0.25,2,8,24
DPSO,wt_sds_21,0.3,0.75,0.25,2,9,24
DPSO,wt_sds_21,0.3,0.75,0.25,2,10,24
DPSO,wt_sds_21,0.3,0.75,0.25,3,0,3736
DPSO,wt_sds_21,0.3,0.75,0.25,3,1,195
DPSO,wt_sds_21,0.3,0.75,0.25,3,2,132
DPSO,wt_sds_21,0.3,0.75,0.25,3,3,86
DPSO,wt_sds_21,0.3,0.75,0.25,3,4,86
DPSO,wt_sds_21,0.3,0.75,0.25,3,5,86
DPSO,wt_sds_21,0.3,0.75,0.25,3,6,86
DPSO,wt_sds_21,0.3,0.75,0.25,3,7,86
DPSO,wt_sds_21,0.3,0.75,0.25,3,8,86
DPSO,wt_sds_21,0.3,0.75,0.25,3,9,86
DPSO,wt_sds_21,0.3,0.75,0.25,3,10,86
DPSO,wt_sds_21,0.3,0.75,0.25,4,0,3736
DPSO,wt_sds_21,0.3,0.75,0.25,4,1,455
DPSO,wt_sds_21,0.3,0.75,0.25,4,2,133
DPSO,wt_sds_21,0.3,0.75,0.25,4,3,133
DPSO,wt_sds_21,0.3,0.75,0.25,4,4,133
DPSO,wt_sds_21,0.3,0.75,0.25,4,5,133
DPSO,wt_sds_21,0.3,0.75,0.25,4,6,53
DPSO,wt_sds_21,0.3,0.75,0.25,4,7,53
DPSO,wt_sds_21,0.3,0.75,0.25,4,8,53
DPSO,wt_sds_21,0.3,0.75,0.25,4,9,53
DPSO,wt_sds_21,0.3,0.75,0.25,4,10,53
DPSO,wt_sds_22,0.3,0.75,0.25,0,0,1325
DPSO,wt_sds_22,0.3,0.75,0.25,0,1,266
DPSO,wt_sds_22,0.3,0.75,0.25,0,2,178
DPSO,wt_sds_22,0.3,0.75,0.25,0,3,79
DPSO,wt_sds_22,0.3,0.75,0.25,0,4,79
DPSO,wt_sds_22,0.3,0.75,0.25,0,5,79
DPSO,wt_sds_22,0.3,0.75,0.25,0,6,79
DPSO,wt_sds_22,0.3,0.75,0.25,0,7,79
DPSO,wt_sds_22,0.3,0.75,0.25,0,8,79
DPSO,wt_sds_22,0.3,0.75,0.25,0,9,79
DPSO,wt_sds_22,0.3,0.75,0.25,0,10,79
DPSO,wt_sds_22,0.3,0.75,0.25,1,0,1325
DPSO,wt_sds_22,0.3,0.75,0.25,1,1,210
DPSO,wt_sds_22,0.3,0.75,0.25,1,2,168
DPSO,wt_sds_22,0.3,0.75,0.25,1,3,102
DPSO,wt_sds_22,0.3,0.75,0.25,1,4,99
DPSO,wt_sds_22,0.3,0.75,0.25,1,5,57
DPSO,wt_sds_22,0.3,0.75,0.25,1,6,57
DPSO,wt_sds_22,0.3,0.75,0.25,1,7,21
DPSO,wt_sds_22,0.3,0.75,0.25,1,8,21
DPSO,wt_sds_22,0.3,0.75,0.25,1,9,21
DPSO,wt_sds_22,0.3,0.75,0.25,1,10,0
DPSO,wt_sds_22,0.3,0.75,0.25,2,0,1325
DPSO,wt_sds_22,0.3,0.75,0.25,2,1,60
DPSO,wt_sds_22,0.3,0.75,0.25,2,2,3
DPSO,wt_sds_22,0.3,0.75,0.25,2,3,0
DPSO,wt_sds_22,0.3,0.75,0.25,2,4,0
DPSO,wt_sds_22,0.3,0.75,0.25,2,5,0
DPSO,wt_sds_22,0.3,0.75,0.25,2,6,0
DPSO,wt_sds_22,0.3,0.75,0.25,2,7,0
DPSO,wt_sds_22,0.3,0.75,0.25,2,8,0
DPSO,wt_sds_22,0.3,0.75,0.25,2,9,0
DPSO,wt_sds_22,0.3,0.75,0.25,2,10,0
DPSO,wt_sds_22,0.3,0.75,0.25,3,0,1325
DPSO,wt_sds_22,0.3,0.75,0.25,3,1,0
DPSO,wt_sds_22,0.3,0.75,0.25,3,2,0
DPSO,wt_sds_22,0.3,0.75,0.25,3,3,0
DPSO,wt_sds_22,0.3,0.75,0.25,3,4,0
DPSO,wt_sds_22,0.3,0.75,0.25,3,5,0
DPSO,wt_sds_22,0.3,0.75,0.25,3,6,0
DPSO,wt_sds_22,0.3,0.75,0.25,3,7,0
DPSO,wt_sds_22,0.3,0.75,0.25,3,8,0
DPSO,wt_sds_22,0.3,0.75,0.25,3,9,0
DPSO,wt_sds_22,0.3,0.75,0.25,3,10,0
DPSO,wt_sds_22,0.3,0.75,0.25,4,0,1325
DPSO,wt_sds_22,0.3,0.75,0.25,4,1,160
DPSO,wt_sds_22,0.3,0.75,0.25,4,2,105
DPSO,wt_sds_22,0.3,0.75,0.25,4,3,105
DPSO,wt_sds_22,0.3,0.75,0.25,4,4,95
DPSO,wt_sds_22,0.3,0.75,0.25,4,5,87
DPSO,wt_sds_22,0.3,0.75,0.25,4,6,84
DPSO,wt_sds_22,0.3,0.75,0.25,4,7,84
DPSO,wt_sds_22,0.3,0.75,0.25,4,8,82
DPSO,wt_sds_22,0.3,0.75,0.25,4,9,72
DPSO,wt_sds_22,0.3,0.75,0.25,4,10,0
DPSO,wt_sds_23,0.3,0.75,0.25,0,0,0
DPSO,wt_sds_23,0.3,0.75,0.25,0,1,0
DPSO,wt_sds_23,0.3,0.75,0.25,0,2,0
DPSO,wt_sds_23,0.3,0.75,0.25,0,3,0
DPSO,wt_sds_23,0.3,0.75,0.25,0,4,0
DPSO,wt_sds_23,0.3,0.75,0.25,0,5,0
DPSO,wt_sds_23,0.3,0.75,0.25,0,6,0
DPSO,wt_sds_23,0.3,0.75,0.25,0,7,0
DPSO,wt_sds_23,0.3,0.75,0.25,0,8,0
DPSO,wt_sds_23,0.3,0.75,0.25,0,9,0
DPSO,wt_sds_23,0.3,0.75,0.25,0,10,0
DPSO,wt_sds_23,0.3,0.75,0.25,1,0,0
DPSO,wt_sds_23,0.3,0.75,0.25,1,1,0
DPSO,wt_sds_23,0.3,0.75,0.25,1,2,0
DPSO,wt_sds_23,0.3,0.75,0.25,1,3,0
DPSO,wt_sds_23,0.3,0.75,0.25,1,4,0
DPSO,wt_sds_23,0.3,0.75,0.25,1,5,0
DPSO,wt_sds_23,0.3,0.75,0.25,1,6,0
DPSO,wt_sds_23,0.3,0.75,0.25,1,7,0
DPSO,wt_sds_23,0.3,0.75,0.25,1,8,0
DPSO,wt_sds_23,0.3,0.75,0.25,1,9,0
DPSO,wt_sds_23,0.3,0.75,0.25,1,10,0
DPSO,wt_sds_23,0.3,0.75,0.25,2,0,0
DPSO,wt_sds_23,0.3,0.75,0.25,2,1,0
DPSO,wt_sds_23,0.3,0.75,0.25,2,2,0
DPSO,wt_sds_23,0.3,0.75,0.25,2,3,0
DPSO,wt_sds_23,0.3,0.75,0.25,2,4,0
DPSO,wt_sds_23,0.3,0.75,0.25,2,5,0
DPSO,wt_sds_23,0.3,0.75,0.25,2,6,0
DPSO,wt_sds_23,0.3,0.75,0.25,2,7,0
DPSO,wt_sds_23,0.3,0.75,0.25,2,8,0
DPSO,wt_sds_23,0.3,0.75,0.25,2,9,0
DPSO,wt_sds_23,0.3,0.75,0.25,2,10,0
DPSO,wt_sds_23,0.3,0.75,0.25,3,0,0
DPSO,wt_sds_23,0.3,0.75,0.25,3,1,0
DPSO,wt_sds_23,0.3,0.75,0.25,3,2,0
DPSO,wt_sds_23,0.3,0.75,0.25,3,3,0
DPSO,wt_sds_23,0.3,0.75,0.25,3,4,0
DPSO,wt_sds_23,0.3,0.75,0.25,3,5,0
DPSO,wt_sds_23,0.3,0.75,0.25,3,6,0
DPSO,wt_sds_23,0.3,0.75,0.25,3,7,0
DPSO,wt_sds_23,0.3,0.75,0.25,3,8,0
DPSO,wt_sds_23,0.3,0.75,0.25,3,9,0
DPSO,wt_sds_23,0.3,0.75,0.25,3,10,0
DPSO,wt_sds_23,0.3,0.75,0.25,4,0,0
DPSO,wt_sds_23,0.3,0.75,0.25,4,1,0
DPSO,wt_sds_23,0.3,0.75,0.25,4,2,0
DPSO,wt_sds_23,0.3,0.75,0.25,4,3,0
DPSO,wt_sds_23,0.3,0.75,0.25,4,4,0
DPSO,wt_sds_23,0.3,0.75,0.25,4,5,0
DPSO,wt_sds_23,0.3,0.75,0.25,4,6,0
DPSO,wt_sds_23,0.3,0.75,0.25,4,7,0
DPSO,wt_sds_23,0.3,0.75,0.25,4,8,0
DPSO,wt_sds_23,0.3,0.75,0.25,4,9,0
DPSO,wt_sds_23,0.3,0.75,0.25,4,10,0
DPSO,wt_sds_24,0.3,0.75,0.25,0,0,4871
DPSO,wt_sds_24,0.3,0.75,0.25,0,1,3791
DPSO,wt_sds_24,0.3,0.75,0.25,0,2,3735
DPSO,wt_sds_24,0.3,0.75,0.25,0,3,3735
DPSO,wt_sds_24,0.3,0.75,0.25,0,4,3647
DPSO,wt_sds_24,0.3,0.75,0.25,0,5,3647
DPSO,wt_sds_24,0.3,0.75,0.25,0,6,3647
DPSO,wt_sds_24,0.3,0.75,0.25,0,7,3647
DPSO,wt_sds_24,0.3,0.75,0.25,0,8,3647
DPSO,wt_sds_24,0.3,0.75,0.25,0,9,3607
DPSO,wt_sds_24,0.3,0.75,0.25,0,10,3607
DPSO,wt_sds_24,0.3,0.75,0.25,1,0,4871
DPSO,wt_sds_24,0.3,0.75,0.25,1,1,3434
DPSO,wt_sds_24,0.3,0.75,0.25,1,2,3434
DPSO,wt_sds_24,0.3,0.75,0.25,1,3,3434
DPSO,wt_sds_24,0.3,0.75,0.25,1,4,3434
DPSO,wt_sds_24,0.3,0.75,0.25,1,5,3434
DPSO,wt_sds_24,0.3,0.75,0.25,1,6,3434
DPSO,wt_sds_24,0.3,0.75,0.25,1,7,3434
DPSO,wt_sds_24,0.3,0.75,0.25,1,8,3225
DPSO,wt_sds_24,0.3,0.75,0.25,1,9,3225
DPSO,wt_sds_24,0.3,0.75,0.25,1,10,3225
DPSO,wt_sds_24,0.3,0.75,0.25,2,0,4871
DPSO,wt_sds_24,0.3,0.75,0.25,2,1,3832
DPSO,wt_sds_24,0.3,0.75,0.25,2,2,3664
DPSO,wt_sds_24,0.3,0.75,0.25,2,3,3664
DPSO,wt_sds_24,0.3,0.75,0.25,2,4,3664
DPSO,wt_sds_24,0.3,0.75,0.25,2,5,3664
DPSO,wt_sds_24,0.3,0.75,0.25,2,6,3664
DPSO,wt_sds_24,0.3,0.75,0.25,2,7,3664
DPSO,wt_sds_24,0.3,0.75,0.25,2,8,3664
DPSO,wt_sds_24,0.3,0.75,0.25,2,9,3664
DPSO,wt_sds_24,0.3,0.75,0.25,2,10,3664
DPSO,wt_sds_24,0.3,0.75,0.25,3,0,4871
DPSO,wt_sds_24,0.3,0.75,0.25,3,1,4837
DPSO,wt_sds_24,0.3,0.75,0.25,3,2,3350
DPSO,wt_sds_24,0.3,0.75,0.25,3,3,3350
DPSO,wt_sds_24,0.3,0.75,0.25,3,4,2917
DPSO,wt_sds_24,0.3,0.75,0.25,3,5,2696
DPSO,wt_sds_24,0.3,0.75,0.25,3,6,2696
DPSO,wt_sds_24,0.3,0.75,0.25,3,7,2696
DPSO,wt_sds_24,0.3,0.75,0.25,3,8,2696
DPSO,wt_sds_24,0.3,0.75,0.25,3,9,2696
DPSO,wt_sds_24,0.3,0.75,0.25,3,10,2696
DPSO,wt_sds_24,0.3,0.75,0.25,4,0,4871
DPSO,wt_sds_24,0.3,0.75,0.25,4,1,3757
DPSO,wt_sds_24,0.3,0.75,0.25,4,2,3757
DPSO,wt_sds_24,0.3,0.75,0.25,4,3,3757
DPSO,wt_sds_24,0.3,0.75,0.25,4,4,3757
DPSO,wt_sds_24,0.3,0.75,0.25,4,5,3757
DPSO,wt_sds_24,0.3,0.75,0.25,4,6,3757
DPSO,wt_sds_24,0.3,0.75,0.25,4,7,3757
DPSO,wt_sds_24,0.3,0.75,0.25,4,8,3322
DPSO,wt_sds_24,0.3,0.75,0.25,4,9,2849
DPSO,wt_sds_24,0.3,0.75,0.25,4,10,2849
DPSO,wt_sds_25,0.3,0.75,0.25,0,0,2696
DPSO,wt_sds_25,0.3,0.75,0.25,0,1,1122
DPSO,wt_sds_25,0.3,0.75,0.25,0,2,762
DPSO,wt_sds_25,0.3,0.75,0.25,0,3,681
DPSO,wt_sds_25,0.3,0.75,0.25,0,4,661
DPSO,wt_sds_25,0.3,0.75,0.25,0,5,661
DPSO,wt_sds_25,0.3,0.75,0.25,0,6,661
DPSO,wt_sds_25,0.3,0.75,0.25,0,7,611
DPSO,wt_sds_25,0.3,0.75,0.25,0,8,566
DPSO,wt_sds_25,0.3,0.75,0.25,0,9,566
DPSO,wt_sds_25,0.3,0.75,0.25,0,10,566
DPSO,wt_sds_25,0.3,0.75,0.25,1,0,2696
DPSO,wt_sds_25,0.3,0.75,0.25,1,1,998
DPSO,wt_sds_25,0.3,0.75,0.25,1,2,998
DPSO,wt_sds_25,0.3,0.75,0.25,1,3,998
DPSO,wt_sds_25,0.3,0.75,0.25,1,4,998
DPSO,wt_sds_25,0.3,0.75,0.25,1,5,406
DPSO,wt_sds_25,0.3,0.75,0.25,1,6,406
DPSO,wt_sds_25,0.3,0.75,0.25,1,7,406
DPSO,wt_sds_25,0.3,0.75,0.25,1,8,406
DPSO,wt_sds_25,0.3,0.75,0.25,1,9,406
DPSO,wt_sds_25,0.3,0.75,0.25,1,10,406
DPSO,wt_sds_25,0.3,0.75,0.25,2,0,2696
DPSO,wt_sds_25,0.3,0.75,0.25,2,1,864
DPSO,wt_sds_25,0.3,0.75,0.25,2,2,676
DPSO,wt_sds_25,0.3,0.75,0.25,2,3,624
DPSO,wt_sds_25,0.3,0.75,0.25,2,4,520
DPSO,wt_sds_25,0.3,0.75,0.25,2,5,398
DPSO,wt_sds_25,0.3,0.75,0.25,2,6,398
DPSO,wt_sds_25,0.3,0.75,0.25,2,7,398
DPSO,wt_sds_25,0.3,0.75,0.25,2,8,398
DPSO,wt_sds_25,0.3,0.75,0.25,2,9,398
DPSO,wt_sds_25,0.3,0.75,0.25,2,10,398
DPSO,wt_sds_25,0.3,0.75,0.25,3,0,2696
DPSO,wt_sds_25,0.3,0.75,0.25,3,1,1670
DPSO,wt_sds_25,0.3,0.75,0.25,3,2,805
DPSO,wt_sds_25,0.3,0.75,0.25,3,3,724
DPSO,wt_sds_25,0.3,0.75,0.25,3,4,696
DPSO,wt_sds_25,0.3,0.75,0.25,3,5,696
DPSO,wt_sds_25,0.3,0.75,0.25,3,6,696
DPSO,wt_sds_25,0.3,0.75,0.25,3,7,634
DPSO,wt_sds_25,0.3,0.75,0.25,3,8,634
DPSO,wt_sds_25,0.3,0.75,0.25,3,9,634
DPSO,wt_sds_25,0.3,0.75,0.25,3,10,634
DPSO,wt_sds_25,0.3,0.75,0.25,4,0,2696
DPSO,wt_sds_25,0.3,0.75,0.25,4,1,1540
DPSO,wt_sds_25,0.3,0.75,0.25,4,2,837
DPSO,wt_sds_25,0.3,0.75,0.25,4,3,663
DPSO,wt_sds_25,0.3,0.75,0.25,4,4,531
DPSO,wt_sds_25,0.3,0.75,0.25,4,5,531
DPSO,wt_sds_25,0.3,0.75,0.25,4,6,531
DPSO,wt_sds_25,0.3,0.75,0.25,4,7,531
DPSO,wt_sds_25,0.3,0.75,0.25,4,8,531
DPSO,wt_sds_25,0.3,0.75,0.25,4,9,531
DPSO,wt_sds_25,0.3,0.75,0.25,4,10,531
DPSO,wt_sds_31,0.3,0.75,0.75,0,0,237
DPSO,wt_sds_31,0.3,0.75,0.75,0,1,0
DPSO,wt_sds_31,0.3,0.75,0.75,0,2,0
DPSO,wt_sds_31,0.3,0.75,0.75,0,3,0
DPSO,wt_sds_31,0.3,0.75,0.75,0,4,0
DPSO,wt_sds_31,0.3,0.75,0.75,0,5,0
DPSO,wt_sds_31,0.3,0.75,0.75,0,6,0
DPSO,wt_sds_31,0.3,0.75,0.75,0,7,0
DPSO,wt_sds_31,0.3,0.75,0.75,0,8,0
DPSO,wt_sds_31,0.3,0.75,0.75,0,9,0
DPSO,wt_sds_31,0.3,0.75,0.75,0,10,0
DPSO,wt_sds_31,0.3,0.75,0.75,1,0,237
DPSO,wt_sds_31,0.3,0.75,0.75,1,1,0
DPSO,wt_sds_31,0.3,0.75,0.75,1,2,0
DPSO,wt_sds_31,0.3,0.75,0.75,1,3,0
DPSO,wt_sds_31,0.3,0.75,0.75,1,4,0
DPSO,wt_sds_31,0.3,0.75,0.75,1,5,0
DPSO,wt_sds_31,0.3,0.75,0.75,1,6,0
DPSO,wt_sds_31,0.3,0.75,0.75,1,7,0
DPSO,wt_sds_31,0.3,0.75,0.75,1,8,0
DPSO,wt_sds_31,0.3,0.75,0.75,1,9,0
DPSO,wt_sds_31,0.3,0.75,0.75,1,10,0
DPSO,wt_sds_31,0.3,0.75,0.75,2,0,237
DPSO,wt_sds_31,0.3,0.75,0.75,2,1,0
DPSO,wt_sds_31,0.3,0.75,0.75,2,2,0
DPSO,wt_sds_31,0.3,0.75,0.75,2,3,0
DPSO,wt_sds_31,0.3,0.75,0.75,2,4,0
DPSO,wt_sds_31,0.3,0.75,0.75,2,5,0
DPSO,wt_sds_31,0.3,0.75,0.75,2,6,0
DPSO,wt_sds_31,0.3,0.75,0.75,2,7,0
DPSO,wt_sds_31,0.3,0.75,0.75,2,8,0
DPSO,wt_sds_31,0.3,0.75,0.75,2,9,0
DPSO,wt_sds_31,0.3,0.75,0.75,2,10,0
DPSO,wt_sds_31,0.3,0.75,0.75,3,0,237
DPSO,wt_sds_31,0.3,0.75,0.75,3,1,0
DPSO,wt_sds_31,0.3,0.75,0.75,3,2,0
DPSO,wt_sds_31,0.3,0.75,0.75,3,3,0
DPSO,wt_sds_31,0.3,0.75,0.75,3,4,0
DPSO,wt_sds_31,0.3,0.75,0.75,3,5,0
DPSO,wt_sds_31,0.3,0.75,0.75,3,6,0
DPSO,wt_sds_31,0.3,0.75,0.75,3,7,0
DPSO,wt_sds_31,0.3,0.75,0.75,3,8,0
DPSO,wt_sds_31,0.3,0.75,0.75,3,9,0
DPSO,wt_sds_31,0.3,0.75,0.75,3,10,0
DPSO,wt_sds_31,0.3,0.75,0.75,4,0,237
DPSO,wt_sds_31,0.3,0.75,0.75,4,1,0
DPSO,wt_sds_31,0.3,0.75,0.75,4,2,0
DPSO,wt_sds_31,0.3,0.75,0.75,4,3,0
DPSO,wt_sds_31,0.3,0.75,0.75,4,4,0
DPSO,wt_sds_31,0.3,0.75,0.75,4,5,0
DPSO,wt_sds_31,0.3,0.75,0.75,4,6,0
DPSO,wt_sds_31,0.3,0.75,0.75,4,7,0
DPSO,wt_sds_31,0.3,0.75,0.75,4,8,0
DPSO,wt_sds_31,0.3,0.75,0.75,4,9,0
DPSO,wt_sds_31,0.3,0.75,0.75,4,10,0
DPSO,wt_sds_32,0.3,0.75,0.75,0,0,1595
DPSO,wt_sds_32,0.3,0.75,0.75,0,1,759
DPSO,wt_sds_32,0.3,0.75,0.75,0,2,342
DPSO,wt_sds_32,0.3,0.75,0.75,0,3,309
DPSO,wt_sds_32,0.3,0.75,0.75,0,4,309
DPSO,wt_sds_32,0.3,0.75,0.75,0,5,156
DPSO,wt_sds_32,0.3,0.75,0.75,0,6,156
DPSO,wt_sds_32,0.3,0.75,0.75,0,7,156
DPSO,wt_sds_32,0.3,0.75,0.75,0,8,96
DPSO,wt_sds_32,0.3,0.75,0.75,0,9,96
DPSO,wt_sds_32,0.3,0.75,0.75,0,10,58
DPSO,wt_sds_32,0.3,0.75,0.75,1,0,1595
DPSO,wt_sds_32,0.3,0.75,0.75,1,1,79
DPSO,wt_sds_32,0.3,0.75,0.75,1,2,79
DPSO,wt_sds_32,0.3,0.75,0.75,1,3,21
DPSO,wt_sds_32,0.3,0.75,0.75,1,4,21
DPSO,wt_sds_32,0.3,0.75,0.75,1,5,21
DPSO,wt_sds_32,0.3,0.75,0.75,1,6,21
DPSO,wt_sds_32,0.3,0.75,0.75,1,7,21
DPSO,wt_sds_32,0.3,0.75,0.75,1,8,21
DPSO,wt_sds_32,0.3,0.75,0.75,1,9,21
DPSO,wt_sds_32,0.3,0.75,0.75,1,10,21
DPSO,wt_sds_32,0.3,0.75,0.75,2,0,1595
DPSO,wt_sds_32,0.3,0.75,0.75,2,1,314
DPSO,wt_sds_32,0.3,0.75,0.75,2,2,314
DPSO,wt_sds_32,0.3,0.75,0.75,2,3,126
DPSO,wt_sds_32,0.3,0.75,0.75,2,4,41
DPSO,wt_sds_32,0.3,0.75,0.75,2,5,41
DPSO,wt_sds_32,0.3,0.75,0.75,2,6,41
DPSO,wt_sds_32,0.3,0.75,0.75,2,7,41
DPSO,wt_sds_32,0.3,0.75,0.75,2,8,41
DPSO,wt_sds_32,0.3,0.75,0.75,2,9,41
DPSO,wt_sds_32,0.3,0.75,0.75,2,10,41
DPSO,wt_sds_32,0.3,0.75,0.75,3,0,1595
DPSO,wt_sds_32,0.3,0.75,0.75,3,1,52
DPSO,wt_sds_32,0.3,0.75,0.75,3,2,52
DPSO,wt_sds_32,0.3,0.75,0.75,3,3,52
DPSO,wt_sds_32,0.3,0.75,0.75,3,4,52
DPSO,wt_sds_32,0.3,0.75,0.75,3,5,52
DPSO,wt_sds_32,0.3,0.75,0.75,3,6,52
DPSO,wt_sds_32,0.3,0.75,0.75,3,7,52
DPSO,wt_sds_32,0.3,0.75,0.75,3,8,52
DPSO,wt_sds_32,0.3,0.75,0.75,3,9,52
DPSO,wt_sds_32,0.3,0.75,0.75,3,10,52
DPSO,wt_sds_32,0.3,0.75,0.75,4,0,1595
DPSO,wt_sds_32,0.3,0.75,0.75,4,1,312
DPSO,wt_sds_32,0.3,0.75,0.75,4,2,312
DPSO,wt_sds_32,0.3,0.75,0.75,4,3,158
DPSO,wt_sds_32,0.3,0.75,0.75,4,4,158
DPSO,wt_sds_32,0.3,0.75,0.75,4,5,158
DPSO,wt_sds_32,0.3,0.75,0.75,4,6,158
DPSO,wt_sds_32,0.3,0.75,0.75,4,7,158
DPSO,wt_sds_32,0.3,0.75,0.75,4,8,158
DPSO,wt_sds_32,0.3,0.75,0.75,4,9,158
DPSO,wt_sds_32,0.3,0.75,0.75,4,10,158
DPSO,wt_sds_33,0.3,0.75,0.75,0,0,541
DPSO,wt_sds_33,0.3,0.75,0.75,0,1,0
DPSO,wt_sds_33,0.3,0.75,0.75,0,2,0
DPSO,wt_sds_33,0.3,0.75,0.75,0,3,0
DPSO,wt_sds_33,0.3,0.75,0.75,0,4,0
DPSO,wt_sds_33,0.3,0.75,0.75,0,5,0
DPSO,wt_sds_33,0.3,0.75,0.75,0,6,0
DPSO,wt_sds_33,0.3,0.75,0.75,0,7,0
DPSO,wt_sds_33,0.3,0.75,0.75,0,8,0
DPSO,wt_sds_33,0.3,0.75,0.75,0,9,0
DPSO,wt_sds_33,0.3,0.75,0.75,0,10,0
DPSO,wt_sds_33,0.3,0.75,0.75,1,0,541
DPSO,wt_sds_33,0.3,0.75,0.75,1,1,154
DPSO,wt_sds_33,0.3,0.75,0.75,1,2,0
DPSO,wt_sds_33,0.3,0.75,0.75,1,3,0
DPSO,wt_sds_33,0.3,0.75,0.75,1,4,0
DPSO,wt_sds_33,0.3,0.75,0.75,1,5,0
DPSO,wt_sds_33,0.3,0.75,0.75,1,6,0
DPSO,wt_sds_33,0.3,0.75,0.75,1,7,0
DPSO,wt_sds_33,0.3,0.75,0.75,1,8,0
DPSO,wt_sds_33,0.3,0.75,0.75,1,9,0
DPSO,wt_sds_33,0.3,0.75,0.75,1,10,0
DPSO,wt_sds_33,0.3,0.75,0.75,2,0,541
DPSO,wt_sds_33,0.3,0.75,0.75,2,1,36
DPSO,wt_sds_33,0.3,0.75,0.75,2,2,36
DPSO,wt_sds_33,0.3,0.75,0.75,2,3,0
DPSO,wt_sds_33,0.3,0.75,0.75,2,4,0
DPSO,wt_sds_33,0.3,0.75,0.75,2,5,0
DPSO,wt_sds_33,0.3,0.75,0.75,2,6,0
DPSO,wt_sds_33,0.3,0.75,0.75,2,7,0
DPSO,wt_sds_33,0.3,0.75,0.75,2,8,0
DPSO,wt_sds_33,0.3,0.75,0.75,2,9,0
DPSO,wt_sds_33,0.3,0.75,0.75,2,10,0
DPSO,wt_sds_33,0.3,0.75,0.75,3,0,541
DPSO,wt_sds_33,0.3,0.75,0.75,3,1,0
DPSO,wt_sds_33,0.3,0.75,0.75,3,2,0
DPSO,wt_sds_33,0.3,0.75,0.75,3,3,0
DPSO,wt_sds_33,0.3,0.75,0.75,3,4,0
DPSO,wt_sds_33,0.3,0.75,0.75,3,5,0
DPSO,wt_sds_33,0.3,0.75,0.75,3,6,0
DPSO,wt_sds_33,0.3,0.75,0.75,3,7,0
DPSO,wt_sds_33,0.3,0.75,0.75,3,8,0
DPSO,wt_sds_33,0.3,0.75,0.75,3,9,0
DPSO,wt_sds_33,0.3,0.75,0.75,3,10,0
DPSO,wt_sds_33,0.3,0.75,0.75,4,0,541
DPSO,wt_sds_33,0.3,0.75,0.75,4,1,502
DPSO,wt_sds_33,0.3,0.75,0.75,4,2,0
DPSO,wt_sds_33,0.3,0.75,0.75,4,3,0
DPSO,wt_sds_33,0.3,0.75,0.75,4,4,0
DPSO,wt_sds_33,0.3,0.75,0.75,4,5,0
DPSO,wt_sds_33,0.3,0.75,0.75,4,6,0
DPSO,wt_sds_33,0.3,0.75,0.75,4,7,0
DPSO,wt_sds_33,0.3,0.75,0.75,4,8,0
DPSO,wt_sds_33,0.3,0.75,0.75,4,9,0
DPSO,wt_sds_33,0.3,0.75,0.75,4,10,0
DPSO,wt_sds_34,0.3,0.75,0.75,0,0,0
DPSO,wt_sds_34,0.3,0.75,0.75,0,1,0
DPSO,wt_sds_34,0.3,0.75,0.75,0,2,0
DPSO,wt_sds_34,0.3,0.75,0.75,0,3,0
DPSO,wt_sds_34,0.3,0.75,0.75,0,4,0
DPSO,wt_sds_34,0.3,0.75,0.75,0,5,0
DPSO,wt_sds_34,0.3,0.75,0.75,0,6,0
DPSO,wt_sds_34,0.3,0.75,0.75,0,7,0
DPSO,wt_sds_34,0.3,0.75,0.75,0,8,0
DPSO,wt_sds_34,0.3,0.75,0.75,0,9,0
DPSO,wt_sds_34,0.3,0.75,0.75,0,10,0
DPSO,wt_sds_34,0.3,0.75,0.75,1,0,0
DPSO,wt_sds_34,0.3,0.75,0.75,1,1,0
DPSO,wt_sds_34,0.3,0.75,0.75,1,2,0
DPSO,wt_sds_34,0.3,0.75,0.75,1,3,0
DPSO,wt_sds_34,0.3,0.75,0.75,1,4,0
DPSO,wt_sds_34,0.3,0.75,0.75,1,5,0
DPSO,wt_sds_34,0.3,0.75,0.75,1,6,0
DPSO,wt_sds_34,0.3,0.75,0.75,1,7,0
DPSO,wt_sds_34,0.3,0.75,0.75,1,8,0
DPSO,wt_sds_34,0.3,0.75,0.75,1,9,0
DPSO,wt_sds_34,0.3,0.75,0.75,1,10,0
DPSO,wt_sds_34,0.3,0.75,0.75,2,0,0
DPSO,wt_sds_34,0.3,0.75,0.75,2,1,0
DPSO,wt_sds_34,0.3,0.75,0.75,2,2,0
DPSO,wt_sds_34,0.3,0.75,0.75,2,3,0
DPSO,wt_sds_34,0.3,0.75,0.75,2,4,0
DPSO,wt_sds_34,0.3,0.75,0.75,2,5,0
DPSO,wt_sds_34,0.3,0.75,0.75,2,6,0
DPSO,wt_sds_34,0.3,0.75,0.75,2,7,0
DPSO,wt_sds_34,0.3,0.75,0.75,2,8,0
DPSO,wt_sds_34,0.3,0.75,0.75,2,9,0
DPSO,wt_sds_34,0.3,0.75,0.75,2,10,0
DPSO,wt_sds_34,0.3,0.75,0.75,3,0,0
DPSO,wt_sds_34,0.3,0.75,0.75,3,1,0
DPSO,wt_sds_34,0.3,0.75,0.75,3,2,0
DPSO,wt_sds_34,0.3,0.75,0.75,3,3,0
DPSO,wt_sds_34,0.3,0.75,0.75,3,4,0
DPSO,wt_sds_34,0.3,0.75,0.75,3,5,0
DPSO,wt_sds_34,0.3,0.75,0.75,3,6,0
DPSO,wt_sds_34,0.3,0.75,0.75,3,7,0
DPSO,wt_sds_34,0.3,0.75,0.75,3,8,0
DPSO,wt_sds_34,0.3,0.75,0.75,3,9,0
DPSO,wt_sds_34,0.3,0.75,0.75,3,10,0
DPSO,wt_sds_34,0.3,0.75,0.75,4,0,0
DPSO,wt_sds_34,0.3,0.75,0.75,4,1,0
DPSO,wt_sds_34,0.3,0.75,0.75,4,2,0
DPSO,wt_sds_34,0.3,0.75,0.75,4,3,0
DPSO,wt_sds_34,0.3,0.75,0.75,4,4,0
DPSO,wt_sds_34,0.3,0.75,0.75,4,5,0
DPSO,wt_sds_34,0.3,0.75,0.75,4,6,0
DPSO,wt_sds_34,0.3,0.75,0.75,4,7,0
DPSO,wt_sds_34,0.3,0.75,0.75,4,8,0
DPSO,wt_sds_34,0.3,0.75,0.75,4,9,0
DPSO,wt_sds_34,0.3,0.75,0.75,4,10,0
DPSO,wt_sds_35,0.3,0.75,0.75,0,0,0
DPSO,wt_sds_35,0.3,0.75,0.75,0,1,0
DPSO,wt_sds_35,0.3,0.75,0.75,0,2,0
DPSO,wt_sds_35,0.3,0.75,0.75,0,3,0
DPSO,wt_sds_35,0.3,0.75,0.75,0,4,0
DPSO,wt_sds_35,0.3,0.75,0.75,0,5,0
DPSO,wt_sds_35,0.3,0.75,0.75,0,6,0
DPSO,wt_sds_35,0.3,0.75,0.75,0,7,0
DPSO,wt_sds_35,0.3,0.75,0.75,0,8,0
DPSO,wt_sds_35,0.3,0.75,0.75,0,9,0
DPSO,wt_sds_35,0.3,0.75,0.75,0,10,0
DPSO,wt_sds_35,0.3,0.75,0.75,1,0,0
DPSO,wt_sds_35,0.3,0.75,0.75,1,1,0
DPSO,wt_sds_35,0.3,0.75,0.75,1,2,0
DPSO,wt_sds_35,0.3,0.75,0.75,1,3,0
DPSO,wt_sds_35,0.3,0.75,0.75,1,4,0
DPSO,wt_sds_35,0.3,0.75,0.75,1,5,0
DPSO,wt_sds_35,0.3,0.75,0.75,1,6,0
DPSO,wt_sds_35,0.3,0.75,0.75,1,7,0
DPSO,wt_sds_35,0.3,0.75,0.75,1,8,0
DPSO,wt_sds_35,0.3,0.75,0.75,1,9,0
DPSO,wt_sds_35,0.3,0.75,0.75,1,10,0
DPSO,wt_sds_35,0.3,0.75,0.75,2,0,0
DPSO,wt_sds_35,0.3,0.75,0.75,2,1,0
DPSO,wt_sds_35,0.3,0.75,0.75,2,2,0
DPSO,wt_sds_35,0.3,0.75,0.75,2,3,0
DPSO,wt_sds_35,0.3,0.75,0.75,2,4,0
DPSO,wt_sds_35,0.3,0.75,0.75,2,5,0
DPSO,wt_sds_35,0.3,0.75,0.75,2,6,0
DPSO,wt_sds_35,0.3,0.75,0.75,2,7,0
DPSO,wt_sds_35,0.3,0.75,0.75,2,8,0
DPSO,wt_sds_35,0.3,0.75,0.75,2,9,0
DPSO,wt_sds_35,0.3,0.75,0.75,2,10,0
DPSO,wt_sds_35,0.3,0.75,0.75,3,0,0
DPSO,wt_sds_35,0.3,0.75,0.75,3,1,0
DPSO,wt_sds_35,0.3,0.75,0.75,3,2,0
DPSO,wt_sds_35,0.3,0.75,0.75,3,3,0
DPSO,wt_sds_35,0.3,0.75,0.75,3,4,0
DPSO,wt_sds_35,0.3,0.75,0.75,3,5,0
DPSO,wt_sds_35,0.3,0.75,0.75,3,6,0
DPSO,wt_sds_35,0.3,0.75,0.75,3,7,0
DPSO,wt_sds_35,0.3,0.75,0.75,3,8,0
DPSO,wt_sds_35,0.3,0.75,0.75,3,9,0
DPSO,wt_sds_35,0.3,0.75,0.75,3,10,0
DPSO,wt_sds_35,0.3,0.75,0.75,4,0,0
DPSO,wt_sds_35,0.3,0.75,0.75,4,1,0
DPSO,wt_sds_35,0.3,0.75,0.75,4,2,0
DPSO,wt_sds_35,0.3,0.75,0.75,4,3,0
DPSO,wt_sds_35,0.3,0.75,0.75,4,4,0
DPSO,wt_sds_35,0.3,0.75,0.75,4,5,0
DPSO,wt_sds_35,0.3,0.75,0.75,4,6,0
DPSO,wt_sds_35,0.3,0.75,0.75,4,7,0
DPSO,wt_sds_35,0.3,0.75,0.75,4,8,0
DPSO,wt_sds_35,0.3,0.75,0.75,4,9,0
DPSO,wt_sds_35,0.3,0.75,0.75,4,10,0
DPSO,wt_sds_81,0.9,0.25,0.25,0,0,404367
DPSO,wt_sds_81,0.9,0.25,0.25,0,1,404298
DPSO,wt_sds_81,0.9,0.25,0.25,0,2,404281
DPSO,wt_sds_81,0.9,0.25,0.25,0,3,404274
DPSO,wt_sds_81,0.9,0.25,0.25,0,4,404274
DPSO,wt_sds_81,0.9,0.25,0.25,0,5,404274
DPSO,wt_sds_81,0.9,0.25,0.25,0,6,404274
DPSO,wt_sds_81,0.9,0.25,0.25,0,7,404274
DPSO,wt_sds_81,0.9,0.25,0.25,0,8,404274
DPSO,wt_sds_81,0.9,0.25,0.25,0,9,404274
DPSO,wt_sds_81,0.9,0.25,0.25,0,10,404274
DPSO,wt_sds_81,0.9,0.25,0.25,1,0,404367
DPSO,wt_sds_81,0.9,0.25,0.25,1,1,404343
DPSO,wt_sds_81,0.9,0.25,0.25,1,2,404343
DPSO,wt_sds_81,0.9,0.25,0.25,1,3,404343
DPSO,wt_sds_81,0.9,0.25,0.25,1,4,404274
DPSO,wt_sds_81,0.9,0.25,0.25,1,5,404274
DPSO,wt_sds_81,0.9,0.25,0.25,1,6,404274
DPSO,wt_sds_81,0.9,0.25,0.25,1,7,404274
DPSO,wt_sds_81,0.9,0.25,0.25,1,8,404274
DPSO,wt_sds_81,0.9,0.25,0.25,1,9,404274
DPSO,wt_sds_81,0.9,0.25,0.25,1,10,404274
DPSO,wt_sds_81,0.9,0.25,0.25,2,0,404367
DPSO,wt_sds_81,0.9,0.25,0.25,2,1,404274
DPSO,wt_sds_81,0.9,0.25,0.25,2,2,404274
DPSO,wt_sds_81,0.9,0.25,0.25,2,3,404274
DPSO,wt_sds_81,0.9,0.25,0.25,2,4,404274
DPSO,wt_sds_81,0.9,0.25,0.25,2,5,404274
DPSO,wt_sds_81,0.9,0.25,0.25,2,6,404274
DPSO,wt_sds_81,0.9,0.25,0.25,2,7,404274
DPSO,wt_sds_81,0.9,0.25,0.25,2,8,404274
DPSO,wt_sds_81,0.9,0.25,0.25,2,9,404274
DPSO,wt_sds_81,0.9,0.25,0.25,2,10,404274
DPSO,wt_sds_81,0.9,0.25,0.25,3,0,404367
DPSO,wt_sds_81,0.9,0.25,0.25,3,1,404298
DPSO,wt_sds_81,0.9,0.25,0.25,3,2,404274
DPSO,wt_sds_81,0.9,0.25,0.25,3,3,404274
DPSO,wt_sds_81,0.9,0.25,0.25,3,4,404274
DPSO,wt_sds_81,0.9,0.25,0.25,3,5,404274
DPSO,wt_sds_81,0.9,0.25,0.25,3,6,404274
DPSO,wt_sds_81,0.9,0.25,0.25,3,7,404274
DPSO,wt_sds_81,0.9,0.25,0.25,3,8,404274
DPSO,wt_sds_81,0.9,0.25,0.25,3,9,404274
DPSO,wt_sds_81,0.9,0.25,0.25,3,10,404274
DPSO,wt_sds_81,0.9,0.25,0.25,4,0,404367
DPSO,wt_sds_81,0.9,0.25,0.25,4,1,404350
DPSO,wt_sds_81,0.9,0.25,0.25,4,2,404281
DPSO,wt_sds_81,0.9,0.25,0.25,4,3,404274
DPSO,wt_sds_81,0.9,0.25,0.25,4,4,404274
DPSO,wt_sds_81,0.9,0.25,0.25,4,5,404274
DPSO,wt_sds_81,0.9,0.25,0.25,4,6,404274
DPSO,wt_sds_81,0.9,0.25,0.25,4,7,404274
DPSO,wt_sds_81,0.9,0.25,0.25,4,8,404274
DPSO,wt_sds_81,0.9,0.25,0.25,4,9,404274
DPSO,wt_sds_81,0.9,0.25,0.25,4,10,404274
DPSO,wt_sds_82,0.9,0.25,0.25,0,0,429017
DPSO,wt_sds_82,0.9,0.25,0.25,0,1,428275
DPSO,wt_sds_82,0.9,0.25,0.25,0,2,428275
DPSO,wt_sds_82,0.9,0.25,0.25,0,3,428275
DPSO,wt_sds_82,0.9,0.25,0.25,0,4,427198
DPSO,wt_sds_82,0.9,0.25,0.25,0,5,427198
DPSO,wt_sds_82,0.9,0.25,0.25,0,6,427198
DPSO,wt_sds_82,0.9,0.25,0.25,0,7,427198
DPSO,wt_sds_82,0.9,0.25,0.25,0,8,427198
DPSO,wt_sds_82,0.9,0.25,0.25,0,9,427198
DPSO,wt_sds_82,0.9,0.25,0.25,0,10,427198
DPSO,wt_sds_82,0.9,0.25,0.25,1,0,429017
DPSO,wt_sds_82,0.9,0.25,0.25,1,1,428284
DPSO,wt_sds_82,0.9,0.25,0.25,1,2,428284
DPSO,wt_sds_82,0.9,0.25,0.25,1,3,428284
DPSO,wt_sds_82,0.9,0.25,0.25,1,4,428284
DPSO,wt_sds_82,0.9,0.25,0.25,1,5,428284
DPSO,wt_sds_82,0.9,0.25,0.25,1,6,427795
DPSO,wt_sds_82,0.9,0.25,0.25,1,7,427681
DPSO,wt_sds_82,0.9,0.25,0.25,1,8,427681
DPSO,wt_sds_82,0.9,0.25,0.25,1,9,427681
DPSO,wt_sds_82,0.9,0.25,0.25,1,10,427617
DPSO,wt_sds_82,0.9,0.25,0.25,2,0,429017
DPSO,wt_sds_82,0.9,0.25,0.25,2,1,427047
DPSO,wt_sds_82,0.9,0.25,0.25,2,2,427047
DPSO,wt_sds_82,0.9,0.25,0.25,2,3,427047
DPSO,wt_sds_82,0.9,0.25,0.25,2,4,427047
DPSO,wt_sds_82,0.9,0.25,0.25,2,5,427047
DPSO,wt_sds_82,0.9,0.25,0.25,2,6,427047
DPSO,wt_sds_82,0.9,0.25,0.25,2,7,427047
DPSO,wt_sds_82,0.9,0.25,0.25,2,8,427047
DPSO,wt_sds_82,0.9,0.25,0.25,2,9,427047
DPSO,wt_sds_82,0.9,0.25,0.25,2,10,427047
DPSO,wt_sds_82,0.9,0.25,0.25,3,0,429017
DPSO,wt_sds_82,0.9,0.25,0.25,3,1,428636
DPSO,wt_sds_82,0.9,0.25,0.25,3,2,428265
DPSO,wt_sds_82,0.9,0.25,0.25,3,3,428265
DPSO,wt_sds_82,0.9,0.25,0.25,3,4,428265
DPSO,wt_sds_82,0.9,0.25,0.25,3,5,428265
DPSO,wt_sds_82,0.9,0.25,0.25,3,6,428265
DPSO,wt_sds_82,0.9,0.25,0.25,3,7,428265
DPSO,wt_sds_82,0.9,0.25,0.25,3,8,428265
DPSO,wt_sds_82,0.9,0.25,0.25,3,9,428265
DPSO,wt_sds_82,0.9,0.25,0.25,3,10,428265
DPSO,wt_sds_82,0.9,0.25,0.25,4,0,429017
DPSO,wt_sds_82,0.9,0.25,0.25,4,1,428615
DPSO,wt_sds_82,0.9,0.25,0.25,4,2,428195
DPSO,wt_sds_82,0.9,0.25,0.25,4,3,427024
DPSO,wt_sds_82,0.9,0.25,0.25,4,4,425838
DPSO,wt_sds_82,0.9,0.25,0.25,4,5,425838
DPSO,wt_sds_82,0.9,0.25,0.25,4,6,425838
DPSO,wt_sds_82,0.9,0.25,0.25,4,7,425838
DPSO,wt_sds_82,0.9,0.25,0.25,4,8,425838
DPSO,wt_sds_82,0.9,0.25,0.25,4,9,425838
DPSO,wt_sds_82,0.9,0.25,0.25,4,10,425838
DPSO,wt_sds_83,0.9,0.25,0.25,0,0,480103
DPSO,wt_sds_83,0.9,0.25,0.25,0,1,480103
DPSO,wt_sds_83,0.9,0.25,0.25,0,2,480103
DPSO,wt_sds_83,0.9,0.25,0.25,0,3,480103
DPSO,wt_sds_83,0.9,0.25,0.25,0,4,480103
DPSO,wt_sds_83,0.9,0.25,0.25,0,5,480103
DPSO,wt_sds_83,0.9,0.25,0.25,0,6,480103
DPSO,wt_sds_83,0.9,0.25,0.25,0,7,480103
DPSO,wt_sds_83,0.9,0.25,0.25,0,8,480103
DPSO,wt_sds_83,0.9,0.25,0.25,0,9,480103
DPSO,wt_sds_83,0.9,0.25,0.25,0,10,480103
DPSO,wt_sds_83,0.9,0.25,0.25,1,0,480103
DPSO,wt_sds_83,0.9,0.25,0.25,1,1,480103
DPSO,wt_sds_83,0.9,0.25,0.25,1,2,480103
DPSO,wt_sds_83,0.9,0.25,0.25,1,3,480103
DPSO,wt_sds_83,0.9,0.25,0.25,1,4,480103
DPSO,wt_sds_83,0.9,0.25,0.25,1,5,480103
DPSO,wt_sds_83,0.9,0.25,0.25,1,6,480103
DPSO,wt_sds_83,0.9,0.25,0.25,1,7,480103
DPSO,wt_sds_83,0.9,0.25,0.25,1,8,480103
DPSO,wt_sds_83,0.9,0.25,0.25,1,9,480103
DPSO,wt_sds_83,0.9,0.25,0.25,1,10,480103
DPSO,wt_sds_83,0.9,0.25,0.25,2,0,480103
DPSO,wt_sds_83,0.9,0.25,0.25,2,1,480103
DPSO,wt_sds_83,0.9,0.25,0.25,2,2,480103
DPSO,wt_sds_83,0.9,0.25,0.25,2,3,480103
DPSO,wt_sds_83,0.9,0.25,0.25,2,4,480103
DPSO,wt_sds_83,0.9,0.25,0.25,2,5,480103
DPSO,wt_sds_83,0.9,0.25,0.25,2,6,480103
DPSO,wt_sds_83,0.9,0.25,0.25,2,7,480103
DPSO,wt_sds_83,0.9,0.25,0.25,2,8,480103
DPSO,wt_sds_83,0.9,0.25,0.25,2,9,480103
DPSO,wt_sds_83,0.9,0.25,0.25,2,10,480103
DPSO,wt_sds_83,0.9,0.25,0.25,3,0,480103
DPSO,wt_sds_83,0.9,0.25,0.25,3,1,480030
DPSO,wt_sds_83,0.9,0.25,0.25,3,2,480030
DPSO,wt_sds_83,0.9,0.25,0.25,3,3,480030
DPSO,wt_sds_83,0.9,0.25,0.25,3,4,480030
DPSO,wt_sds_83,0.9,0.25,0.25,3,5,480030
DPSO,wt_sds_83,0.9,0.25,0.25,3,6,480030
DPSO,wt_sds_83,0.9,0.25,0.25,3,7,480030
DPSO,wt_sds_83,0.9,0.25,0.25,3,8,480030
DPSO,wt_sds_83,0.9,0.25,0.25,3,9,480030
DPSO,wt_sds_83,0.9,0.25,0.25,3,10,480030
DPSO,wt_sds_83,0.9,0.25,0.25,4,0,480103
DPSO,wt_sds_83,0.9,0.25,0.25,4,1,480103
DPSO,wt_sds_83,0.9,0.25,0.25,4,2,480103
DPSO,wt_sds_83,0.9,0.25,0.25,4,3,480103
DPSO,wt_sds_83,0.9,0.25,0.25,4,4,480103
DPSO,wt_sds_83,0.9,0.25,0.25,4,5,480103
DPSO,wt_sds_83,0.9,0.25,0.25,4,6,480103
DPSO,wt_sds_83,0.9,0.25,0.25,4,7,480103
DPSO,wt_sds_83,0.9,0.25,0.25,4,8,480103
DPSO,wt_sds_83,0.9,0.25,0.25,4,9,480103
DPSO,wt_sds_83,0.9,0.25,0.25,4,10,480103
DPSO,wt_sds_84,0.9,0.25,0.25,0,0,340970
DPSO,wt_sds_84,0.9,0.25,0.25,0,1,340596
DPSO,wt_sds_84,0.9,0.25,0.25,0,2,340596
DPSO,wt_sds_84,0.9,0.25,0.25,0,3,340596
DPSO,wt_sds_84,0.9,0.25,0.25,0,4,340596
DPSO,wt_sds_84,0.9,0.25,0.25,0,5,340596
DPSO,wt_sds_84,0.9,0.25,0.25,0,6,340596
DPSO,wt_sds_84,0.9,0.25,0.25,0,7,340596
DPSO,wt_sds_84,0.9,0.25,0.25,0,8,340596
DPSO,wt_sds_84,0.9,0.25,0.25,0,9,340596
DPSO,wt_sds_84,0.9,0.25,0.25,0,10,340596
DPSO,wt_sds_84,0.9,0.25,0.25,1,0,340970
DPSO,wt_sds_84,0.9,0.25,0.25,1,1,340596
DPSO,wt_sds_84,0.9,0.25,0.25,1,2,340596
DPSO,wt_sds_84,0.9,0.25,0.25,1,3,340596
DPSO,wt_sds_84,0.9,0.25,0.25,1,4,340596
DPSO,wt_sds_84,0.9,0.25,0.25,1,5,340596
DPSO,wt_sds_84,0.9,0.25,0.25,1,6,340596
DPSO,wt_sds_84,0.9,0.25,0.25,1,7,340596
DPSO,wt_sds_84,0.9,0.25,0.25,1,8,340596
DPSO,wt_sds_84,0.9,0.25,0.25,1,9,340596
DPSO,wt_sds_84,0.9,0.25,0.25,1,10,340596
DPSO,wt_sds_84,0.9,0.25,0.25,2,0,340970
DPSO,wt_sds_84,0.9,0.25,0.25,2,1,340970
DPSO,wt_sds_84,0.9,0.25,0.25,2,2,340970
DPSO,wt_sds_84,0.9,0.25,0.25,2,3,340596
DPSO,wt_sds_84,0.9,0.25,0.25,2,4,340596
DPSO,wt_sds_84,0.9,0.25,0.25,2,5,340596
DPSO,wt_sds_84,0.9,0.25,0.25,2,6,340596
DPSO,wt_sds_84,0.9,0.25,0.25,2,7,340596
DPSO,wt_sds_84,0.9,0.25,0.25,2,8,340596
DPSO,wt_sds_84,0.9,0.25,0.25,2,9,340596
DPSO,wt_sds_84,0.9,0.25,0.25,2,10,340596
DPSO,wt_sds_84,0.9,0.25,0.25,3,0,340970
DPSO,wt_sds_84,0.9,0.25,0.25,3,1,340970
DPSO,wt_sds_84,0.9,0.25,0.25,3,2,340970
DPSO,wt_sds_84,0.9,0.25,0.25,3,3,340596
DPSO,wt_sds_84,0.9,0.25,0.25,3,4,340596
DPSO,wt_sds_84,0.9,0.25,0.25,3,5,340596
DPSO,wt_sds_84,0.9,0.25,0.25,3,6,340596
DPSO,wt_sds_84,0.9,0.25,0.25,3,7,340596
DPSO,wt_sds_84,0.9,0.25,0.25,3,8,340596
DPSO,wt_sds_84,0.9,0.25,0.25,3,9,340596
DPSO,wt_sds_84,0.9,0.25,0.25,3,10,340596
DPSO,wt_sds_84,0.9,0.25,0.25,4,0,340970
DPSO,wt_sds_84,0.9,0.25,0.25,4,1,340596
DPSO,wt_sds_84,0.9,0.25,0.25,4,2,340596
DPSO,wt_sds_84,0.9,0.25,0.25,4,3,340596
DPSO,wt_sds_84,0.9,0.25,0.25,4,4,340596
DPSO,wt_sds_84,0.9,0.25,0.25,4,5,340596
DPSO,wt_sds_84,0.9,0.25,0.25,4,6,340596
DPSO,wt_sds_84,0.9,0.25,0.25,4,7,340596
DPSO,wt_sds_84,0.9,0.25,0.25,4,8,340596
DPSO,wt_sds_84,0.9,0.25,0.25,4,9,340596
DPSO,wt_sds_84,0.9,0.25,0.25,4,10,340596
DPSO,wt_sds_85,0.9,0.25,0.25,0,0,574751
DPSO,wt_sds_85,0.9,0.25,0.25,0,1,574512
DPSO,wt_sds_85,0.9,0.25,0.25,0,2,574512
DPSO,wt_sds_85,0.9,0.25,0.25,0,3,574512
DPSO,wt_sds_85,0.9,0.25,0.25,0,4,574512
DPSO,wt_sds_85,0.9,0.25,0.25,0,5,574512
DPSO,wt_sds_85,0.9,0.25,0.25,0,6,574512
DPSO,wt_sds_85,0.9,0.25,0.25,0,7,574393
DPSO,wt_sds_85,0.9,0.25,0.25,0,8,574384
DPSO,wt_sds_85,0.9,0.25,0.25,0,9,574363
DPSO,wt_sds_85,0.9,0.25,0.25,0,10,574363
DPSO,wt_sds_85,0.9,0.25,0.25,1,0,574751
DPSO,wt_sds_85,0.9,0.25,0.25,1,1,574651
DPSO,wt_sds_85,0.9,0.25,0.25,1,2,574271
DPSO,wt_sds_85,0.9,0.25,0.25,1,3,574271
DPSO,wt_sds_85,0.9,0.25,0.25,1,4,574271
DPSO,wt_sds_85,0.9,0.25,0.25,1,5,574271
DPSO,wt_sds_85,0.9,0.25,0.25,1,6,574271
DPSO,wt_sds_85,0.9,0.25,0.25,1,7,574271
DPSO,wt_sds_85,0.9,0.25,0.25,1,8,574271
DPSO,wt_sds_85,0.9,0.25,0.25,1,9,574271
DPSO,wt_sds_85,0.9,0.25,0.25,1,10,574271
DPSO,wt_sds_85,0.9,0.25,0.25,2,0,574751
DPSO,wt_sds_85,0.9,0.25,0.25,2,1,574363
DPSO,wt_sds_85,0.9,0.25,0.25,2,2,574363
DPSO,wt_sds_85,0.9,0.25,0.25,2,3,574363
DPSO,wt_sds_85,0.9,0.25,0.25,2,4,574363
DPSO,wt_sds_85,0.9,0.25,0.25,2,5,574363
DPSO,wt_sds_85,0.9,0.25,0.25,2,6,574363
DPSO,wt_sds_85,0.9,0.25,0.25,2,7,574363
DPSO,wt_sds_85,0.9,0.25,0.25,2,8,574363
DPSO,wt_sds_85,0.9,0.25,0.25,2,9,574363
DPSO,wt_sds_85,0.9,0.25,0.25,2,10,574363
DPSO,wt_sds_85,0.9,0.25,0.25,3,0,574751
DPSO,wt_sds_85,0.9,0.25,0.25,3,1,574372
DPSO,wt_sds_85,0.9,0.25,0.25,3,2,574363
DPSO,wt_sds_85,0.9,0.25,0.25,3,3,574363
DPSO,wt_sds_85,0.9,0.25,0.25,3,4,574363
DPSO,wt_sds_85,0.9,0.25,0.25,3,5,574271
DPSO,wt_sds_85,0.9,0.25,0.25,3,6,574271
DPSO,wt_sds_85,0.9,0.25,0.25,3,7,574271
DPSO,wt_sds_85,0.9,0.25,0.25,3,8,574271
DPSO,wt_sds_85,0.9,0.25,0.25,3,9,574271
DPSO,wt_sds_85,0.9,0.25,0.25,3,10,574271
DPSO,wt_sds_85,0.9,0.25,0.25,4,0,574751
DPSO,wt_sds_85,0.9,0.25,0.25,4,1,574363
DPSO,wt_sds_85,0.9,0.25,0.25,4,2,574363
DPSO,wt_sds_85,0.9,0.25,0.25,4,3,574363
DPSO,wt_sds_85,0.9,0.25,0.25,4,4,574363
DPSO,wt_sds_85,0.9,0.25,0.25,4,5,574363
DPSO,wt_sds_85,0.9,0.25,0.25,4,6,574363
DPSO,wt_sds_85,0.9,0.25,0.25,4,7,574271
DPSO,wt_sds_85,0.9,0.25,0.25,4,8,574271
DPSO,wt_sds_85,0.9,0.25,0.25,4,9,574271
DPSO,wt_sds_85,0.9,0.25,0.25,4,10,574271
DPSO,wt_sds_91,0.9,0.25,0.75,0,0,356272
DPSO,wt_sds_91,0.9,0.25,0.75,0,1,356272
DPSO,wt_sds_91,0.9,0.25,0.75,0,2,356272
DPSO,wt_sds_91,0.9,0.25,0.75,0,3,356272
DPSO,wt_sds_91,0.9,0.25,0.75,0,4,356272
DPSO,wt_sds_91,0.9,0.25,0.75,0,5,356272
DPSO,wt_sds_91,0.9,0.25,0.75,0,6,356272
DPSO,wt_sds_91,0.9,0.25,0.75,0,7,356272
DPSO,wt_sds_91,0.9,0.25,0.75,0,8,356272
DPSO,wt_sds_91,0.9,0.25,0.75,0,9,356272
DPSO,wt_sds_91,0.9,0.25,0.75,0,10,356201
DPSO,wt_sds_91,0.9,0.25,0.75,1,0,356272
DPSO,wt_sds_91,0.9,0.25,0.75,1,1,356272
DPSO,wt_sds_91,0.9,0.25,0.75,1,2,356272
DPSO,wt_sds_91,0.9,0.25,0.75,1,3,356272
DPSO,wt_sds_91,0.9,0.25,0.75,1,4,356272
DPSO,wt_sds_91,0.9,0.25,0.75,1,5,356272
DPSO,wt_sds_91,0.9,0.25,0.75,1,6,356272
DPSO,wt_sds_91,0.9,0.25,0.75,1,7,356272
DPSO,wt_sds_91,0.9,0.25,0.75,1,8,356272
DPSO,wt_sds_91,0.9,0.25,0.75,1,9,356272
DPSO,wt_sds_91,0.9,0.25,0.75,1,10,356272
DPSO,wt_sds_91,0.9,0.25,0.75,2,0,356272
DPSO,wt_sds_91,0.9,0.25,0.75,2,1,356272
DPSO,wt_sds_91,0.9,0.25,0.75,2,2,356272
DPSO,wt_sds_91,0.9,0.25,0.75,2,3,356272
DPSO,wt_sds_91,0.9,0.25,0.75,2,4,356272
DPSO,wt_sds_91,0.9,0.25,0.75,2,5,356272
DPSO,wt_sds_91,0.9,0.25,0.75,2,6,356272
DPSO,wt_sds_91,0.9,0.25,0.75,2,7,356272
DPSO,wt_sds_91,0.9,0.25,0.75,2,8,356272
DPSO,wt_sds_91,0.9,0.25,0.75,2,9,356272
DPSO,wt_sds_91,0.9,0.25,0.75,2,10,356272
DPSO,wt_sds_91,0.9,0.25,0.75,3,0,356272
DPSO,wt_sds_91,0.9,0.25,0.75,3,1,356272
DPSO,wt_sds_91,0.9,0.25,0.75,3,2,356272
DPSO,wt_sds_91,0.9,0.25,0.75,3,3,356272
DPSO,wt_sds_91,0.9,0.25,0.75,3,4,356272
DPSO,wt_sds_91,0.9,0.25,0.75,3,5,356272
DPSO,wt_sds_91,0.9,0.25,0.75,3,6,356272
DPSO,wt_sds_91,0.9,0.25,0.75,3,7,356272
DPSO,wt_sds_91,0.9,0.25,0.75,3,8,356272
DPSO,wt_sds_91,0.9,0.25,0.75,3,9,356272
DPSO,wt_sds_91,0.9,0.25,0.75,3,10,356272
DPSO,wt_sds_91,0.9,0.25,0.75,4,0,356272
DPSO,wt_sds_91,0.9,0.25,0.75,4,1,356272
DPSO,wt_sds_91,0.9,0.25,0.75,4,2,356272
DPSO,wt_sds_91,0.9,0.25,0.75,4,3,356272
DPSO,wt_sds_91,0.9,0.25,0.75,4,4,356272
DPSO,wt_sds_91,0.9,0.25,0.75,4,5,356272
DPSO,wt_sds_91,0.9,0.25,0.75,4,6,356272
DPSO,wt_sds_91,0.9,0.25,0.75,4,7,356272
DPSO,wt_sds_91,0.9,0.25,0.75,4,8,356272
DPSO,wt_sds_91,0.9,0.25,0.75,4,9,356272
DPSO,wt_sds_91,0.9,0.25,0.75,4,10,356272
DPSO,wt_sds_92,0.9,0.25,0.75,0,0,390582
DPSO,wt_sds_92,0.9,0.25,0.75,0,1,390582
DPSO,wt_sds_92,0.9,0.25,0.75,0,2,390582
DPSO,wt_sds_92,0.9,0.25,0.75,0,3,390582
DPSO,wt_sds_92,0.9,0.25,0.75,0,4,390582
DPSO,wt_sds_92,0.9,0.25,0.75,0,5,390582
DPSO,wt_sds_92,0.9,0.25,0.75,0,6,390582
DPSO,wt_sds_92,0.9,0.25,0.75,0,7,390582
DPSO,wt_sds_92,0.9,0.25,0.75,0,8,390582
DPSO,wt_sds_92,0.9,0.25,0.75,0,9,390582
DPSO,wt_sds_92,0.9,0.25,0.75,0,10,390582
DPSO,wt_sds_92,0.9,0.25,0.75,1,0,390582
DPSO,wt_sds_92,0.9,0.25,0.75,1,1,390582
DPSO,wt_sds_92,0.9,0.25,0.75,1,2,390582
DPSO,wt_sds_92,0.9,0.25,0.75,1,3,390582
DPSO,wt_sds_92,0.9,0.25,0.75,1,4,390582
DPSO,wt_sds_92,0.9,0.25,0.75,1,5,390582
DPSO,wt_sds_92,0.9,0.25,0.75,1,6,390582
DPSO,wt_sds_92,0.9,0.25,0.75,1,7,390582
DPSO,wt_sds_92,0.9,0.25,0.75,1,8,390582
DPSO,wt_sds_92,0.9,0.25,0.75,1,9,390582
DPSO,wt_sds_92,0.9,0.25,0.75,1,10,390582
DPSO,wt_sds_92,0.9,0.25,0.75,2,0,390582
DPSO,wt_sds_92,0.9,0.25,0.75,2,1,390582
DPSO,wt_sds_92,0.9,0.25,0.75,2,2,390582
DPSO,wt_sds_92,0.9,0.25,0.75,2,3,390582
DPSO,wt_sds_92,0.9,0.25,0.75,2,4,390582
DPSO,wt_sds_92,0.9,0.25,0.75,2,5,390582
DPSO,wt_sds_92,0.9,0.25,0.75,2,6,390582
DPSO,wt_sds_92,0.9,0.25,0.75,2,7,390582
DPSO,wt_sds_92,0.9,0.25,0.75,2,8,390582
DPSO,wt_sds_92,0.9,0.25,0.75,2,9,390582
DPSO,wt_sds_92,0.9,0.25,0.75,2,10,390582
DPSO,wt_sds_92,0.9,0.25,0.75,3,0,390582
DPSO,wt_sds_92,0.9,0.25,0.75,3,1,390582
DPSO,wt_sds_92,0.9,0.25,0.75,3,2,390582
DPSO,wt_sds_92,0.9,0.25,0.75,3,3,390582
DPSO,wt_sds_92,0.9,0.25,0.75,3,4,390582
DPSO,wt_sds_92,0.9,0.25,0.75,3,5,390582
DPSO,wt_sds_92,0.9,0.25,0.75,3,6,390582
DPSO,wt_sds_92,0.9,0.25,0.75,3,7,390582
DPSO,wt_sds_92,0.9,0.25,0.75,3,8,390582
DPSO,wt_sds_92,0.9,0.25,0.75,3,9,390582
DPSO,wt_sds_92,0.9,0.25,0.75,3,10,390582
DPSO,wt_sds_92,0.9,0.25,0.75,4,0,390582
DPSO,wt_sds_92,0.9,0.25,0.75,4,1,390582
DPSO,wt_sds_92,0.9,0.25,0.75,4,2,390582
DPSO,wt_sds_92,0.9,0.25,0.75,4,3,390582
DPSO,wt_sds_92,0.9,0.25,0.75,4,4,390582
DPSO,wt_sds_92,0.9,0.25,0.75,4,5,390582
DPSO,wt_sds_92,0.9,0.25,0.75,4,6,390582
DPSO,wt_sds_92,0.9,0.25,0.75,4,7,390582
DPSO,wt_sds_92,0.9,0.25,0.75,4,8,390582
DPSO,wt_sds_92,0.9,0.25,0.75,4,9,390582
DPSO,wt_sds_92,0.9,0.25,0.75,4,10,390582
DPSO,wt_sds_93,0.9,0.25,0.75,0,0,431927
DPSO,wt_sds_93,0.9,0.25,0.75,0,1,431927
DPSO,wt_sds_93,0.9,0.25,0.75,0,2,431927
DPSO,wt_sds_93,0.9,0.25,0.75,0,3,431927
DPSO,wt_sds_93,0.9,0.25,0.75,0,4,431927
DPSO,wt_sds_93,0.9,0.25,0.75,0,5,431927
DPSO,wt_sds_93,0.9,0.25,0.75,0,6,431927
DPSO,wt_sds_93,0.9,0.25,0.75,0,7,431927
DPSO,wt_sds_93,0.9,0.25,0.75,0,8,431927
DPSO,wt_sds_93,0.9,0.25,0.75,0,9,431927
DPSO,wt_sds_93,0.9,0.25,0.75,0,10,431927
DPSO,wt_sds_93,0.9,0.25,0.75,1,0,431927
DPSO,wt_sds_93,0.9,0.25,0.75,1,1,431927
DPSO,wt_sds_93,0.9,0.25,0.75,1,2,431927
DPSO,wt_sds_93,0.9,0.25,0.75,1,3,431927
DPSO,wt_sds_93,0.9,0.25,0.75,1,4,431927
DPSO,wt_sds_93,0.9,0.25,0.75,1,5,431927
DPSO,wt_sds_93,0.9,0.25,0.75,1,6,431927
DPSO,wt_sds_93,0.9,0.25,0.75,1,7,431927
DPSO,wt_sds_93,0.9,0.25,0.75,1,8,431927
DPSO,wt_sds_93,0.9,0.25,0.75,1,9,431927
DPSO,wt_sds_93,0.9,0.25,0.75,1,10,431927
DPSO,wt_sds_93,0.9,0.25,0.75,2,0,431927
DPSO,wt_sds_93,0.9,0.25,0.75,2,1,431927
DPSO,wt_sds_93,0.9,0.25,0.75,2,2,431927
DPSO,wt_sds_93,0.9,0.25,0.75,2,3,431927
DPSO,wt_sds_93,0.9,0.25,0.75,2,4,431927
DPSO,wt_sds_93,0.9,0.25,0.75,2,5,431927
DPSO,wt_sds_93,0.9,0.25,0.75,2,6,431927
DPSO,wt_sds_93,0.9,0.25,0.75,2,7,431927
DPSO,wt_sds_93,0.9,0.25,0.75,2,8,431927
DPSO,wt_sds_93,0.9,0.25,0.75,2,9,431927
DPSO,wt_sds_93,0.9,0.25,0.75,2,10,431927
DPSO,wt_sds_93,0.9,0.25,0.75,3,0,431927
DPSO,wt_sds_93,0.9,0.25,0.75,3,1,431927
DPSO,wt_sds_93,0.9,0.25,0.75,3,2,431927
DPSO,wt_sds_93,0.9,0.25,0.75,3,3,431927
DPSO,wt_sds_93,0.9,0.25,0.75,3,4,431927
DPSO,wt_sds_93,0.9,0.25,0.75,3,5,431927
DPSO,wt_sds_93,0.9,0.25,0.75,3,6,431927
DPSO,wt_sds_93,0.9,0.25,0.75,3,7,431927
DPSO,wt_sds_93,0.9,0.25,0.75,3,8,431927
DPSO,wt_sds_93,0.9,0.25,0.75,3,9,431927
DPSO,wt_sds_93,0.9,0.25,0.75,3,10,431927
DPSO,wt_sds_93,0.9,0.25,0.75,4,0,431927
DPSO,wt_sds_93,0.9,0.25,0.75,4,1,431927
DPSO,wt_sds_93,0.9,0.25,0.75,4,2,431927
DPSO,wt_sds_93,0.9,0.25,0.75,4,3,431927
DPSO,wt_sds_93,0.9,0.25,0.75,4,4,431927
DPSO,wt_sds_93,0.9,0.25,0.75,4,5,431927
DPSO,wt_sds_93,0.9,0.25,0.75,4,6,431927
DPSO,wt_sds_93,0.9,0.25,0.75,4,7,431927
DPSO,wt_sds_93,0.9,0.25,0.75,4,8,431927
DPSO,wt_sds_93,0.9,0.25,0.75,4,9,431927
DPSO,wt_sds_93,0.9,0.25,0.75,4,10,431927
DPSO,wt_sds_94,0.9,0.25,0.75,0,0,357721
DPSO,wt_sds_94,0.9,0.25,0.75,0,1,357478
DPSO,wt_sds_94,0.9,0.25,0.75,0,2,357213
DPSO,wt_sds_94,0.9,0.25,0.75,0,3,357213
DPSO,wt_sds_94,0.9,0.25,0.75,0,4,357213
DPSO,wt_sds_94,0.9,0.25,0.75,0,5,357213
DPSO,wt_sds_94,0.9,0.25,0.75,0,6,357213
DPSO,wt_sds_94,0.9,0.25,0.75,0,7,357213
DPSO,wt_sds_94,0.9,0.25,0.75,0,8,357213
DPSO,wt_sds_94,0.9,0.25,0.75,0,9,357213
DPSO,wt_sds_94,0.9,0.25,0.75,0,10,357213
DPSO,wt_sds_94,0.9,0.25,0.75,1,0,357721
DPSO,wt_sds_94,0.9,0.25,0.75,1,1,357590
DPSO,wt_sds_94,0.9,0.25,0.75,1,2,357590
DPSO,wt_sds_94,0.9,0.25,0.75,1,3,357590
DPSO,wt_sds_94,0.9,0.25,0.75,1,4,357590
DPSO,wt_sds_94,0.9,0.25,0.75,1,5,357590
DPSO,wt_sds_94,0.9,0.25,0.75,1,6,357590
DPSO,wt_sds_94,0.9,0.25,0.75,1,7,357590
DPSO,wt_sds_94,0.9,0.25,0.75,1,8,357559
DPSO,wt_sds_94,0.9,0.25,0.75,1,9,357559
DPSO,wt_sds_94,0.9,0.25,0.75,1,10,357559
DPSO,wt_sds_94,0.9,0.25,0.75,2,0,357721
DPSO,wt_sds_94,0.9,0.25,0.75,2,1,357590
DPSO,wt_sds_94,0.9,0.25,0.75,2,2,357213
DPSO,wt_sds_94,0.9,0.25,0.75,2,3,357213
DPSO,wt_sds_94,0.9,0.25,0.75,2,4,357213
DPSO,wt_sds_94,0.9,0.25,0.75,2,5,357213
DPSO,wt_sds_94,0.9,0.25,0.75,2,6,357213
DPSO,wt_sds_94,0.9,0.25,0.75,2,7,357213
DPSO,wt_sds_94,0.9,0.25,0.75,2,8,357213
DPSO,wt_sds_94,0.9,0.25,0.75,2,9,357213
DPSO,wt_sds_94,0.9,0.25,0.75,2,10,357213
DPSO,wt_sds_94,0.9,0.25,0.75,3,0,357721
DPSO,wt_sds_94,0.9,0.25,0.75,3,1,357341
DPSO,wt_sds_94,0.9,0.25,0.75,3,2,357213
DPSO,wt_sds_94,0.9,0.25,0.75,3,3,357213
DPSO,wt_sds_94,0.9,0.25,0.75,3,4,357213
DPSO,wt_sds_94,0.9,0.25,0.75,3,5,357213
DPSO,wt_sds_94,0.9,0.25,0.75,3,6,357213
DPSO,wt_sds_94,0.9,0.25,0.75,3,7,357213
DPSO,wt_sds_94,0.9,0.25,0.75,3,8,357213
DPSO,wt_sds_94,0.9,0.25,0.75,3,9,357213
DPSO,wt_sds_94,0.9,0.25,0.75,3,10,357213
DPSO,wt_sds_94,0.9,0.25,0.75,4,0,357721
DPSO,wt_sds_94,0.9,0.25,0.75,4,1,357341
DPSO,wt_sds_94,0.9,0.25,0.75,4,2,357213
DPSO,wt_sds_94,0.9,0.25,0.75,4,3,357213
DPSO,wt_sds_94,0.9,0.25,0.75,4,4,357213
DPSO,wt_sds_94,0.9,0.25,0.75,4,5,357213
DPSO,wt_sds_94,0.9,0.25,0.75,4,6,357213
DPSO,wt_sds_94,0.9,0.25,0.75,4,7,357213
DPSO,wt_sds_94,0.9,0.25,0.75,4,8,357213
DPSO,wt_sds_94,0.9,0.25,0.75,4,9,357213
DPSO,wt_sds_94,0.9,0.25,0.75,4,10,357213
DPSO,wt_sds_95,0.9,0.25,0.75,0,0,569806
DPSO,wt_sds_95,0.9,0.25,0.75,0,1,569806
DPSO,wt_sds_95,0.9,0.25,0.75,0,2,569806
DPSO,wt_sds_95,0.9,0.25,0.75,0,3,569806
DPSO,wt_sds_95,0.9,0.25,0.75,0,4,567920
DPSO,wt_sds_95,0.9,0.25,0.75,0,5,567920
DPSO,wt_sds_95,0.9,0.25,0.75,0,6,567920
DPSO,wt_sds_95,0.9,0.25,0.75,0,7,567920
DPSO,wt_sds_95,0.9,0.25,0.75,0,8,567920
DPSO,wt_sds_95,0.9,0.25,0.75,0,9,567920
DPSO,wt_sds_95,0.9,0.25,0.75,0,10,567920
DPSO,wt_sds_95,0.9,0.25,0.75,1,0,569806
DPSO,wt_sds_95,0.9,0.25,0.75,1,1,569632
DPSO,wt_sds_95,0.9,0.25,0.75,1,2,569046
DPSO,wt_sds_95,0.9,0.25,0.75,1,3,568216
DPSO,wt_sds_95,0.9,0.25,0.75,1,4,568216
DPSO,wt_sds_95,0.9,0.25,0.75,1,5,568216
DPSO,wt_sds_95,0.9,0.25,0.75,1,6,568216
DPSO,wt_sds_95,0.9,0.25,0.75,1,7,568216
DPSO,wt_sds_95,0.9,0.25,0.75,1,8,568092
DPSO,wt_sds_95,0.9,0.25,0.75,1,9,568092
DPSO,wt_sds_95,0.9,0.25,0.75,1,10,568092
DPSO,wt_sds_95,0.9,0.25,0.75,2,0,569806
DPSO,wt_sds_95,0.9,0.25,0.75,2,1,568642
DPSO,wt_sds_95,0.9,0.25,0.75,2,2,568218
DPSO,wt_sds_95,0.9,0.25,0.75,2,3,568115
DPSO,wt_sds_95,0.9,0.25,0.75,2,4,568115
DPSO,wt_sds_95,0.9,0.25,0.75,2,5,568115
DPSO,wt_sds_95,0.9,0.25,0.75,2,6,568115
DPSO,wt_sds_95,0.9,0.25,0.75,2,7,568115
DPSO,wt_sds_95,0.9,0.25,0.75,2,8,568115
DPSO,wt_sds_95,0.9,0.25,0.75,2,9,568115
DPSO,wt_sds_95,0.9,0.25,0.75,2,10,568115
DPSO,wt_sds_95,0.9,0.25,0.75,3,0,569806
DPSO,wt_sds_95,0.9,0.25,0.75,3,1,569632
DPSO,wt_sds_95,0.9,0.25,0.75,3,2,569632
DPSO,wt_sds_95,0.9,0.25,0.75,3,3,569632
DPSO,wt_sds_95,0.9,0.25,0.75,3,4,568218
DPSO,wt_sds_95,0.9,0.25,0.75,3,5,568045
DPSO,wt_sds_95,0.9,0.25,0.75,3,6,567920
DPSO,wt_sds_95,0.9,0.25,0.75,3,7,567920
DPSO,wt_sds_95,0.9,0.25,0.75,3,8,567920
DPSO,wt_sds_95,0.9,0.25,0.75,3,9,567920
DPSO,wt_sds_95,0.9,0.25,0.75,3,10,567920
DPSO,wt_sds_95,0.9,0.25,0.75,4,0,569806
DPSO,wt_sds_95,0.9,0.25,0.75,4,1,569632
DPSO,wt_sds_95,0.9,0.25,0.75,4,2,569632
DPSO,wt_sds_95,0.9,0.25,0.75,4,3,567473
DPSO,wt_sds_95,0.9,0.25,0.75,4,4,567473
DPSO,wt_sds_95,0.9,0.25,0.75,4,5,567473
DPSO,wt_sds_95,0.9,0.25,0.75,4,6,567473
DPSO,wt_sds_95,0.9,0.25,0.75,4,7,567473
DPSO,wt_sds_95,0.9,0.25,0.75,4,8,567473
DPSO,wt_sds_95,0.9,0.25,0.75,4,9,567473
DPSO,wt_sds_95,0.9,0.25,0.75,4,10,567473
DPSO,wt_sds_101,0.9,0.75,0.25,0,0,362875
DPSO,wt_sds_101,0.9,0.75,0.25,0,1,360647
DPSO,wt_sds_101,0.9,0.75,0.25,0,2,360647
DPSO,wt_sds_101,0.9,0.75,0.25,0,3,360577
DPSO,wt_sds_101,0.9,0.75,0.25,0,4,360577
DPSO,wt_sds_101,0.9,0.75,0.25,0,5,360577
DPSO,wt_sds_101,0.9,0.75,0.25,0,6,360577
DPSO,wt_sds_101,0.9,0.75,0.25,0,7,360577
DPSO,wt_sds_101,0.9,0.75,0.25,0,8,360577
DPSO,wt_sds_101,0.9,0.75,0.25,0,9,360577
DPSO,wt_sds_101,0.9,0.75,0.25,0,10,360577
DPSO,wt_sds_101,0.9,0.75,0.25,1,0,362875
DPSO,wt_sds_101,0.9,0.75,0.25,1,1,360650
DPSO,wt_sds_101,0.9,0.75,0.25,1,2,360539
DPSO,wt_sds_101,0.9,0.75,0.25,1,3,360539
DPSO,wt_sds_101,0.9,0.75,0.25,1,4,360539
DPSO,wt_sds_101,0.9,0.75,0.25,1,5,360539
DPSO,wt_sds_101,0.9,0.75,0.25,1,6,360539
DPSO,wt_sds_101,0.9,0.75,0.25,1,7,360539
DPSO,wt_sds_101,0.9,0.75,0.25,1,8,360539
DPSO,wt_sds_101,0.9,0.75,0.25,1,9,360539
DPSO,wt_sds_101,0.9,0.75,0.25,1,10,360369
DPSO,wt_sds_101,0.9,0.75,0.25,2,0,362875
DPSO,wt_sds_101,0.9,0.75,0.25,2,1,360539
DPSO,wt_sds_101,0.9,0.75,0.25,2,2,360539
DPSO,wt_sds_101,0.9,0.75,0.25,2,3,360539
DPSO,wt_sds_101,0.9,0.75,0.25,2,4,360539
DPSO,wt_sds_101,0.9,0.75,0.25,2,5,360539
DPSO,wt_sds_101,0.9,0.75,0.25,2,6,360539
DPSO,wt_sds_101,0.9,0.75,0.25,2,7,360539
DPSO,wt_sds_101,0.9,0.75,0.25,2,8,360539
DPSO,wt_sds_101,0.9,0.75,0.25,2,9,360539
DPSO,wt_sds_101,0.9,0.75,0.25,2,10,360539
DPSO,wt_sds_101,0.9,0.75,0.25,3,0,362875
DPSO,wt_sds_101,0.9,0.75,0.25,3,1,362681
DPSO,wt_sds_101,0.9,0.75,0.25,3,2,362611
DPSO,wt_sds_101,0.9,0.75,0.25,3,3,362611
DPSO,wt_sds_101,0.9,0.75,0.25,3,4,362611
DPSO,wt_sds_101,0.9,0.75,0.25,3,5,360577
DPSO,wt_sds_101,0.9,0.75,0.25,3,6,360577
DPSO,wt_sds_101,0.9,0.75,0.25,3,7,360577
DPSO,wt_sds_101,0.9,0.75,0.25,3,8,360577
DPSO,wt_sds_101,0.9,0.75,0.25,3,9,360577
DPSO,wt_sds_101,0.9,0.75,0.25,3,10,360577
DPSO,wt_sds_101,0.9,0.75,0.25,4,0,362875
DPSO,wt_sds_101,0.9,0.75,0.25,4,1,360697
DPSO,wt_sds_101,0.9,0.75,0.25,4,2,360577
DPSO,wt_sds_101,0.9,0.75,0.25,4,3,360577
DPSO,wt_sds_101,0.9,0.75,0.25,4,4,360577
DPSO,wt_sds_101,0.9,0.75,0.25,4,5,360577
DPSO,wt_sds_101,0.9,0.75,0.25,4,6,360577
DPSO,wt_sds_101,0.9,0.75,0.25,4,7,360577
DPSO,wt_sds_101,0.9,0.75,0.25,4,8,360577
DPSO,wt_sds_101,0.9,0.75,0.25,4,9,360577
DPSO,wt_sds_101,0.9,0.75,0.25,4,10,360577
DPSO,wt_sds_102,0.9,0.75,0.25,0,0,498978
DPSO,wt_sds_102,0.9,0.75,0.25,0,1,498895
DPSO,wt_sds_102,0.9,0.75,0.25,0,2,498895
DPSO,wt_sds_102,0.9,0.75,0.25,0,3,498895
DPSO,wt_sds_102,0.9,0.75,0.25,0,4,498856
DPSO,wt_sds_102,0.9,0.75,0.25,0,5,498856
DPSO,wt_sds_102,0.9,0.75,0.25,0,6,498856
DPSO,wt_sds_102,0.9,0.75,0.25,0,7,498856
DPSO,wt_sds_102,0.9,0.75,0.25,0,8,498856
DPSO,wt_sds_102,0.9,0.75,0.25,0,9,498856
DPSO,wt_sds_102,0.9,0.75,0.25,0,10,498856
DPSO,wt_sds_102,0.9,0.75,0.25,1,0,498978
DPSO,wt_sds_102,0.9,0.75,0.25,1,1,498920
DPSO,wt_sds_102,0.9,0.75,0.25,1,2,498895
DPSO,wt_sds_102,0.9,0.75,0.25,1,3,498895
DPSO,wt_sds_102,0.9,0.75,0.25,1,4,498856
DPSO,wt_sds_102,0.9,0.75,0.25,1,5,498856
DPSO,wt_sds_102,0.9,0.75,0.25,1,6,498856
DPSO,wt_sds_102,0.9,0.75,0.25,1,7,498856
DPSO,wt_sds_102,0.9,0.75,0.25,1,8,498856
DPSO,wt_sds_102,0.9,0.75,0.25,1,9,498856
DPSO,wt_sds_102,0.9,0.75,0.25,1,10,498856
DPSO,wt_sds_102,0.9,0.75,0.25,2,0,498978
DPSO,wt_sds_102,0.9,0.75,0.25,2,1,498920
DPSO,wt_sds_102,0.9,0.75,0.25,2,2,498895
DPSO,wt_sds_102,0.9,0.75,0.25,2,3,498856
DPSO,wt_sds_102,0.9,0.75,0.25,2,4,498856
DPSO,wt_sds_102,0.9,0.75,0.25,2,5,498856
DPSO,wt_sds_102,0.9,0.75,0.25,2,6,498856
DPSO,wt_sds_102,0.9,0.75,0.25,2,7,498856
DPSO,wt_sds_102,0.9,0.75,0.25,2,8,498856
DPSO,wt_sds_102,0.9,0.75,0.25,2,9,498856
DPSO,wt_sds_102,0.9,0.75,0.25,2,10,498856
DPSO,wt_sds_102,0.9,0.75,0.25,3,0,498978
DPSO,wt_sds_102,0.9,0.75,0.25,3,1,498920
DPSO,wt_sds_102,0.9,0.75,0.25,3,2,498856
DPSO,wt_sds_102,0.9,0.75,0.25,3,3,498856
DPSO,wt_sds_102,0.9,0.75,0.25,3,4,498856
DPSO,wt_sds_102,0.9,0.75,0.25,3,5,498856
DPSO,wt_sds_102,0.9,0.75,0.25,3,6,498856
DPSO,wt_sds_102,0.9,0.75,0.25,3,7,498856
DPSO,wt_sds_102,0.9,0.75,0.25,3,8,498856
DPSO,wt_sds_102,0.9,0.75,0.25,3,9,498856
DPSO,wt_sds_102,0.9,0.75,0.25,3,10,498856
DPSO,wt_sds_102,0.9,0.75,0.25,4,0,498978
DPSO,wt_sds_102,0.9,0.75,0.25,4,1,498920
DPSO,wt_sds_102,0.9,0.75,0.25,4,2,498895
DPSO,wt_sds_102,0.9,0.75,0.25,4,3,498856
DPSO,wt_sds_102,0.9,0.75,0.25,4,4,498856
DPSO,wt_sds_102,0.9,0.75,0.25,4,5,498856
DPSO,wt_sds_102,0.9,0.75,0.25,4,6,498856
DPSO,wt_sds_102,0.9,0.75,0.25,4,7,498856
DPSO,wt_sds_102,0.9,0.75,0.25,4,8,498856
DPSO,wt_sds_102,0.9,0.75,0.25,4,9,498856
DPSO,wt_sds_102,0.9,0.75,0.25,4,10,498856
DPSO,wt_sds_103,0.9,0.75,0.25,0,0,399977
DPSO,wt_sds_103,0.9,0.75,0.25,0,1,397185
DPSO,wt_sds_103,0.9,0.75,0.25,0,2,397185
DPSO,wt_sds_103,0.9,0.75,0.25,0,3,397011
DPSO,wt_sds_103,0.9,0.75,0.25,0,4,396991
DPSO,wt_sds_103,0.9,0.75,0.25,0,5,396991
DPSO,wt_sds_103,0.9,0.75,0.25,0,6,396959
DPSO,wt_sds_103,0.9,0.75,0.25,0,7,396905
DPSO,wt_sds_103,0.9,0.75,0.25,0,8,396905
DPSO,wt_sds_103,0.9,0.75,0.25,0,9,394604
DPSO,wt_sds_103,0.9,0.75,0.25,0,10,394604
DPSO,wt_sds_103,0.9,0.75,0.25,1,0,399977
DPSO,wt_sds_103,0.9,0.75,0.25,1,1,399313
DPSO,wt_sds_103,0.9,0.75,0.25,1,2,399313
DPSO,wt_sds_103,0.9,0.75,0.25,1,3,399313
DPSO,wt_sds_103,0.9,0.75,0.25,1,4,399313
DPSO,wt_sds_103,0.9,0.75,0.25,1,5,399266
DPSO,wt_sds_103,0.9,0.75,0.25,1,6,399266
DPSO,wt_sds_103,0.9,0.75,0.25,1,7,399266
DPSO,wt_sds_103,0.9,0.75,0.25,1,8,399070
DPSO,wt_sds_103,0.9,0.75,0.25,1,9,398964
DPSO,wt_sds_103,0.9,0.75,0.25,1,10,394604
DPSO,wt_sds_103,0.9,0.75,0.25,2,0,399977
DPSO,wt_sds_103,0.9,0.75,0.25,2,1,397207
DPSO,wt_sds_103,0.9,0.75,0.25,2,2,397207
DPSO,wt_sds_103,0.9,0.75,0.25,2,3,397185
DPSO,wt_sds_103,0.9,0.75,0.25,2,4,396964
DPSO,wt_sds_103,0.9,0.75,0.25,2,5,396944
DPSO,wt_sds_103,0.9,0.75,0.25,2,6,396856
DPSO,wt_sds_103,0.9,0.75,0.25,2,7,396856
DPSO,wt_sds_103,0.9,0.75,0.25,2,8,396856
DPSO,wt_sds_103,0.9,0.75,0.25,2,9,396856
DPSO,wt_sds_103,0.9,0.75,0.25,2,10,396856
DPSO,wt_sds_103,0.9,0.75,0.25,3,0,399977
DPSO,wt_sds_103,0.9,0.75,0.25,3,1,399262
DPSO,wt_sds_103,0.9,0.75,0.25,3,2,399145
DPSO,wt_sds_103,0.9,0.75,0.25,3,3,399053
DPSO,wt_sds_103,0.9,0.75,0.25,3,4,399053
DPSO,wt_sds_103,0.9,0.75,0.25,3,5,396947
DPSO,wt_sds_103,0.9,0.75,0.25,3,6,396947
DPSO,wt_sds_103,0.9,0.75,0.25,3,7,396947
DPSO,wt_sds_103,0.9,0.75,0.25,3,8,396947
DPSO,wt_sds_103,0.9,0.75,0.25,3,9,396947
DPSO,wt_sds_103,0.9,0.75,0.25,3,10,396947
DPSO,wt_sds_103,0.9,0.75,0.25,4,0,399977
DPSO,wt_sds_103,0.9,0.75,0.25,4,1,399321
DPSO,wt_sds_103,0.9,0.75,0.25,4,2,399321
DPSO,wt_sds_103,0.9,0.75,0.25,4,3,399262
DPSO,wt_sds_103,0.9,0.75,0.25,4,4,394693
DPSO,wt_sds_103,0.9,0.75,0.25,4,5,394693
DPSO,wt_sds_103,0.9,0.75,0.25,4,6,394693
DPSO,wt_sds_103,0.9,0.75,0.25,4,7,394693
DPSO,wt_sds_103,0.9,0.75,0.25,4,8,394693
DPSO,wt_sds_103,0.9,0.75,0.25,4,9,394693
DPSO,wt_sds_103,0.9,0.75,0.25,4,10,394693
DPSO,wt_sds_104,0.9,0.75,0.25,0,0,370253
DPSO,wt_sds_104,0.9,0.75,0.25,0,1,370229
DPSO,wt_sds_104,0.9,0.75,0.25,0,2,370033
DPSO,wt_sds_104,0.9,0.75,0.25,0,3,368851
DPSO,wt_sds_104,0.9,0.75,0.25,0,4,368851
DPSO,wt_sds_104,0.9,0.75,0.25,0,5,368851
DPSO,wt_sds_104,0.9,0.75,0.25,0,6,368851
DPSO,wt_sds_104,0.9,0.75,0.25,0,7,368851
DPSO,wt_sds_104,0.9,0.75,0.25,0,8,368851
DPSO,wt_sds_104,0.9,0.75,0.25,0,9,368851
DPSO,wt_sds_104,0.9,0.75,0.25,0,10,368851
DPSO,wt_sds_104,0.9,0.75,0.25,1,0,370253
DPSO,wt_sds_104,0.9,0.75,0.25,1,1,370253
DPSO,wt_sds_104,0.9,0.75,0.25,1,2,369047
DPSO,wt_sds_104,0.9,0.75,0.25,1,3,368851
DPSO,wt_sds_104,0.9,0.75,0.25,1,4,368851
DPSO,wt_sds_104,0.9,0.75,0.25,1,5,368851
DPSO,wt_sds_104,0.9,0.75,0.25,1,6,368851
DPSO,wt_sds_104,0.9,0.75,0.25,1,7,368851
DPSO,wt_sds_104,0.9,0.75,0.25,1,8,368851
DPSO,wt_sds_104,0.9,0.75,0.25,1,9,368851
DPSO,wt_sds_104,0.9,0.75,0.25,1,10,368851
DPSO,wt_sds_104,0.9,0.75,0.25,2,0,370253
DPSO,wt_sds_104,0.9,0.75,0.25,2,1,370229
DPSO,wt_sds_104,0.9,0.75,0.25,2,2,370033
DPSO,wt_sds_104,0.9,0.75,0.25,2,3,370033
DPSO,wt_sds_104,0.9,0.75,0.25,2,4,370033
DPSO,wt_sds_104,0.9,0.75,0.25,2,5,370033
DPSO,wt_sds_104,0.9,0.75,0.25,2,6,368851
DPSO,wt_sds_104,0.9,0.75,0.25,2,7,368851
DPSO,wt_sds_104,0.9,0.75,0.25,2,8,368851
DPSO,wt_sds_104,0.9,0.75,0.25,2,9,368851
DPSO,wt_sds_104,0.9,0.75,0.25,2,10,368851
DPSO,wt_sds_104,0.9,0.75,0.25,3,0,370253
DPSO,wt_sds_104,0.9,0.75,0.25,3,1,368896
DPSO,wt_sds_104,0.9,0.75,0.25,3,2,368896
DPSO,wt_sds_104,0.9,0.75,0.25,3,3,368896
DPSO,wt_sds_104,0.9,0.75,0.25,3,4,368884
DPSO,wt_sds_104,0.9,0.75,0.25,3,5,368851
DPSO,wt_sds_104,0.9,0.75,0.25,3,6,368851
DPSO,wt_sds_104,0.9,0.75,0.25,3,7,368851
DPSO,wt_sds_104,0.9,0.75,0.25,3,8,368851
DPSO,wt_sds_104,0.9,0.75,0.25,3,9,368851
DPSO,wt_sds_104,0.9,0.75,0.25,3,10,368851
DPSO,wt_sds_104,0.9,0.75,0.25,4,0,370253
DPSO,wt_sds_104,0.9,0.75,0.25,4,1,370253
DPSO,wt_sds_104,0.9,0.75,0.25,4,2,370229
DPSO,wt_sds_104,0.9,0.75,0.25,4,3,370033
DPSO,wt_sds_104,0.9,0.75,0.25,4,4,370033
DPSO,wt_sds_104,0.9,0.75,0.25,4,5,370033
DPSO,wt_sds_104,0.9,0.75,0.25,4,6,370033
DPSO,wt_sds_104,0.9,0.75,0.25,4,7,370033
DPSO,wt_sds_104,0.9,0.75,0.25,4,8,370033
DPSO,wt_sds_104,0.9,0.75,0.25,4,9,370033
DPSO,wt_sds_104,0.9,0.75,0.25,4,10,368851
DPSO,wt_sds_105,0.9,0.75,0.25,0,0,465059
DPSO,wt_sds_105,0.9,0.75,0.25,0,1,465045
DPSO,wt_sds_105,0.9,0.75,0.25,0,2,465045
DPSO,wt_sds_105,0.9,0.75,0.25,0,3,465045
DPSO,wt_sds_105,0.9,0.75,0.25,0,4,465045
DPSO,wt_sds_105,0.9,0.75,0.25,0,5,465045
DPSO,wt_sds_105,0.9,0.75,0.25,0,6,465045
DPSO,wt_sds_105,0.9,0.75,0.25,0,7,465045
DPSO,wt_sds_105,0.9,0.75,0.25,0,8,465045
DPSO,wt_sds_105,0.9,0.75,0.25,0,9,465045
DPSO,wt_sds_105,0.9,0.75,0.25,0,10,465045
DPSO,wt_sds_105,0.9,0.75,0.25,1,0,465059
DPSO,wt_sds_105,0.9,0.75,0.25,1,1,465045
DPSO,wt_sds_105,0.9,0.75,0.25,1,2,465045
DPSO,wt_sds_105,0.9,0.75,0.25,1,3,465045
DPSO,wt_sds_105,0.9,0.75,0.25,1,4,465045
DPSO,wt_sds_105,0.9,0.75,0.25,1,5,465045
DPSO,wt_sds_105,0.9,0.75,0.25,1,6,465045
DPSO,wt_sds_105,0.9,0.75,0.25,1,7,465045
DPSO,wt_sds_105,0.9,0.75,0.25,1,8,465045
DPSO,wt_sds_105,0.9,0.75,0.25,1,9,465045
DPSO,wt_sds_105,0.9,0.75,0.25,1,10,465045
DPSO,wt_sds_105,0.9,0.75,0.25,2,0,465059
DPSO,wt_sds_105,0.9,0.75,0.25,2,1,465045
DPSO,wt_sds_105,0.9,0.75,0.25,2,2,465045
DPSO,wt_sds_105,0.9,0.75,0.25,2,3,465045
DPSO,wt_sds_105,0.9,0.75,0.25,2,4,465045
DPSO,wt_sds_105,0.9,0.75,0.25,2,5,465045
DPSO,wt_sds_105,0.9,0.75,0.25,2,6,465045
DPSO,wt_sds_105,0.9,0.75,0.25,2,7,465045
DPSO,wt_sds_105,0.9,0.75,0.25,2,8,465045
DPSO,wt_sds_105,0.9,0.75,0.25,2,9,465045
DPSO,wt_sds_105,0.9,0.75,0.25,2,10,465045
DPSO,wt_sds_105,0.9,0.75,0.25,3,0,465059
DPSO,wt_sds_105,0.9,0.75,0.25,3,1,465059
DPSO,wt_sds_105,0.9,0.75,0.25,3,2,465059
DPSO,wt_sds_105,0.9,0.75,0.25,3,3,465045
DPSO,wt_sds_105,0.9,0.75,0.25,3,4,465045
DPSO,wt_sds_105,0.9,0.75,0.25,3,5,465045
DPSO,wt_sds_105,0.9,0.75,0.25,3,6,465045
DPSO,wt_sds_105,0.9,0.75,0.25,3,7,465045
DPSO,wt_sds_105,0.9,0.75,0.25,3,8,465045
DPSO,wt_sds_105,0.9,0.75,0.25,3,9,465045
DPSO,wt_sds_105,0.9,0.75,0.25,3,10,465045
DPSO,wt_sds_105,0.9,0.75,0.25,4,0,465059
DPSO,wt_sds_105,0.9,0.75,0.25,4,1,465045
DPSO,wt_sds_105,0.9,0.75,0.25,4,2,465045
DPSO,wt_sds_105,0.9,0.75,0.25,4,3,465045
DPSO,wt_sds_105,0.9,0.75,0.25,4,4,465045
DPSO,wt_sds_105,0.9,0.75,0.25,4,5,465045
DPSO,wt_sds_105,0.9,0.75,0.25,4,6,465045
DPSO,wt_sds_105,0.9,0.75,0.25,4,7,465045
DPSO,wt_sds_105,0.9,0.75,0.25,4,8,465045
DPSO,wt_sds_105,0.9,0.75,0.25,4,9,465045
DPSO,wt_sds_105,0.9,0.75,0.25,4,10,465045
DPSO,wt_sds_111,0.9,0.75,0.75,0,0,365649
DPSO,wt_sds_111,0.9,0.75,0.75,0,1,365439
DPSO,wt_sds_111,0.9,0.75,0.75,0,2,365439
DPSO,wt_sds_111,0.9,0.75,0.75,0,3,365439
DPSO,wt_sds_111,0.9,0.75,0.75,0,4,365439
DPSO,wt_sds_111,0.9,0.75,0.75,0,5,365409
DPSO,wt_sds_111,0.9,0.75,0.75,0,6,365409
DPSO,wt_sds_111,0.9,0.75,0.75,0,7,365409
DPSO,wt_sds_111,0.9,0.75,0.75,0,8,365409
DPSO,wt_sds_111,0.9,0.75,0.75,0,9,365409
DPSO,wt_sds_111,0.9,0.75,0.75,0,10,365409
DPSO,wt_sds_111,0.9,0.75,0.75,1,0,365649
DPSO,wt_sds_111,0.9,0.75,0.75,1,1,365607
DPSO,wt_sds_111,0.9,0.75,0.75,1,2,365553
DPSO,wt_sds_111,0.9,0.75,0.75,1,3,365553
DPSO,wt_sds_111,0.9,0.75,0.75,1,4,365553
DPSO,wt_sds_111,0.9,0.75,0.75,1,5,365409
DPSO,wt_sds_111,0.9,0.75,0.75,1,6,365409
DPSO,wt_sds_111,0.9,0.75,0.75,1,7,365409
DPSO,wt_sds_111,0.9,0.75,0.75,1,8,365409
DPSO,wt_sds_111,0.9,0.75,0.75,1,9,365409
DPSO,wt_sds_111,0.9,0.75,0.75,1,10,365409
DPSO,wt_sds_111,0.9,0.75,0.75,2,0,365649
DPSO,wt_sds_111,0.9,0.75,0.75,2,1,365637
DPSO,wt_sds_111,0.9,0.75,0.75,2,2,365553
DPSO,wt_sds_111,0.9,0.75,0.75,2,3,365409
DPSO,wt_sds_111,0.9,0.75,0.75,2,4,365409
DPSO,wt_sds_111,0.9,0.75,0.75,2,5,365409
DPSO,wt_sds_111,0.9,0.75,0.75,2,6,365409
DPSO,wt_sds_111,0.9,0.75,0.75,2,7,365409
DPSO,wt_sds_111,0.9,0.75,0.75,2,8,365409
DPSO,wt_sds_111,0.9,0.75,0.75,2,9,365409
DPSO,wt_sds_111,0.9,0.75,0.75,2,10,365409
DPSO,wt_sds_111,0.9,0.75,0.75,3,0,365649
DPSO,wt_sds_111,0.9,0.75,0.75,3,1,365637
DPSO,wt_sds_111,0.9,0.75,0.75,3,2,365583
DPSO,wt_sds_111,0.9,0.75,0.75,3,3,365439
DPSO,wt_sds_111,0.9,0.75,0.75,3,4,365439
DPSO,wt_sds_111,0.9,0.75,0.75,3,5,365409
DPSO,wt_sds_111,0.9,0.75,0.75,3,6,365409
DPSO,wt_sds_111,0.9,0.75,0.75,3,7,365409
DPSO,wt_sds_111,0.9,0.75,0.75,3,8,365409
DPSO,wt_sds_111,0.9,0.75,0.75,3,9,365409
DPSO,wt_sds_111,0.9,0.75,0.75,3,10,365409
DPSO,wt_sds_111,0.9,0.75,0.75,4,0,365649
DPSO,wt_sds_111,0.9,0.75,0.75,4,1,365649
DPSO,wt_sds_111,0.9,0.75,0.75,4,2,365619
DPSO,wt_sds_111,0.9,0.75,0.75,4,3,365619
DPSO,wt_sds_111,0.9,0.75,0.75,4,4,365619
DPSO,wt_sds_111,0.9,0.75,0.75,4,5,365409
DPSO,wt_sds_111,0.9,0.75,0.75,4,6,365409
DPSO,wt_sds_111,0.9,0.75,0.75,4,7,365409
DPSO,wt_sds_111,0.9,0.75,0.75,4,8,365409
DPSO,wt_sds_111,0.9,0.75,0.75,4,9,365409
DPSO,wt_sds_111,0.9,0.75,0.75,4,10,365409
DPSO,wt_sds_112,0.9,0.75,0.75,0,0,402909
DPSO,wt_sds_112,0.9,0.75,0.75,0,1,402853
DPSO,wt_sds_112,0.9,0.75,0.75,0,2,402635
DPSO,wt_sds_112,0.9,0.75,0.75,0,3,402602
DPSO,wt_sds_112,0.9,0.75,0.75,0,4,398517
DPSO,wt_sds_112,0.9,0.75,0.75,0,5,398517
DPSO,wt_sds_112,0.9,0.75,0.75,0,6,398517
DPSO,wt_sds_112,0.9,0.75,0.75,0,7,398517
DPSO,wt_sds_112,0.9,0.75,0.75,0,8,398517
DPSO,wt_sds_112,0.9,0.75,0.75,0,9,398517
DPSO,wt_sds_112,0.9,0.75,0.75,0,10,398517
DPSO,wt_sds_112,0.9,0.75,0.75,1,0,402909
DPSO,wt_sds_112,0.9,0.75,0.75,1,1,402909
DPSO,wt_sds_112,0.9,0.75,0.75,1,2,402853
DPSO,wt_sds_112,0.9,0.75,0.75,1,3,398748
DPSO,wt_sds_112,0.9,0.75,0.75,1,4,398550
DPSO,wt_sds_112,0.9,0.75,0.75,1,5,398550
DPSO,wt_sds_112,0.9,0.75,0.75,1,6,398550
DPSO,wt_sds_112,0.9,0.75,0.75,1,7,398550
DPSO,wt_sds_112,0.9,0.75,0.75,1,8,398517
DPSO,wt_sds_112,0.9,0.75,0.75,1,9,398517
DPSO,wt_sds_112,0.9,0.75,0.75,1,10,398517
DPSO,wt_sds_112,0.9,0.75,0.75,2,0,402909
DPSO,wt_sds_112,0.9,0.75,0.75,2,1,402909
DPSO,wt_sds_112,0.9,0.75,0.75,2,2,402909
DPSO,wt_sds_112,0.9,0.75,0.75,2,3,402853
DPSO,wt_sds_112,0.9,0.75,0.75,2,4,402519
DPSO,wt_sds_112,0.9,0.75,0.75,2,5,402519
DPSO,wt_sds_112,0.9,0.75,0.75,2,6,402519
DPSO,wt_sds_112,0.9,0.75,0.75,2,7,402519
DPSO,wt_sds_112,0.9,0.75,0.75,2,8,398414
DPSO,wt_sds_112,0.9,0.75,0.75,2,9,398414
DPSO,wt_sds_112,0.9,0.75,0.75,2,10,398414
DPSO,wt_sds_112,0.9,0.75,0.75,3,0,402909
DPSO,wt_sds_112,0.9,0.75,0.75,3,1,398748
DPSO,wt_sds_112,0.9,0.75,0.75,3,2,398496
DPSO,wt_sds_112,0.9,0.75,0.75,3,3,398496
DPSO,wt_sds_112,0.9,0.75,0.75,3,4,398414
DPSO,wt_sds_112,0.9,0.75,0.75,3,5,398414
DPSO,wt_sds_112,0.9,0.75,0.75,3,6,398414
DPSO,wt_sds_112,0.9,0.75,0.75,3,7,398414
DPSO,wt_sds_112,0.9,0.75,0.75,3,8,398414
DPSO,wt_sds_112,0.9,0.75,0.75,3,9,398414
DPSO,wt_sds_112,0.9,0.75,0.75,3,10,398414
DPSO,wt_sds_112,0.9,0.75,0.75,4,0,402909
DPSO,wt_sds_112,0.9,0.75,0.75,4,1,402857
DPSO,wt_sds_112,0.9,0.75,0.75,4,2,402601
DPSO,wt_sds_112,0.9,0.75,0.75,4,3,402601
DPSO,wt_sds_112,0.9,0.75,0.75,4,4,402601
DPSO,wt_sds_112,0.9,0.75,0.75,4,5,402519
DPSO,wt_sds_112,0.9,0.75,0.75,4,6,402519
DPSO,wt_sds_112,0.9,0.75,0.75,4,7,402519
DPSO,wt_sds_112,0.9,0.75,0.75,4,8,402519
DPSO,wt_sds_112,0.9,0.75,0.75,4,9,402519
DPSO,wt_sds_112,0.9,0.75,0.75,4,10,402519
DPSO,wt_sds_113,0.9,0.75,0.75,0,0,269459
DPSO,wt_sds_113,0.9,0.75,0.75,0,1,269459
DPSO,wt_sds_113,0.9,0.75,0.75,0,2,269459
DPSO,wt_sds_113,0.9,0.75,0.75,0,3,269459
DPSO,wt_sds_113,0.9,0.75,0.75,0,4,267486
DPSO,wt_sds_113,0.9,0.75,0.75,0,5,267486
DPSO,wt_sds_113,0.9,0.75,0.75,0,6,267486
DPSO,wt_sds_113,0.9,0.75,0.75,0,7,267486
DPSO,wt_sds_113,0.9,0.75,0.75,0,8,267486
DPSO,wt_sds_113,0.9,0.75,0.75,0,9,267486
DPSO,wt_sds_113,0.9,0.75,0.75,0,10,267486
DPSO,wt_sds_113,0.9,0.75,0.75,1,0,269459
DPSO,wt_sds_113,0.9,0.75,0.75,1,1,269212
DPSO,wt_sds_113,0.9,0.75,0.75,1,2,269212
DPSO,wt_sds_113,0.9,0.75,0.75,1,3,267486
DPSO,wt_sds_113,0.9,0.75,0.75,1,4,267486
DPSO,wt_sds_113,0.9,0.75,0.75,1,5,267486
DPSO,wt_sds_113,0.9,0.75,0.75,1,6,267486
DPSO,wt_sds_113,0.9,0.75,0.75,1,7,267486
DPSO,wt_sds_113,0.9,0.75,0.75,1,8,267486
DPSO,wt_sds_113,0.9,0.75,0.75,1,9,267486
DPSO,wt_sds_113,0.9,0.75,0.75,1,10,267486
DPSO,wt_sds_113,0.9,0.75,0.75,2,0,269459
DPSO,wt_sds_113,0.9,0.75,0.75,2,1,269289
DPSO,wt_sds_113,0.9,0.75,0.75,2,2,267563
DPSO,wt_sds_113,0.9,0.75,0.75,2,3,267563
DPSO,wt_sds_113,0.9,0.75,0.75,2,4,267563
DPSO,wt_sds_113,0.9,0.75,0.75,2,5,267563
DPSO,wt_sds_113,0.9,0.75,0.75,2,6,267563
DPSO,wt_sds_113,0.9,0.75,0.75,2,7,267563
DPSO,wt_sds_113,0.9,0.75,0.75,2,8,267563
DPSO,wt_sds_113,0.9,0.75,0.75,2,9,267563
DPSO,wt_sds_113,0.9,0.75,0.75,2,10,267563
DPSO,wt_sds_113,0.9,0.75,0.75,3,0,269459
DPSO,wt_sds_113,0.9,0.75,0.75,3,1,267486
DPSO,wt_sds_113,0.9,0.75,0.75,3,2,267486
DPSO,wt_sds_113,0.9,0.75,0.75,3,3,267486
DPSO,wt_sds_113,0.9,0.75,0.75,3,4,267486
DPSO,wt_sds_113,0.9,0.75,0.75,3,5,267486
DPSO,wt_sds_113,0.9,0.75,0.75,3,6,267486
DPSO,wt_sds_113,0.9,0.75,0.75,3,7,267486
DPSO,wt_sds_113,0.9,0.75,0.75,3,8,267486
DPSO,wt_sds_113,0.9,0.75,0.75,3,9,267486
DPSO,wt_sds_113,0.9,0.75,0.75,3,10,267486
DPSO,wt_sds_113,0.9,0.75,0.75,4,0,269459
DPSO,wt_sds_113,0.9,0.75,0.75,4,1,267632
DPSO,wt_sds_113,0.9,0.75,0.75,4,2,267563
DPSO,wt_sds_113,0.9,0.75,0.75,4,3,267563
DPSO,wt_sds_113,0.9,0.75,0.75,4,4,267563
DPSO,wt_sds_113,0.9,0.75,0.75,4,5,267563
DPSO,wt_sds_113,0.9,0.75,0.75,4,6,267563
DPSO,wt_sds_113,0.9,0.75,0.75,4,7,267563
DPSO,wt_sds_113,0.9,0.75,0.75,4,8,267563
DPSO,wt_sds_113,0.9,0.75,0.75,4,9,267563
DPSO,wt_sds_113,0.9,0.75,0.75,4,10,267563
DPSO,wt_sds_114,0.9,0.75,0.75,0,0,494861
DPSO,wt_sds_114,0.9,0.75,0.75,0,1,494861
DPSO,wt_sds_114,0.9,0.75,0.75,0,2,494861
DPSO,wt_sds_114,0.9,0.75,0.75,0,3,494861
DPSO,wt_sds_114,0.9,0.75,0.75,0,4,494861
DPSO,wt_sds_114,0.9,0.75,0.75,0,5,494861
DPSO,wt_sds_114,0.9,0.75,0.75,0,6,494861
DPSO,wt_sds_114,0.9,0.75,0.75,0,7,494861
DPSO,wt_sds_114,0.9,0.75,0.75,0,8,494861
DPSO,wt_sds_114,0.9,0.75,0.75,0,9,494861
DPSO,wt_sds_114,0.9,0.75,0.75,0,10,494861
DPSO,wt_sds_114,0.9,0.75,0.75,1,0,494861
DPSO,wt_sds_114,0.9,0.75,0.75,1,1,494861
DPSO,wt_sds_114,0.9,0.75,0.75,1,2,494861
DPSO,wt_sds_114,0.9,0.75,0.75,1,3,494861
DPSO,wt_sds_114,0.9,0.75,0.75,1,4,494861
DPSO,wt_sds_114,0.9,0.75,0.75,1,5,494861
DPSO,wt_sds_114,0.9,0.75,0.75,1,6,494861
DPSO,wt_sds_114,0.9,0.75,0.75,1,7,494861
DPSO,wt_sds_114,0.9,0.75,0.75,1,8,494861
DPSO,wt_sds_114,0.9,0.75,0.75,1,9,494861
DPSO,wt_sds_114,0.9,0.75,0.75,1,10,494861
DPSO,wt_sds_114,0.9,0.75,0.75,2,0,494861
DPSO,wt_sds_114,0.9,0.75,0.75,2,1,494861
DPSO,wt_sds_114,0.9,0.75,0.75,2,2,494861
DPSO,wt_sds_114,0.9,0.75,0.75,2,3,494861
DPSO,wt_sds_114,0.9,0.75,0.75,2,4,494861
DPSO,wt_sds_114,0.9,0.75,0.75,2,5,494861
DPSO,wt_sds_114,0.9,0.75,0.75,2,6,494861
DPSO,wt_sds_114,0.9,0.75,0.75,2,7,494861
DPSO,wt_sds_114,0.9,0.75,0.75,2,8,494861
DPSO,wt_sds_114,0.9,0.75,0.75,2,9,494861
DPSO,wt_sds_114,0.9,0.75,0.75,2,10,494861
DPSO,wt_sds_114,0.9,0.75,0.75,3,0,494861
DPSO,wt_sds_114,0.9,0.75,0.75,3,1,494861
DPSO,wt_sds_114,0.9,0.75,0.75,3,2,494861
DPSO,wt_sds_114,0.9,0.75,0.75,3,3,494861
DPSO,wt_sds_114,0.9,0.75,0.75,3,4,494861
DPSO,wt_sds_114,0.9,0.75,0.75,3,5,494861
DPSO,wt_sds_114,0.9,0.75,0.75,3,6,494861
DPSO,wt_sds_114,0.9,0.75,0.75,3,7,494861
DPSO,wt_sds_114,0.9,0.75,0.75,3,8,494861
DPSO,wt_sds_114,0.9,0.75,0.75,3,9,494861
DPSO,wt_sds_114,0.9,0.75,0.75,3,10,494861
DPSO,wt_sds_114,0.9,0.75,0.75,4,0,494861
DPSO,wt_sds_114,0.9,0.75,0.75,4,1,494861
DPSO,wt_sds_114,0.9,0.75,0.75,4,2,494861
DPSO,wt_sds_114,0.9,0.75,0.75,4,3,494861
DPSO,wt_sds_114,0.9,0.75,0.75,4,4,494861
DPSO,wt_sds_114,0.9,0.75,0.75,4,5,494861
DPSO,wt_sds_114,0.9,0.75,0.75,4,6,494861
DPSO,wt_sds_114,0.9,0.75,0.75,4,7,494861
DPSO,wt_sds_114,0.9,0.75,0.75,4,8,494861
DPSO,wt_sds_114,0.9,0.75,0.75,4,9,494861
DPSO,wt_sds_114,0.9,0.75,0.75,4,10,494861
DPSO,wt_sds_115,0.9,0.75,0.75,0,0,493200
DPSO,wt_sds_115,0.9,0.75,0.75,0,1,493189
DPSO,wt_sds_115,0.9,0.75,0.75,0,2,493189
DPSO,wt_sds_115,0.9,0.75,0.75,0,3,493189
DPSO,wt_sds_115,0.9,0.75,0.75,0,4,493189
DPSO,wt_sds_115,0.9,0.75,0.75,0,5,493189
DPSO,wt_sds_115,0.9,0.75,0.75,0,6,493189
DPSO,wt_sds_115,0.9,0.75,0.75,0,7,493189
DPSO,wt_sds_115,0.9,0.75,0.75,0,8,493189
DPSO,wt_sds_115,0.9,0.75,0.75,0,9,493189
DPSO,wt_sds_115,0.9,0.75,0.75,0,10,493189
DPSO,wt_sds_115,0.9,0.75,0.75,1,0,493200
DPSO,wt_sds_115,0.9,0.75,0.75,1,1,493189
DPSO,wt_sds_115,0.9,0.75,0.75,1,2,493189
DPSO,wt_sds_115,0.9,0.75,0.75,1,3,493189
DPSO,wt_sds_115,0.9,0.75,0.75,1,4,493189
DPSO,wt_sds_115,0.9,0.75,0.75,1,5,493189
DPSO,wt_sds_115,0.9,0.75,0.75,1,6,493189
DPSO,wt_sds_115,0.9,0.75,0.75,1,7,493189
DPSO,wt_sds_115,0.9,0.75,0.75,1,8,493189
DPSO,wt_sds_115,0.9,0.75,0.75,1,9,493189
DPSO,wt_sds_115,0.9,0.75,0.75,1,10,493189
DPSO,wt_sds_115,0.9,0.75,0.75,2,0,493200
DPSO,wt_sds_115,0.9,0.75,0.75,2,1,493189
DPSO,wt_sds_115,0.9,0.75,0.75,2,2,493189
DPSO,wt_sds_115,0.9,0.75,0.75,2,3,493189
DPSO,wt_sds_115,0.9,0.75,0.75,2,4,493189
DPSO,wt_sds_115,0.9,0.75,0.75,2,5,493189
DPSO,wt_sds_115,0.9,0.75,0.75,2,6,493189
DPSO,wt_sds_115,0.9,0.75,0.75,2,7,493189
DPSO,wt_sds_115,0.9,0.75,0.75,2,8,493189
DPSO,wt_sds_115,0.9,0.75,0.75,2,9,493189
DPSO,wt_sds_115,0.9,0.75,0.75,2,10,493189
DPSO,wt_sds_115,0.9,0.75,0.75,3,0,493200
DPSO,wt_sds_115,0.9,0.75,0.75,3,1,493189
DPSO,wt_sds_115,0.9,0.75,0.75,3,2,493189
DPSO,wt_sds_115,0.9,0.75,0.75,3,3,493189
DPSO,wt_sds_115,0.9,0.75,0.75,3,4,493189
DPSO,wt_sds_115,0.9,0.75,0.75,3,5,493189
DPSO,wt_sds_115,0.9,0.75,0.75,3,6,493189
DPSO,wt_sds_115,0.9,0.75,0.75,3,7,493189
DPSO,wt_sds_115,0.9,0.75,0.75,3,8,493189
DPSO,wt_sds_115,0.9,0.75,0.75,3,9,493189
DPSO,wt_sds_115,0.9,0.75,0.75,3,10,493189
DPSO,wt_sds_115,0.9,0.75,0.75,4,0,493200
DPSO,wt_sds_115,0.9,0.75,0.75,4,1,493189
DPSO,wt_sds_115,0.9,0.75,0.75,4,2,493189
DPSO,wt_sds_115,0.9,0.75,0.75,4,3,493189
DPSO,wt_sds_115,0.9,0.75,0.75,4,4,493189
DPSO,wt_sds_115,0.9,0.75,0.75,4,5,493189
DPSO,wt_sds_115,0.9,0.75,0.75,4,6,493189
DPSO,wt_sds_115,0.9,0.75,0.75,4,7,493189
DPSO,wt_sds_115,0.9,0.75,0.75,4,8,493189
DPSO,wt_sds_115,0.9,0.75,0.75,4,9,493189
DPSO,wt_sds_115,0.9,0.75,0.75,4,10,493189
ACO,wt_sds_1,0.3,0.25,0.25,0,0,2442
ACO,wt_sds_1,0.3,0.25,0.25,0,1,1318
ACO,wt_sds_1,0.3,0.25,0.25,0,2,1286
ACO,wt_sds_1,0.3,0.25,0.25,0,3,1286
ACO,wt_sds_1,0.3,0.25,0.25,0,4,1286
ACO,wt_sds_1,0.3,0.25,0.25,0,5,1286
ACO,wt_sds_1,0.3,0.25,0.25,0,6,1286
ACO,wt_sds_1,0.3,0.25,0.25,0,7,1286
ACO,wt_sds_1,0.3,0.25,0.25,0,8,1286
ACO,wt_sds_1,0.3,0.25,0.25,0,9,1286
ACO,wt_sds_1,0.3,0.25,0.25,0,10,1286
